cycle_number,cycle_normalized,lifecycle_stage,cycles_from_start,cycle_capacity_ah,avg_temp_c,avg_voltage_v,avg_current_a,internal_resistance,capacity_fade_rate,ir_growth_rate,ir_cumulative_growth,cap_normalized,arrhenius_factor,src_calce,src_nasa,src_stanford,chem_CS2,chem_CX2,chem_LFP,chem_NMC
725,0.8339100345924578,2,723,1.003959,34.594048244937376,3.8257,-0.05865,0.017163327,-0.0006106181818181,-4.7436000000001394e-05,0.0007869399999999,0.9230525232818249,3.258303842026506e-09,0,0,1,0,0,1,0
471,0.4510556621837711,1,470,0.805159,34.03493465930351,3.8675,-0.0284,0.098926,-0.0018362484848484,0.001337,0.068424,0.7953766624287882,3.144446448073661e-09,1,0,0,1,0,0,0
198,0.3038759689875368,0,196,1.071645,33.762980845945926,3.8257,-0.05865,0.01671109,-1.1787878787911277e-05,-9.113199999999724e-05,0.000103155,0.9970469446483547,3.090368198314341e-09,0,0,1,0,0,1,0
725,0.72399999999276,2,724,1.024873,36.5878367992512,3.8257,-0.05865,0.015892642,-0.0001010545454545,7.258999999999044e-06,-2.6814000000000004e-05,0.9713257538421878,3.695069580276461e-09,0,0,1,0,0,1,0
391,0.5549215406482892,1,389,1.060234,34.2806153354898,3.8257,-0.05865,0.016615588,-0.0001805818181817,-3.0327999999999605e-05,0.000134904,0.9836727801735335,3.194029119521889e-09,0,0,1,0,0,1,0
600,0.4885620914992765,1,598,1.063948,32.29776246036294,3.8257,-0.05865,0.016777365,2.7606060606097072e-05,-6.505999999999873e-06,-1.0063000000001128e-05,0.9865831120985666,2.813119686097064e-09,0,0,1,0,0,1,0
408,0.4799528301830194,1,407,1.046593,37.022181663080296,3.8257,-0.05865,0.014886532,-7.972121212121685e-05,2.210999999998492e-06,-0.000227921,0.9880425844859474,3.796914094744375e-09,0,0,1,0,0,1,0
569,0.6167209554764742,1,568,1.029733,37.807152200572204,3.8257,-0.05865,0.015169405,-8.133333333332981e-05,-2.8245999999999133e-05,-0.0001137329999999,0.9738569818115788,3.987377865307118e-09,0,0,1,0,0,1,0
328,0.661943319824657,2,327,1.027947,32.87490263189276,3.8257,-0.05865,0.017733715,-0.0003782363636363,-0.0001493459999999,8.24980000000003e-05,0.9675924531427668,2.9195398267043903e-09,0,0,1,0,0,1,0
1697,0.9775216138272188,2,1696,1.303017,34.03493465930351,3.8215,-0.0633,0.085752,-0.0034356303030303,0.0003589999999999,0.0495619999999999,1.0301490573824277,3.144446448073661e-09,1,0,0,0,1,0,0
753,0.7251687560200081,2,752,1.037542,34.30302499001376,3.8257,-0.05865,0.01606071,-0.0001594545454545,-2.9750000000022814e-06,0.0001232979999999,0.9711466460994712,3.1985865262058254e-09,0,0,1,0,0,1,0
614,0.5974658869337479,1,613,1.047529,37.98219393455582,3.8257,-0.05865,0.015655305,-4.910303030302238e-05,-1.195999999999836e-05,-6.114299999999961e-05,0.9781132787223532,4.031000142715185e-09,0,0,1,0,0,1,0
187,0.3444444444380658,1,186,1.070458,33.40205926035498,3.8257,-0.05865,0.017147746,5.001212121216349e-05,9.971499999999676e-05,-0.000161309,1.0020988264545745,3.019888578992769e-09,0,0,1,0,0,1,0
385,0.7124304267029233,2,384,1.026443,32.32237926628068,3.8257,-0.05865,0.017894505,-0.000452109090909,2.6374000000002618e-05,0.0004625749999999,0.9541854020583288,2.8175866823030322e-09,0,0,1,0,0,1,0
329,0.4491758241696542,1,327,1.065423,33.477619328703696,3.8257,-0.05865,0.016481297,-0.0001104909090909,1.4890000000000042e-05,0.0002418349999999,0.9884824885395472,3.0345230801227115e-09,0,0,1,0,0,1,0
808,0.9404900816693058,2,806,0.922738,35.63567771561529,3.8257,-0.05865,0.018489689,-0.0007541636363636,2.769400000000172e-05,0.0017476119999999,0.8561723148639571,3.4803336570292812e-09,0,0,1,0,0,1,0
420,0.3977164605100122,1,418,1.075007,34.64686629011192,3.8257,-0.05865,0.016799618,-2.658181818176824e-05,4.415399999999764e-05,-0.0001786089999999,0.9926434060282148,3.2692486569542154e-09,0,0,1,0,0,1,0
904,0.5311764705851107,1,903,1.057975,34.03493465930351,3.8242,-0.0411,0.100206,0.0003410484848485,-0.0005,0.045416,0.8310337974821753,3.144446448073661e-09,1,0,0,0,1,0,0
1206,0.6570338058851852,1,1205,1.027673,34.25589837696241,3.8257,-0.05865,0.015561207,-2.5212121212063897e-05,-1.514999999998809e-06,-3.969999999998974e-06,0.963622008703488,3.1890092425702274e-09,0,0,1,0,0,1,0
250,0.2380497131908408,0,249,1.068125,32.953370914214766,3.8257,-0.05865,0.015102199,-6.976969696972988e-05,-5.543000000000214e-06,-0.000195307,0.9966260505103378,2.934284597560623e-09,0,0,1,0,0,1,0
235,0.2304648862489568,0,233,1.076998,32.13512225069134,3.8257,-0.05865,0.017059069,-7.606060606062761e-05,4.884800000000064e-05,0.000121254,0.9978736080007928,2.783766327093549e-09,0,0,1,0,0,1,0
733,0.6576819406948996,1,732,1.031388,38.22279374386101,3.8257,-0.05865,0.01509803,-0.0001039333333333,6.41000000000877e-07,0.0001494579999999,0.9709246390291018,4.0916583785004805e-09,0,0,1,0,0,1,0
124,0.1986970684006727,0,122,1.074064,33.969279845149224,3.8257,-0.05865,0.016402088,-2.751515151518036e-05,9.6449999999991e-06,0.0001417339999999,1.001037326028868,3.131313710221817e-09,0,0,1,0,0,1,0
737,0.903067484651496,2,736,0.962393,36.59751474767282,3.8257,-0.05865,0.016091399,-0.0007541393939393,1.6474999999998435e-05,0.000466008,0.9016869275993724,3.697311889775459e-09,0,0,1,0,0,1,0
698,0.8121353558831723,2,696,1.000741,35.12117525392155,3.8257,-0.05865,0.017750073,-0.0006393939393939,-2.533799999999975e-05,0.001007996,0.9285482320542466,3.369022451126606e-09,0,0,1,0,0,1,0
209,0.1271393643024013,0,208,1.058409,35.623547415260546,3.8257,-0.05865,0.015294355,-7.558181818179108e-05,-1.742699999999868e-05,-0.0001732309999999,0.9979793541476514,3.477671773497644e-09,0,0,1,0,0,1,0
802,0.7001748251687049,2,801,1.025391,37.485686745284006,3.8257,-0.05865,0.015080974,-9.0648484848476e-05,5.566999999999725e-06,-5.280499999999952e-05,0.9605833248240928,3.908366244758042e-09,0,0,1,0,0,1,0
486,0.641909814315094,1,484,1.060999,36.71443941312384,3.8257,-0.05865,0.016428892,-0.000206909090909,-8.933399999999994e-05,-0.0001629359999999,0.9711741332422876,3.724499091036673e-09,0,0,1,0,0,1,0
1131,0.628126737072662,1,1130,1.028556,33.3356897001106,3.8257,-0.05865,0.015763165,-5.813939393937824e-05,8.002999999999483e-06,-1.4943999999999374e-05,0.9623447560913996,3.007086419718442e-09,0,0,1,0,0,1,0
189,0.3521657250404488,1,187,1.038602,32.592701942156786,3.8257,-0.05865,0.015295508,-0.0002716484848484,-1.5320000000000958e-05,-0.000445229,0.9682761063926985,2.867060677551702e-09,0,0,1,0,0,1,0
119,0.2226415094297614,0,118,1.08478,33.01985330287644,3.8257,-0.05865,0.017378081,-0.0001200242424242,9.102399999999858e-05,-0.0002958919999999,1.005656924494613,2.946829434095798e-09,0,0,1,0,0,1,0
621,0.8842857142730817,2,619,0.96722,33.045201017257895,3.8257,-0.05865,0.018216968,-0.0009201393939394,-1.445400000000055e-05,0.0011579289999999,0.903314137993511,2.9516250691461422e-09,0,0,1,0,0,1,0
167,0.3173996175847533,0,166,1.065739,29.88744380745876,3.8257,-0.05865,0.0169545,-0.0001051939393939,-0.000232276,-0.000482315,1.0016541679863982,2.4053385669875235e-09,0,0,1,0,0,1,0
417,0.2294539437383924,0,416,1.210618,34.03493465930351,3.8229,-0.0387,0.095224,-0.0025479696969696,0.002914,0.041622,0.9245134463311352,3.144446448073661e-09,1,0,0,0,1,0,0
108,0.0928013876834969,0,107,1.070536,35.17523661363234,3.8257,-0.05865,0.015523797,-4.5321212121219856e-05,6.579000000001348e-06,-8.092899999999868e-05,0.999915937031232,3.3805663324244867e-09,0,0,1,0,0,1,0
5,0.0042796005705523,0,3,1.080498,31.893971611555504,3.8257,-0.05865,0.0164144,0.0008788999999999,-2.0769999999996347e-06,-6.628399999999979e-05,1.0024734838082374,2.7407497565022277e-09,0,0,1,0,0,1,0
565,0.6340090090018693,1,563,1.057449,34.60258957022478,3.8257,-0.05865,0.016779244,7.148484848484862e-05,-1.3491000000000891e-05,4.624999999999768e-05,0.9797508394298547,3.260071520312332e-09,0,0,1,0,0,1,0
665,0.4783861671435275,1,664,1.025143,36.88645238790013,3.8257,-0.05865,0.014766926,-3.606666666664938e-05,2.471700000000049e-05,-0.000204782,0.9773142194160002,3.764821355562679e-09,0,0,1,0,0,1,0
1185,0.7237163814136692,2,1184,1.012298,35.80910407123862,3.8257,-0.05865,0.015388426,-8.377575757576687e-05,1.1809999999994047e-06,-7.916e-05,0.9545010522822076,3.5185909228983022e-09,0,0,1,0,0,1,0
603,0.6768018017941801,2,601,1.051917,33.62107066277942,3.8257,-0.05865,0.017132321,-0.0001910363636363,-8.433000000002133e-06,0.0003993269999999,0.9746253140913032,3.0624821312823112e-09,0,0,1,0,0,1,0
816,0.9702026221576852,2,814,0.911114,35.983963315206424,3.8257,-0.05865,0.018082764,-0.001016006060606,7.910800000000134e-05,0.001908163,0.8443699341826021,3.557545877170691e-09,0,0,1,0,0,1,0
751,0.8194748358772487,2,749,0.999758,34.507921692697686,3.8257,-0.05865,0.017425368,-0.0004997575757575,1.313400000000145e-05,0.000799032,0.9261700822823392,3.24052745625343e-09,0,0,1,0,0,1,0
1040,0.9691876750609788,2,1038,0.914442,30.164708323093205,3.8257,-0.05865,0.018415891,-0.001034503030303,-6.706399999999862e-05,0.0019783119999999,0.8497528637419188,2.4493723481350362e-09,0,0,1,0,0,1,0
9,0.0069238377843034,0,7,1.082544,31.846492294117667,3.8257,-0.05865,0.016796205,0.0004103214285714,-1.5105999999997372e-05,-0.0001416099999999,1.0030121570324275,2.732351091213384e-09,0,0,1,0,0,1,0
493,0.4685114503772089,1,491,1.061956,33.49949053750007,3.8257,-0.05865,0.017227754,-0.0003469575757575,-0.0010160509999999,0.000370881,0.984239467413558,3.038770972398102e-09,0,0,1,0,0,1,0
3,0.0024301336573216,0,2,1.047224,34.61900583420543,3.8257,-0.05865,0.015731094,0.0010355,-2.0097999999999644e-05,-4.0392000000000206e-05,1.0019815280633553,3.263471381624206e-09,0,0,1,0,0,1,0
737,0.6433566433510197,1,736,1.031552,37.20347013588416,3.8257,-0.05865,0.015099165,-8.210303030305458e-05,-1.2395000000000114e-05,-3.461400000000052e-05,0.9663549318152224,3.840161812423994e-09,0,0,1,0,0,1,0
498,0.9822134387157664,2,497,0.843757,33.72865947493408,3.8257,-0.05865,0.020609731,-0.0019821939393939,6.277099999999966e-05,0.0033809019999999,0.7928556662281525,3.083603053462073e-09,0,0,1,0,0,1,0
302,0.4651162790625563,1,300,1.062997,33.46408581894148,3.8257,-0.05865,0.016961195,-9.753333333328802e-05,3.012099999999754e-05,0.0003532599999999,0.9890009387627126,3.031897232469478e-09,0,0,1,0,0,1,0
448,0.9351464434950806,2,447,0.897979,35.02038690524975,3.8257,-0.05865,0.020272613,-0.0020732484848484,4.832899999999973e-05,0.0024742689999999,0.8420050315196671,3.347595239834261e-09,0,0,1,0,0,1,0
446,0.8953722333823869,2,445,0.923547,33.084742085651555,3.8257,-0.05865,0.019975536,-0.0015415272727272,-0.000137843,0.0019065069999999,0.8604060984642043,2.9591199985185675e-09,0,0,1,0,0,1,0
519,0.4791859389409881,1,518,0.851141,34.03493465930351,3.8766,-0.0292,0.034105,-0.0012979696969696,-0.06419,0.00219,0.8427055177671507,3.144446448073661e-09,1,0,0,1,0,0,0
720,0.6651248843601747,2,719,0.46717,34.03493465930351,3.8562,-0.0745,0.115612,0.000312206060606,0.001449,0.083697,0.4625399748517341,3.144446448073661e-09,1,0,0,1,0,0,0
533,0.4921369102637176,1,532,0.830118,34.03493465930351,3.8668,-0.0187,0.098105,-0.000288806060606,-0.000117,0.06619,0.8218908723676003,3.144446448073661e-09,1,0,0,1,0,0,0
437,0.4733984799079978,1,436,1.040077,37.63929269128358,3.8257,-0.05865,0.015150823,-7.547878787874956e-05,1.7790000000000167e-05,-0.0001323149999999,0.9836396891928696,3.9459435240254224e-09,0,0,1,0,0,1,0
334,0.1722710812200089,0,333,1.06447,35.9609193499897,3.8257,-0.05865,0.015833616,-4.695151515148903e-05,-4.929000000000738e-06,-0.000176188,0.995613378727225,3.552390128404634e-09,0,0,1,0,0,1,0
862,0.6557501903986616,1,861,1.028542,36.21781141781486,3.8257,-0.05865,0.015788386,-4.059999999997773e-05,1.2923000000001487e-05,0.000219713,0.9654879152320268,3.610246968852311e-09,0,0,1,0,0,1,0
2175,0.972271914128031,2,2174,0.98222,36.8591242528809,3.8257,-0.05865,0.015711632,-0.0001305393939393,6.661599999999851e-05,0.0001136279999999,0.9166262271827988,3.7583892100659506e-09,0,0,1,0,0,1,0
460,0.8676748582066602,2,459,0.940573,35.16135587100335,3.8257,-0.05865,0.0188962,-0.0013641272727272,-0.000116845,0.001391448,0.87612849259843,3.3775989543937693e-09,0,0,1,0,0,1,0
209,0.4236252545738569,1,208,1.072997,33.929949259420404,3.8257,-0.05865,0.017353149,-9.524848484843708e-05,3.730899999999926e-05,-4.852200000000223e-05,0.9985036362198204,3.1234701372726403e-09,0,0,1,0,0,1,0
102,0.1311688311671277,0,101,1.053544,35.12435938596288,3.8257,-0.05865,0.01417062,-0.0001897333333332,-1.9691999999999973e-05,0.000232651,0.9865761944939456,3.369701386431441e-09,0,0,1,0,0,1,0
342,0.3958090803213526,1,340,1.075672,32.87902970548605,3.8257,-0.05865,0.016876038,-1.6563636363610594e-05,4.405299999999876e-05,4.518799999999809e-05,0.9949184491558188,2.9203136730888635e-09,0,0,1,0,0,1,0
296,0.2820267686397512,0,295,1.065842,32.95992214014142,3.8257,-0.05865,0.015116366,-7.296969696968635e-05,2.849999999991748e-07,-0.00018114,0.9944958716704876,2.935518641386103e-09,0,0,1,0,0,1,0
489,0.7382753403821743,2,488,0.935803,32.56734768987339,3.8257,-0.05865,0.017347693,-0.0003115999999999,-0.0002742859999999,0.000248232,0.9157257137265457,2.862387445908328e-09,0,0,1,0,0,1,0
598,0.2961309523794835,0,597,1.207875,34.03493465930351,3.8273,-0.0208,0.073275,-0.0004542363636363,0.000167,0.020063,1.1176049320346308,3.144446448073661e-09,1,0,0,0,1,0,0
465,0.8957528957356032,2,464,0.928469,33.088969454732485,3.8257,-0.05865,0.019398967,-0.0016643818181817,-3.9200999999999125e-05,0.0016393069999999,0.8681239668185116,2.9599222983145113e-09,0,0,1,0,0,1,0
296,0.5935613681973126,1,295,1.036998,32.26319110867666,3.8257,-0.05865,0.017784065,-0.000315806060606,-8.578199999999953e-05,-0.0002849639999999,0.966100700121578,2.8068570677035567e-09,0,0,1,0,0,1,0
384,0.7092592592461249,2,383,1.027197,33.80996284954416,3.8257,-0.05865,0.017530123,-0.0004584666666666,0.000202067,0.000221068,0.9616004628277426,3.0996505104329303e-09,0,0,1,0,0,1,0
53,0.0831973898844502,0,51,1.087586,33.49922047537879,3.8257,-0.05865,0.017218202,1.6636363636379862e-05,-2.775400000000136e-05,-0.000218196,1.0025977904952947,3.038718487571719e-09,0,0,1,0,0,1,0
1027,0.9752616555568482,2,1025,0.907239,31.644735423312905,3.8257,-0.05865,0.019712809,-0.0009327999999999,-0.000193175,0.002734582,0.8377292529645217,2.6969194448099484e-09,0,0,1,0,0,1,0
766,0.76499999999235,2,765,1.020343,36.521058356176695,3.8257,-0.05865,0.015892286,-0.0001208727272727,-1.700200000000207e-05,-2.716999999999997e-05,0.9670324358750786,3.6796307234401742e-09,0,0,1,0,0,1,0
775,0.9847133757836342,2,773,0.892969,34.04396875049501,3.8257,-0.05865,0.019887241,-0.0009647818181817,4.697399999999824e-05,0.0034375139999999,0.8229256806882219,3.146257375672591e-09,0,0,1,0,0,1,0
845,0.6671936758840539,2,844,1.023191,38.73447853635595,3.8257,-0.05865,0.014938042,-0.0001036727272726,2.3310999999999815e-05,2.3923000000000347e-05,0.9652745283018868,4.223388914613314e-09,0,0,1,0,0,1,0
1139,0.8667174409682658,2,1138,0.970774,36.37924855056242,3.8257,-0.05865,0.016044065,-0.0004931393939393,-5.460000000005738e-07,0.0004753919999999,0.9112613441370948,3.647036731522251e-09,0,0,1,0,0,1,0
139,0.1300659754935903,0,138,1.065497,35.0501960811132,3.8257,-0.05865,0.015064336,-4.016969696963668e-05,2.5369999999986376e-06,-0.000103962,1.0011961767447453,3.3539197807981203e-09,0,0,1,0,0,1,0
361,0.6857142857012245,2,360,1.042314,33.86344020941963,3.8257,-0.05865,0.017694311,-0.0003408606060605,-0.0001000779999999,-8.570999999999926e-05,0.9787445419972768,3.1102465801448544e-09,0,0,1,0,0,1,0
925,0.5038167938903827,1,924,1.042038,33.03758333824353,3.8257,-0.05865,0.015762836,-3.835757575759639e-05,-1.7082000000001596e-05,0.0001976589999999,0.9770916923042302,2.950183113890761e-09,0,0,1,0,0,1,0
163,0.1498612395915831,0,162,0.970183,34.03493465930351,3.8619,-0.0138,0.093359,-0.0002021818181817,0.000183,0.061444,0.9605677171513152,3.144446448073661e-09,1,0,0,1,0,0,0
889,0.7701647875041617,2,888,1.017896,36.45770391460972,3.8257,-0.05865,0.015776176,-0.0001820606060605,-8.588999999999819e-06,0.00017145,0.9507484406319292,3.665036995030899e-09,0,0,1,0,0,1,0
1176,0.8948971820190793,2,1175,0.952509,36.58414402523965,3.8257,-0.05865,0.016088458,-0.000482303030303,-3.085999999999367e-06,0.000519785,0.8941160678414131,3.6942143132563294e-09,0,0,1,0,0,1,0
829,0.7931034482682654,2,828,1.026932,36.2700450606046,3.8257,-0.05865,0.015737444,-0.0001777454545454,2.726200000000012e-05,-0.0003083,0.9604972843344398,3.6221138454973883e-09,0,0,1,0,0,1,0
586,0.6898584905579026,2,585,1.028533,37.36078382709555,3.8257,-0.05865,0.014895687,-0.0001292606060606,-1.4949000000000212e-05,-0.000218766,0.9709929299633046,3.878047597070567e-09,0,0,1,0,0,1,0
1995,0.8917710196740082,2,1994,1.001382,35.79987418509129,3.8257,-0.05865,0.01588393,-5.254545454541542e-05,-0.000124795,0.000285926,0.9345085669491208,3.516545374232765e-09,0,0,1,0,0,1,0
172,0.0884635281940586,0,171,1.069297,35.07784983283776,3.8257,-0.05865,0.015889132,-5.44787878788083e-05,-3.0228999999999676e-05,-0.0001206719999999,1.0001281379774776,3.3597965974300566e-09,0,0,1,0,0,1,0
767,0.6255110384249755,1,765,1.057327,32.2255845971563,3.8257,-0.05865,0.01622388,3.0169696969690812e-05,-5.749999999998812e-06,-0.0001458239999999,0.9792576429324928,2.800058854725006e-09,0,0,1,0,0,1,0
555,0.6305587229118522,1,553,1.047352,33.91216242049808,3.8257,-0.05865,0.017370146,-0.0001036848484848,-3.0386999999999772e-05,0.0002489599999999,0.9779507472692875,3.1199287613253037e-09,0,0,1,0,0,1,0
711,0.678776290624486,2,710,1.036505,33.2971599440721,3.8257,-0.05865,0.015115359,-0.0001426181818181,-1.330400000000044e-05,-0.000182147,0.9671226537008476,2.999676717889176e-09,0,0,1,0,0,1,0
926,0.855689176680336,2,925,1.0397,34.03493465930351,3.8429,-0.0404,0.156704,0.0004217636363636,0.001013,0.124789,1.029395748556945,3.144446448073661e-09,1,0,0,1,0,0,0
641,0.6844919786023049,2,640,0.407359,34.03493465930351,3.8421,-0.0862,0.119619,-0.0098163272727272,0.000223,0.088396,0.3911061911217448,3.144446448073661e-09,1,0,0,1,0,0,0
132,0.1200733272216308,0,131,1.062332,36.23277727075887,3.8257,-0.05865,0.015326795,-3.355151515148101e-05,-1.5711999999999324e-05,-0.0001764119999999,0.9997336758844924,3.6136434665278894e-09,0,0,1,0,0,1,0
648,0.6635897435829375,2,647,0.33685,34.03493465930351,3.8499,-0.0882,0.117626,-0.0015039393939393,-0.000481,0.087181,0.3219058431381543,3.144446448073661e-09,1,0,0,1,0,0,0
338,0.3737486095620272,1,336,1.074269,35.55257432566693,3.8257,-0.05865,0.016312413,7.509696969696202e-05,-8.558099999999777e-05,-0.0002394649999999,0.9969403266250048,3.4621339584012003e-09,0,0,1,0,0,1,0
67,0.1317365269434783,0,66,1.081546,31.953558188823028,3.8257,-0.05865,0.018195128,2.1315151515153243e-05,-1.8792000000000118e-05,-0.0001422969999999,1.0096234540069098,2.7513229078052503e-09,0,0,1,0,0,1,0
1613,0.8186896901939122,2,1612,0.604778,34.03493465930351,3.8024,-0.1238,0.099612,-0.0006385212121211,0.002212,0.062034,0.4936987446469126,3.144446448073661e-09,1,0,0,0,1,0,0
952,0.9865005192005556,2,950,0.893421,31.348641554945008,3.8257,-0.05865,0.020678308,-0.0010704424242424,0.000251444,0.0039218399999999,0.8247193998355031,2.645668141981021e-09,0,0,1,0,0,1,0
858,0.472697186980294,1,857,1.076192,34.03493465930351,3.8171,-0.0473,0.09772,-0.0015849151515151,0.000407,0.044118,0.8218562542717828,3.144446448073661e-09,1,0,0,0,1,0,0
129,0.2281639928658081,0,128,1.068312,32.51785604303606,3.8257,-0.05865,0.017056854,-9.112121212123602e-05,-6.397099999999947e-05,-0.0007858469999999,0.997122443169886,2.8532849812068612e-09,0,0,1,0,0,1,0
233,0.2569521690738937,0,231,1.077832,34.09971235911593,3.8257,-0.05865,0.016538028,-5.579393939395679e-05,-3.891599999999995e-05,-1.384999999999928e-05,1.0002468526289805,3.157452183349879e-09,0,0,1,0,0,1,0
81,0.1085164835149929,0,79,1.080103,32.98029701895742,3.8257,-0.05865,0.016245294,-3.286060606056703e-05,1.253300000000207e-05,5.832000000000753e-06,1.0021023587054445,2.939359604280592e-09,0,0,1,0,0,1,0
1656,0.8405281868926332,2,1655,0.659303,34.03493465930351,3.8023,-0.1195,0.097744,0.0094342363636363,-0.000113,0.060166,0.5382091667387758,3.144446448073661e-09,1,0,0,0,1,0,0
781,0.6364379084915325,1,779,1.056052,32.51914131618336,3.8257,-0.05865,0.016825464,-5.251515151517192e-05,-9.410000000001362e-06,3.803599999999824e-05,0.9792612690638224,2.8535210383600172e-09,0,0,1,0,0,1,0
381,0.4828025477645503,1,379,1.067374,36.17470693289227,3.8257,-0.05865,0.016089579,2.672727272726384e-05,-4.747999999998864e-06,-0.000360148,0.9836505808140152,3.600480411068055e-09,0,0,1,0,0,1,0
467,0.4271310724067174,1,466,1.046458,37.51661504070448,3.8257,-0.05865,0.015343095,-4.781212121215983e-05,1.567199999999956e-05,-0.000160112,0.984795057476132,3.9159064624633405e-09,0,0,1,0,0,1,0
605,0.6955017300957843,2,603,1.048958,33.88383156072114,3.8257,-0.05865,0.01699762,-0.0001888727272727,-8.56099999999721e-06,0.000621233,0.964425169470722,3.1142955050416854e-09,0,0,1,0,0,1,0
334,0.6823770491663447,2,333,0.980212,32.4034414646534,3.8257,-0.05865,0.017856114,-0.0002871818181818,0.0001176189999999,-8.008999999999794e-06,0.9376196880506128,2.8323414090864667e-09,0,0,1,0,0,1,0
705,0.8260869565120319,2,703,0.989438,35.187901968316815,3.8257,-0.05865,0.017884986,-0.0005008363636363,3.455299999999967e-05,0.001185709,0.9202062804875214,3.383275930069761e-09,0,0,1,0,0,1,0
1467,0.7271825396789326,2,1466,0.953298,34.03493465930351,3.7863,-0.0595,0.078413,0.0110421454545454,-0.0003299999999999,0.0252009999999999,0.8820536450367377,3.144446448073661e-09,1,0,0,0,1,0,0
1366,0.7442748091562472,2,1365,1.015346,34.318460777887005,3.8257,-0.05865,0.015565699,-0.0001178424242423,1.3242000000000116e-05,5.220000000010633e-07,0.9520633042310654,3.201729066103713e-09,0,0,1,0,0,1,0
1282,0.6354166666635148,1,1281,1.179505,34.03493465930351,3.8254,-0.0241,0.082827,-0.0036106363636363,0.0041899999999999,0.0296149999999999,1.091355152941743,3.144446448073661e-09,1,0,0,0,1,0,0
185,0.3650793650721214,1,184,1.056919,33.80438163578281,3.8257,-0.05865,0.01708978,-0.0002047090909091,-8.489400000000202e-05,-0.000657598,0.9895846890059669,3.098546512026246e-09,0,0,1,0,0,1,0
613,0.7282479141748719,2,611,1.037529,35.05989529490878,3.8257,-0.05865,0.016894732,-0.0002772484848484,6.85899999999795e-06,0.0007201309999999,0.9615243465060804,3.355979950752142e-09,0,0,1,0,0,1,0
329,0.3771626297534353,1,327,1.083203,32.25094046717411,3.8257,-0.05865,0.016314832,-6.506666666667282e-05,2.2250000000015317e-06,3.661000000002024e-06,0.9902538158308528,2.8046408651886062e-09,0,0,1,0,0,1,0
303,0.30199999999698,0,302,1.050327,36.01910350627296,3.8257,-0.05865,0.015662391,-3.370909090904016e-05,-1.0368999999999656e-05,-0.0002570649999999,0.9954498411567126,3.565420903972217e-09,0,0,1,0,0,1,0
289,0.4429012345610663,1,287,1.057485,34.35552777520812,3.8257,-0.05865,0.016302628,-3.096363636356069e-05,3.1558000000000974e-05,0.000191176,0.9899329644396058,3.2092867816747867e-09,0,0,1,0,0,1,0
34,0.7173913041918715,2,33,1.7268942069037494,46.477279245422224,3.6223530356435982,-0.9549687460528704,0.016776592,-0.0005905183228441,1.2765000000003121e-06,3.811000000000092e-05,2.564201276966849,6.737906477127877e-09,0,1,0,0,0,0,1
279,0.1438178996371246,0,278,1.066394,35.95484141793043,3.8257,-0.05865,0.015791442,-3.306060606053538e-05,-3.331600000000198e-05,-0.0002183619999999,0.9974129222941374,3.551031398114489e-09,0,0,1,0,0,1,0
952,0.5481268011495786,1,951,0.846855,34.03493465930351,3.8267,-0.0904,0.08726,-0.0022080909090908,-0.0010669999999999,0.05107,0.6695130454856658,3.144446448073661e-09,1,0,0,0,1,0,0
386,0.7142857142724622,2,385,1.02596,32.356127602779765,3.8257,-0.05865,0.017856551,-0.0004663757575757,-3.795400000000324e-05,0.0004246209999999,0.9537364033811552,2.82372105426904e-09,0,0,1,0,0,1,0
759,0.902264600704383,2,757,0.962267,35.681235398414344,3.8257,-0.05865,0.017325854,-0.0008558545454545,1.5227000000003071e-05,0.001151253,0.891775698163007,3.490347208840248e-09,0,0,1,0,0,1,0
16,0.0203488372090065,0,14,1.069948,31.36770139889496,3.8257,-0.05865,0.019886132,0.0001127878787878,0.0,0.0,1.0035435249538065,2.6489406841440507e-09,0,0,1,0,0,1,0
214,0.4226190476106623,1,213,1.050743,34.073161452380866,3.8257,-0.05865,0.017177839,-0.0002084909090908,-7.156499999999913e-05,-0.000569539,0.9838021502879564,3.1521155985676196e-09,0,0,1,0,0,1,0
259,0.2165122156679317,0,257,1.062722,32.14334312984665,3.8257,-0.05865,0.01660306,-0.0014279333333333,-2.358000000000915e-06,-0.000139294,0.9925589970570352,2.7852434044645316e-09,0,0,1,0,0,1,0
453,0.6075268817122644,1,452,1.004282,32.90016343758474,3.8257,-0.05865,0.017179228,-0.0001701818181818,2.834500000000253e-05,-0.0007544979999999,0.9672014315184456,2.92427923875334e-09,0,0,1,0,0,1,0
283,0.5674044265479395,1,282,1.041349,32.37851869104214,3.8257,-0.05865,0.017801926,-0.0002984606060605,7.546899999999815e-05,-0.000267103,0.9701542317062378,2.8277976590096134e-09,0,0,1,0,0,1,0
665,0.6557863501418815,1,663,1.046914,32.65207738260869,3.8257,-0.05865,0.017417198,-0.0001402545454545,-6.5470000000025785e-06,0.0004793829999999,0.969999805428183,2.878031438977352e-09,0,0,1,0,0,1,0
330,0.2789115646234786,0,328,1.074534,31.80550328044283,3.8257,-0.05865,0.017033005,-1.01575757575708e-05,-0.000110576,-5.826000000000442e-06,0.9992867113487294,2.725119110561406e-09,0,0,1,0,0,1,0
547,0.3146974063382438,0,546,1.032593,34.03493465930351,3.8236,-0.0799,0.081685,-0.0009041454545454,0.0007279999999999,0.0454949999999999,0.8163552015128684,3.144446448073661e-09,1,0,0,0,1,0,0
544,0.5191204588860505,1,543,1.052446,33.01726310571516,3.8257,-0.05865,0.01513476,-6.387272727269366e-05,-7.2989999999988064e-06,-0.000162746,0.9819965831296926,2.9463397787008887e-09,0,0,1,0,0,1,0
613,0.5147430497008025,1,611,1.057422,31.794542255792432,3.8257,-0.05865,0.016885154,-0.002618303030303,3.8097000000000825e-05,0.0001427999999999,0.9876089135127007,2.723188096784366e-09,0,0,1,0,0,1,0
1160,0.8350144092158861,2,1159,0.984475,36.28676556027209,3.8257,-0.05865,0.014885607,-0.0001625939393939,-1.071799999999984e-05,-8.610099999999989e-05,0.9385436140709802,3.62591993547513e-09,0,0,1,0,0,1,0
159,0.2082228116683259,0,157,1.090844,34.002133592911896,3.8257,-0.05865,0.016572446,-4.478181818181544e-05,-8.978999999999238e-06,-1.9381999999998345e-05,0.9984924360932949,3.137879179347407e-09,0,0,1,0,0,1,0
612,0.3521613832832728,1,611,1.034228,34.03493465930351,3.8269,-0.0804,0.08192,0.0015708848484848,0.000379,0.04573,0.8176478122069883,3.144446448073661e-09,1,0,0,0,1,0,0
347,0.4039812646322718,1,345,1.0694,36.0863368777046,3.8257,-0.05865,0.016239177,4.170909090907156e-05,-8.17239999999983e-05,-0.000539462,0.997526239398835,3.580531714368586e-09,0,0,1,0,0,1,0
292,0.2742695570190926,0,291,1.058631,36.12232140699543,3.8257,-0.05865,0.015001393,-5.107878787874504e-05,2.2799999999999904e-05,-0.000166905,0.9947445274679017,3.5886428789202598e-09,0,0,1,0,0,1,0
1355,0.6876587100015863,2,1354,0.861472,34.03493465930351,3.8204,-0.0886,0.085981,0.0014659333333333,-0.0010599999999999,0.048403,0.7032458934492741,3.144446448073661e-09,1,0,0,0,1,0,0
1130,0.6227247655784737,1,1129,1.009371,34.03493465930351,3.8166,-0.0464,0.099592,-0.0002893515151514,0.000641,0.04599,0.7708270171405879,3.144446448073661e-09,1,0,0,0,1,0,0
653,0.7893462469638094,2,652,1.021751,34.946463792912375,3.8257,-0.05865,0.015080215,-0.0002295757575757,1.0459999999993391e-06,-0.000405128,0.9605983485339784,3.331957312446528e-09,0,0,1,0,0,1,0
342,0.3260038240886616,0,341,1.063653,33.140125094038474,3.8257,-0.05865,0.015099015,-3.4478787878764215e-05,-1.7187000000000105e-05,-0.000198491,0.9924534005883884,2.969646473545381e-09,0,0,1,0,0,1,0
333,0.3043079743326828,0,332,1.053927,36.89516118052972,3.8257,-0.05865,0.01537329,-4.278787878788237e-05,-1.6056999999999877e-05,-0.000129917,0.991823943761381,3.766873192809542e-09,0,0,1,0,0,1,0
722,0.6132879045944354,1,720,1.065311,31.885287184066023,3.8257,-0.05865,0.017036248,-0.0001949575757575,3.314399999999884e-05,0.0001682679999999,0.9864703191526794,2.7392118279660396e-09,0,0,1,0,0,1,0
363,0.6908396946433045,2,362,1.022062,31.28889683272988,3.8257,-0.05865,0.01849721,-0.0004865818181818,0.0004051249999999,0.000773352,0.9597835640931252,2.6354336090649323e-09,0,0,1,0,0,1,0
1843,0.9402756508374668,2,1842,1.242874,34.03493465930351,3.8297,-0.0578,0.086496,-0.0010649999999999,-2.000000000002e-06,0.05034,1.003173675603862,3.144446448073661e-09,1,0,0,0,1,0,0
1198,0.9462450592810574,2,1197,0.915123,40.857892041230095,3.8257,-0.05865,0.015402332,-0.0005211939393939,-5.688000000000221e-06,0.0004882129999999,0.8633235849056603,4.811614364464822e-09,0,0,1,0,0,1,0
44,0.0484429065738357,0,42,1.09751,31.84486298768937,3.8257,-0.05865,0.016212987,-1.930303030298553e-05,-1.7999999999893104e-07,-9.818399999999768e-05,1.0033331383060418,2.7320632923889503e-09,0,0,1,0,0,1,0
152,0.1746216530829497,0,150,1.084661,32.562967030985966,3.8257,-0.05865,0.016851209,-3.698787878787378e-05,1.1497999999998676e-05,2.0358999999997573e-05,1.0032326210776144,2.861580707584977e-09,0,0,1,0,0,1,0
75,0.0758974358966574,0,74,1.01693,34.03493465930351,3.8592,-0.0193,0.088905,0.0049967333333333,-0.0023959999999999,0.05846,0.9718144843772696,3.144446448073661e-09,1,0,0,1,0,0,0
49,0.0447193149377286,0,47,1.088086,32.56552657219729,3.8257,-0.05865,0.016854454,-1.2121212121247977e-08,1.0438000000001502e-05,-0.0001237729999999,1.004720334929555,2.862052045653935e-09,0,0,1,0,0,1,0
373,0.5725308641886955,1,371,1.049765,36.62992342530918,3.8257,-0.05865,0.015976176,-4.370303030300972e-05,4.9310000000000326e-05,-0.0001352759999999,0.9827061172640206,3.704829632096464e-09,0,0,1,0,0,1,0
390,0.3495058400687376,1,389,1.052048,37.799662617899,3.8257,-0.05865,0.014996237,-1.9933333333319687e-05,1.0051999999999978e-05,4.766500000000056e-05,0.990373481794716,3.985520859734402e-09,0,0,1,0,0,1,0
776,0.7696127110151975,2,775,1.025828,33.73580049894794,3.8257,-0.05865,0.015197341,-0.0001263575757575,-2.234800000000016e-05,-0.000237501,0.9617982079051316,3.085009536463768e-09,0,0,1,0,0,1,0
424,0.6133720930143405,1,422,1.026771,34.10869534842521,3.8257,-0.05865,0.016156882,-0.0002034545454545,-5.162999999999002e-06,-0.00372925,0.9630462309012634,3.1592595499420274e-09,0,0,1,0,0,1,0
290,0.2284584980219094,0,289,1.053215,39.273960324560726,3.8257,-0.05865,0.014321717,-5.910909090909381e-05,-1.9546000000000494e-05,-0.000592402,0.9935990566037736,4.366380361064922e-09,0,0,1,0,0,1,0
192,0.2691218130273495,0,190,1.076554,33.87167080073119,3.8257,-0.05865,0.016261296,-6.77696969697054e-05,-5.818999999997188e-06,0.000188967,0.996934799196936,3.1118802844701004e-09,0,0,1,0,0,1,0
346,0.4100119189462454,1,344,1.070996,37.408325393320986,3.8257,-0.05865,0.015844233,0.0001335333333333,6.067999999997964e-06,-0.000330368,0.9925397063702568,3.889562776906514e-09,0,0,1,0,0,1,0
353,0.3566362715262752,1,352,1.054806,36.97159434181405,3.8257,-0.05865,0.015701221,-4.667272727272157e-05,-3.5669999999998064e-05,-9.667899999999882e-05,0.9950249037808468,3.784924321181021e-09,0,0,1,0,0,1,0
149,0.1745283018847343,0,148,1.060872,36.019867105789444,3.8257,-0.05865,0.014907987,2.3575757575673763e-06,-1.2494000000000048e-05,-0.000206466,1.0015227626104664,3.5655922024965967e-09,0,0,1,0,0,1,0
266,0.1211151736740351,0,265,1.062842,35.52020265406728,3.8257,-0.05865,0.015185427,-2.856969696967902e-05,-1.0875000000000468e-05,-0.0001722709999999,0.9979315427986613,3.455067684927915e-09,0,0,1,0,0,1,0
334,0.4475806451552744,1,333,1.021975,32.94030942937848,3.8257,-0.05865,0.017012374,-0.0001198727272727,2.297299999999905e-05,-0.000921352,0.9842411623190136,2.9318256173172396e-09,0,0,1,0,0,1,0
134,0.1631901840470774,0,133,1.066827,34.4481014693754,3.8257,-0.05865,0.015539095,-5.469696969698725e-05,1.692999999998793e-06,-8.62959999999996e-05,0.9995334129716814,3.2282319407722067e-09,0,0,1,0,0,1,0
484,0.5642523364420063,1,483,1.044511,32.40881179086295,3.8257,-0.05865,0.014574453,-0.0001492242424242,-2.5520000000011506e-06,-0.000417992,0.980577356365002,2.833321348846294e-09,0,0,1,0,0,1,0
23,0.0207351555134709,0,22,1.068358,34.74133539621375,3.8257,-0.05865,0.014943775,-4.3696969696611695e-06,4.139000000000226e-06,-0.000224523,1.003884520552064,3.2889066206101878e-09,0,0,1,0,0,1,0
1366,0.6967840735033345,2,1365,0.554309,34.03493465930351,3.8101,-0.1122,0.096451,-0.0044617999999999,-0.000403,0.0602949999999999,0.4474051246951028,3.144446448073661e-09,1,0,0,0,1,0,0
520,0.9885714285525986,2,519,0.838899,34.80394313281749,3.8257,-0.05865,0.021662671,-0.0020523636363636,2.4513999999999783e-05,0.00388265,0.7877355744401144,3.3019929811359292e-09,0,0,1,0,0,1,0
464,0.5408878504609709,1,463,1.046948,32.55274871409333,3.8257,-0.05865,0.014577395,-8.465454545451072e-05,5.579000000000348e-06,-0.00041505,0.9828651896357492,2.85969970509625e-09,0,0,1,0,0,1,0
62,0.0622448979585485,0,61,1.029977,31.309287997153685,3.8257,-0.05865,0.01723103,-0.0001445696969697,-0.0005711599999999,-4.416999999999616e-06,1.0053048093684789,2.638922698082586e-09,0,0,1,0,0,1,0
1625,0.7422303473457851,2,1624,1.011813,34.923083334758765,3.8257,-0.05865,0.0154953,-0.0001300121212121,-2.1761999999999823e-05,0.000137602,0.950019013281129,3.3270250029657352e-09,0,0,1,0,0,1,0
1884,0.8421288014273608,2,1883,1.007361,35.85884051016622,3.8257,-0.05865,0.015873864,-8.237575757571726e-05,3.3230000000029902e-06,0.00027586,0.9400882825040128,3.5296320154754836e-09,0,0,1,0,0,1,0
695,0.8515337423208401,2,694,0.989461,36.31261628764129,3.8257,-0.05865,0.015832007,-0.0004653999999999,-7.225000000003062e-06,0.0002066159999999,0.9270475253554448,3.631811402382047e-09,0,0,1,0,0,1,0
1321,0.5903398926628339,1,1320,1.031213,38.05379408139192,3.8257,-0.05865,0.015320138,-4.3369696969710696e-05,1.2631000000000794e-05,-0.0002778659999999,0.9623474187166372,4.048966619701845e-09,0,0,1,0,0,1,0
578,0.5729890764590567,1,577,1.046024,33.410489591088805,3.8257,-0.05865,0.015252485,-3.407878787874958e-05,9.921999999999017e-06,-0.000182357,0.9807336206710652,3.021518221154714e-09,0,0,1,0,0,1,0
964,0.9515331354999848,2,962,0.927248,33.67691282889338,3.8257,-0.05865,0.018394578,-0.0007547515151514,1.5573000000001364e-05,0.001456763,0.8591253718869667,3.073428320328456e-09,0,0,1,0,0,1,0
465,0.5303550973593315,1,463,1.074823,33.050643325863625,3.8257,-0.05865,0.016846757,-4.263636363635681e-05,-1.590599999999956e-05,-0.0001054969999999,0.9818972282186184,2.952655634806206e-09,0,0,1,0,0,1,0
542,0.3306845965749958,1,541,1.046224,35.969746768416215,3.8257,-0.05865,0.015352564,-2.8927272727236495e-05,-1.2971999999999984e-05,-0.0001150219999999,0.9864900542359074,3.5543643409431394e-09,0,0,1,0,0,1,0
545,0.6274509803849199,1,544,0.474901,34.03493465930351,3.8164,-0.0593,0.123841,-0.005208703030303,0.000549,0.077029,0.4377262248980807,3.144446448073661e-09,1,0,0,1,0,0,0
602,0.4750988142254933,1,601,1.038636,38.4005634097195,3.8257,-0.05865,0.014812019,-1.9090909090928816e-05,-3.069000000001376e-06,-0.0001021,0.9798452830188678,4.137000633040848e-09,0,0,1,0,0,1,0
811,0.9842041312152588,2,810,0.897868,37.68957026150103,3.8257,-0.05865,0.016702438,-0.0013726787878787,3.803900000000013e-05,0.0009309519999999,0.859078048859832,3.958313322129867e-09,0,0,1,0,0,1,0
430,0.3605728727855048,1,428,1.054874,33.035436925045694,3.8257,-0.05865,0.016457476,-0.001184909090909,-7.733000000002821e-06,-0.000284878,0.9852291374993112,2.949776932256172e-09,0,0,1,0,0,1,0
367,0.6984732824294184,2,366,1.020261,32.57392449963152,3.8257,-0.05865,0.018066024,-0.000499812121212,-0.0004421349999999,0.000342166,0.958092306420957,2.8635990090953074e-09,0,0,1,0,0,1,0
25,0.0119047619047028,0,24,1.110716,34.03493465930351,3.8239,-0.0247,0.082,0.0042191757575757,-0.000375,0.028788,1.0277070720809498,3.144446448073661e-09,1,0,0,0,1,0,0
766,0.604743082999172,1,765,1.029617,39.192251839584806,3.8257,-0.05865,0.014728648,-3.245454545447838e-05,-3.6801999999998974e-05,-0.0001854709999999,0.97133679245283,4.344448240385175e-09,0,0,1,0,0,1,0
262,0.2281468531448588,0,261,1.060375,36.56463246854813,3.8257,-0.05865,0.014981584,-6.646060606061112e-05,-2.5950000000010687e-06,-0.000152195,0.9933562349000016,3.6896982751891523e-09,0,0,1,0,0,1,0
168,0.3443298969001169,1,167,1.064488,33.79682232305058,3.8257,-0.05865,0.017131643,-0.0001472242424241,5.55869999999993e-05,-0.000428113,0.9994122694847688,3.097051796428711e-09,0,0,1,0,0,1,0
536,0.7639484978431481,2,534,1.0214,34.931284481880546,3.8257,-0.05865,0.017673708,-0.0005889151515151,2.30290000000008e-05,0.000905808,0.9458519659256228,3.328754359052332e-09,0,0,1,0,0,1,0
545,0.8180451127696534,2,544,0.937145,36.336122942424446,3.8257,-0.05865,0.015020714,-0.0003661818181818,7.713999999998944e-06,0.0015037179999999,0.8824133141875191,3.6371761004938174e-09,0,0,1,0,0,1,0
219,0.2570754716950816,0,218,1.057638,36.376138916522585,3.8257,-0.05865,0.014887006,-6.369696969699202e-06,-5.116000000001189e-06,-0.000227447,0.9984696849401328,3.646324915115218e-09,0,0,1,0,0,1,0
1009,0.7968379446577326,2,1008,1.000528,38.779407734026414,3.8257,-0.05865,0.015026456,-0.0002399030303029,-1.7510000000000095e-05,0.000112337,0.9438943396226416,4.235135263203713e-09,0,0,1,0,0,1,0
264,0.4934086628908962,1,262,1.01773,32.581372194251806,3.8257,-0.05865,0.015595813,-0.0002217818181818,3.110899999999965e-05,-0.000144924,0.9488173927635812,2.864971560685034e-09,0,0,1,0,0,1,0
1007,0.4499105545597052,1,1006,1.041215,37.0181768762809,3.8257,-0.05865,0.015461636,-4.125454545452594e-05,2.629200000000068e-05,-0.0001363679999999,0.9716814737392212,3.7959636744231814e-09,0,0,1,0,0,1,0
403,0.396636993072239,1,401,1.070754,34.69962486511632,3.8257,-0.05865,0.016601508,-9.665454545454016e-05,8.01420000000018e-05,-0.0003363069999999,0.9920883393110118,3.280214082556675e-09,0,0,1,0,0,1,0
280,0.342751842747632,1,279,1.057879,35.25636410589669,3.8257,-0.05865,0.014915224,-6.287878787873218e-05,-5.66400000000071e-06,-0.000343198,0.9940565906536716,3.3979563385715074e-09,0,0,1,0,0,1,0
866,0.5274390243870278,1,865,1.038413,34.09105269506802,3.8257,-0.05865,0.01606868,-7.217575757574715e-05,-3.514600000000326e-05,-0.000360796,0.9743833471112768,3.1557107482658997e-09,0,0,1,0,0,1,0
714,0.9259740259620004,2,713,0.928155,38.02818476923894,3.8257,-0.05865,0.015687916,-0.000476903030303,8.575000000000249e-06,0.001749947,0.8691574607235464,4.042532298087276e-09,0,0,1,0,0,1,0
589,0.5839126117121757,1,588,1.045246,33.544370017705575,3.8257,-0.05865,0.015247809,-6.540000000000003e-05,8.326999999998946e-06,-0.000187033,0.9800041816171982,3.047504326115313e-09,0,0,1,0,0,1,0
673,0.5482026143746063,1,671,1.060036,31.710708920421865,3.8257,-0.05865,0.016981181,-6.402424242420632e-05,-1.6577000000000258e-05,0.000193753,0.9829555728442708,2.708459717760941e-09,0,0,1,0,0,1,0
563,0.640410958896799,1,561,1.068174,33.19270316834396,3.8257,-0.05865,0.017120477,3.3303030303048525e-05,-1.9545000000002755e-05,0.0003132559999999,0.9799986238216474,2.9796709305529067e-09,0,0,1,0,0,1,0
291,0.1438492063484928,0,290,1.25843,34.03493465930351,3.8287,-0.0119,0.07524,-0.0003122242424241,-0.0007759999999999,0.022028,1.1643817237879257,3.144446448073661e-09,1,0,0,0,1,0,0
641,0.8060453400402261,2,640,1.001105,36.71103350620334,3.8257,-0.05865,0.015328445,-0.0003588727272726,-1.7149000000001025e-05,-0.0002253589999999,0.9460836151913184,3.7237046245084733e-09,0,0,1,0,0,1,0
427,0.814531548741596,2,426,0.985968,29.815606090138694,3.8257,-0.05865,0.018463837,-0.0010300909090909,-9.5882999999998e-05,0.0010270219999999,0.9266799438710726,2.3940463900464212e-09,0,0,1,0,0,1,0
1149,0.5694444444416199,1,1148,0.929912,34.03493465930351,3.7946,-0.0432,0.079054,0.0107254121212121,0.001654,0.0258419999999999,0.8604153886438478,3.144446448073661e-09,1,0,0,0,1,0,0
658,0.6021998166764235,1,657,1.032965,37.78027192324005,3.8257,-0.05865,0.015331207,-8.604242424241663e-05,-1.8103000000000216e-05,-0.000172,0.972097137721564,3.9807166334321944e-09,0,0,1,0,0,1,0
1202,0.692219020168921,2,1201,0.743211,34.03493465930351,3.8292,-0.0867,0.089387,-0.0014942606060606,0.0007749999999999,0.0531969999999999,0.58757338629216,3.144446448073661e-09,1,0,0,0,1,0,0
209,0.1076047594407263,0,208,1.068152,35.16108869294067,3.8257,-0.05865,0.015911236,-5.5442424242476166e-05,-2.0478000000000857e-05,-9.856800000000028e-05,0.9990572037861498,3.3775418609124103e-09,0,0,1,0,0,1,0
39,0.0438292964239466,0,38,1.060214,34.03493465930351,3.8466,-0.016,0.096077,0.0492358545454545,0.000418,0.0492649999999999,0.9772215089125812,3.144446448073661e-09,1,0,0,1,0,0,0
289,0.249783174325674,0,288,1.062987,36.421135131397584,3.8257,-0.05865,0.015457612,-9.945454545498689e-06,7.2300000000004305e-06,-0.0001471139999999,0.9928649220175858,3.6566370106643075e-09,0,0,1,0,0,1,0
1793,0.9884169884115368,2,1792,1.312497,34.03493465930351,3.8202,-0.0351,0.096183,-0.0015015333333333,0.0004989999999999,0.042581,1.0023154494392748,3.144446448073661e-09,1,0,0,0,1,0,0
730,0.6926736441418395,2,728,1.046142,34.16495121395357,3.8257,-0.05865,0.017255269,-0.0001130303030303,6.6459999999990416e-06,0.000277042,0.9659899498972272,3.1705993001693e-09,0,0,1,0,0,1,0
778,0.8631813125599201,2,776,1.004274,36.20716535515879,3.8257,-0.05865,0.016858609,-0.0004474545454545,-1.2760000000014426e-06,0.000306731,0.9319837485592528,3.6078325903795453e-09,0,0,1,0,0,1,0
547,0.6247139588029209,1,546,1.037678,34.877501328993546,3.8257,-0.05865,0.015254671,-0.0001400606060605,1.1731999999998674e-05,-0.000188796,0.9718251820162171,3.317427923320281e-09,0,0,1,0,0,1,0
433,0.4914481185804852,1,431,1.060134,35.02591197594819,3.8257,-0.05865,0.016796775,-6.012121212120828e-05,-1.0465000000001168e-05,-0.000324411,0.9898857666816684,3.348766672007542e-09,0,0,1,0,0,1,0
39,0.0726577437844616,0,38,1.073385,30.482900129815743,3.8257,-0.05865,0.017417798,4.114545454547029e-05,0.000437131,-1.9016999999999645e-05,1.0088404000454896,2.5007981671817793e-09,0,0,1,0,0,1,0
318,0.1417710196773624,0,317,1.065549,37.44057652982219,3.8257,-0.05865,0.015074708,-7.110909090908773e-05,-5.36040000000005e-05,-0.000523296,0.9943904214416364,3.897391862827813e-09,0,0,1,0,0,1,0
1223,0.7451219512149688,2,1222,1.009585,36.34350220926194,3.8257,-0.05865,0.015689984,-6.66484848484571e-05,4.000399999999973e-05,-0.0007394919999999,0.9473329123319318,3.6388616651814605e-09,0,0,1,0,0,1,0
190,0.1876861966217707,0,189,1.066648,32.74600922876324,3.8257,-0.05865,0.01523386,-3.6854545454512886e-05,1.789299999999973e-05,-0.000200982,1.0000703186748587,2.8954641979767e-09,0,0,1,0,0,1,0
76,0.0803858520891705,0,75,1.071492,32.40763758243527,3.8257,-0.05865,0.015538377,-2.8399999999990607e-05,-4.190999999999917e-05,-0.000222615,1.003762145472123,2.8331070614482407e-09,0,0,1,0,0,1,0
215,0.304721030038559,0,213,1.077776,34.14513360777051,3.8257,-0.05865,0.017075341,-0.0001025818181818,3.249699999999939e-05,0.000307441,0.9980581049808634,3.1666004130395837e-09,0,0,1,0,0,1,0
350,0.2052941176458512,0,349,0.640271,34.03493465930351,3.7602,-0.1075,0.126616,7.61030303030439e-05,0.000958,0.071826,0.5029295026325856,3.144446448073661e-09,1,0,0,0,1,0,0
777,0.6590136054365731,1,775,1.057789,31.49820898412695,3.8257,-0.05865,0.01724931,-0.000110012121212,1.909400000000075e-05,0.0002104789999999,0.98371432743018,2.671446523806409e-09,0,0,1,0,0,1,0
609,0.6921322690913098,2,607,1.039647,33.22190000000001,3.8257,-0.05865,0.017552836,-0.0002176666666666,-4.448000000000646e-06,0.0004316499999999,0.9707563078566452,2.985250669201559e-09,0,0,1,0,0,1,0
579,0.2990170719074029,0,578,1.055393,36.04415788797725,3.8257,-0.05865,0.01598445,-4.92121212120861e-05,-9.451000000000598e-06,-2.5353999999998267e-05,0.9871235362340528,3.571045216308225e-09,0,0,1,0,0,1,0
1017,0.7738004569628805,2,1016,1.011499,36.13670017055504,3.8257,-0.05865,0.015919505,-0.0001877515151515,-1.025500000000068e-05,0.000350832,0.9494897250372664,3.5918885595980116e-09,0,0,1,0,0,1,0
279,0.318077803200022,0,278,1.061694,34.70090315409394,3.8257,-0.05865,0.015185819,-4.869090909088561e-05,6.232000000000112e-06,-0.000257648,0.9943170856426804,3.280480173302428e-09,0,0,1,0,0,1,0
315,0.3013435700546896,0,314,0.797307,34.03493465930351,3.8381,-0.0038,0.092965,-0.007191606060606,0.000245,0.062463,0.7876200608713433,3.144446448073661e-09,1,0,0,1,0,0,0
642,0.5011727912392403,1,641,1.036661,34.03493465930351,3.8267,-0.0786,0.085463,-0.0022114909090908,0.0001729999999999,0.047165,0.8301562997996403,3.144446448073661e-09,1,0,0,0,1,0,0
524,0.3189024390224457,0,523,1.05574,34.4084269248132,3.8257,-0.05865,0.016021246,-3.1533333333331245e-05,-6.78600000000168e-06,-0.0004082299999999,0.99064194581468,3.2201003065869846e-09,0,0,1,0,0,1,0
97,0.0586797066011083,0,96,1.061438,35.021073882489816,3.8257,-0.05865,0.015323413,-5.867272727273332e-05,2.5669999999984594e-06,-0.000144173,1.000835414010817,3.347740873555204e-09,0,0,1,0,0,1,0
393,0.3780135004785148,1,392,1.064556,34.452316551327,3.8257,-0.05865,0.015855646,-3.127272727271777e-05,-5.0659999999980165e-06,-8.176600000000048e-05,0.9964319410540188,3.229096939885865e-09,0,0,1,0,0,1,0
259,0.4839924670341997,1,257,1.018811,33.01933671370963,3.8257,-0.05865,0.015530054,-0.0002854424242424,-1.3320000000000692e-05,-0.000210683,0.9498251960135368,2.946731771342976e-09,0,0,1,0,0,1,0
554,0.7582417582313429,2,552,1.027683,34.27917869515672,3.8257,-0.05865,0.01693017,-0.0003063696969696,8.601000000000442e-06,0.000690708,0.9534679176907084,3.193737151786823e-09,0,0,1,0,0,1,0
534,0.8926174496494527,2,532,0.955025,33.80365738479523,3.8257,-0.05865,0.01837052,-0.0012246787878787,-7.472999999997426e-06,0.001684816,0.8810551350792838,3.098403276610745e-09,0,0,1,0,0,1,0
753,0.8042780748577083,2,752,1.10041,34.03493465930351,3.8604,-0.009,0.085075,-0.0006139212121212,0.000598,0.053852,1.0565058431807797,3.144446448073661e-09,1,0,0,1,0,0,0
401,0.8350730688760944,2,400,0.997246,33.35474277419353,3.8257,-0.05865,0.019159934,-0.0011882606060605,-9.020200000000104e-05,0.000981076,0.9282077630033376,3.01075660885602e-09,0,0,1,0,0,1,0
19,0.2222222221947874,0,18,1.0813260035191288,11.933034010302556,3.364191938389695,-1.7019108237148657,0.016776592,-0.0034085076663209,1.2765000000003121e-06,3.811000000000092e-05,1.3533495420068584,6.892333938660656e-10,0,1,0,0,0,0,1
969,0.7900326797321077,2,967,1.044223,28.45334956797023,3.8257,-0.05865,0.01794672,-0.0001952,0.0005901529999999,0.0011592919999999,0.9682924137879874,2.1887419210439093e-09,0,0,1,0,0,1,0
119,0.1301446051153487,0,117,1.081339,33.53142099165118,3.8257,-0.05865,0.016567441,-2.1139393939389886e-05,4.099999999999937e-06,1.5562999999999688e-05,1.003501409658434,3.0449821908504926e-09,0,0,1,0,0,1,0
1297,0.5796064400689642,1,1296,1.03201,38.05399302157068,3.8257,-0.05865,0.015305217,2.227878787880483e-05,-1.600000000000039e-05,-0.000292787,0.9630911941468512,4.0490166391991974e-09,0,0,1,0,0,1,0
18,0.0228898426320044,0,16,1.084067,33.41905433394498,3.8257,-0.05865,0.016583173,5.566666666670056e-05,-3.769600000000026e-05,-0.0001847269999999,1.0038837900382729,3.023174654828082e-09,0,0,1,0,0,1,0
462,0.4493177387870437,1,461,1.058503,37.73372784148719,3.8257,-0.05865,0.015614836,-2.249090909092287e-05,5.750000000000546e-06,-0.000101612,0.988360073914371,3.9692060838233286e-09,0,0,1,0,0,1,0
17,0.017103762827627,0,15,1.075002,33.02998354748603,3.8257,-0.05865,0.016916709,-0.0001023696969697,6.5320000000000655e-06,-0.000204477,1.0037685603464537,2.948745175226951e-09,0,0,1,0,0,1,0
298,0.8249999999770833,2,297,0.924374,34.932685529677386,3.8257,-0.05865,0.01950519,-0.0009100181818181,0.0001476059999999,0.0024513309999999,0.8688917840229956,3.329049875292836e-09,0,0,1,0,0,1,0
1046,0.4776051188277989,1,1045,1.033823,34.802646645933486,3.8257,-0.05865,0.015530484,-4.701212121211396e-05,-3.97299999999913e-06,0.000172786,0.9706848067452548,3.301721514354184e-09,0,0,1,0,0,1,0
336,0.4429708222752921,1,334,1.078897,35.304759121634085,3.8257,-0.05865,0.016487515,-5.926060606059545e-05,-0.0001900559999999,-0.0001043129999999,0.9875568768987568,3.408368194052448e-09,0,0,1,0,0,1,0
145,0.1096725057112744,0,144,1.064802,35.30349170753794,3.8257,-0.05865,0.01547597,-5.195757575760533e-05,1.5959999999995422e-06,-9.270299999999954e-05,0.9995250199942176,3.4080951539369462e-09,0,0,1,0,0,1,0
93,0.0900098911959445,0,91,1.081845,31.989051754803253,3.8257,-0.05865,0.016922615,4.558787878786723e-05,1.3539999999985508e-06,-1.5199999999999936e-05,1.0023645108418195,2.7576383546822313e-09,0,0,1,0,0,1,0
825,0.4184865413894439,1,824,0.947429,34.03493465930351,3.8303,-0.0798,0.080504,-0.0015286303030302,0.0009289999999999,0.042926,0.7734152167275922,3.144446448073661e-09,1,0,0,0,1,0,0
611,0.7493857493765431,2,610,1.015287,36.19908930168444,3.8257,-0.05865,0.014997036,-0.0002668303030302,1.1379999999994866e-06,-0.000261386,0.9540341889337008,3.60600202044673e-09,0,0,1,0,0,1,0
48,0.0530565167237248,0,46,1.097561,31.93811192307701,3.8257,-0.05865,0.016205469,9.624242424272549e-06,-2.9149999999991683e-06,-0.0001057019999999,1.0033797620179474,2.74857858112491e-09,0,0,1,0,0,1,0
668,0.7631578947281104,2,667,1.013971,35.486172673004575,3.8257,-0.05865,0.015372961,-0.0002835333333333,-5.780000000010777e-07,-7.050600000000143e-05,0.949622668722056,3.447653382081417e-09,0,0,1,0,0,1,0
414,0.7927063339579135,2,413,1.012617,34.86713145762707,3.8257,-0.05865,0.018004309,-0.0008423878787878,3.370800000000035e-05,0.0008610709999999,0.946441790040377,3.315248067550341e-09,0,0,1,0,0,1,0
137,0.1588785046710411,0,136,1.075434,33.437931938384345,3.8257,-0.05865,0.015553559,-2.7660606060551384e-05,-2.935300000000106e-05,-0.000156257,1.0035525420692086,3.026828490804688e-09,0,0,1,0,0,1,0
339,0.692622950805479,2,338,0.97811,32.84889069219862,3.8257,-0.05865,0.01789053,-0.0003817878787878,-0.0001169049999999,2.6407000000002595e-05,0.9356090244551024,2.914666698870128e-09,0,0,1,0,0,1,0
779,0.8691275167688017,2,777,1.011124,33.612971678396896,3.8257,-0.05865,0.017709345,-0.0005126303030302,5.276000000000239e-05,0.000549684,0.9364088724741592,3.0608974775215526e-09,0,0,1,0,0,1,0
558,0.3037077426373843,0,557,1.057448,34.07589422428101,3.8257,-0.05865,0.015468176,1.4618181818211626e-05,-1.1390999999999483e-05,-9.700099999999934e-05,0.9915412449869616,3.1526644964347924e-09,0,0,1,0,0,1,0
990,0.8401360544146248,2,988,1.047759,30.60420120498618,3.8257,-0.05865,0.01769929,7.905454545462989e-05,0.0002541,0.0006604589999999,0.9743867066058712,2.5206568679415724e-09,0,0,1,0,0,1,0
1013,0.6185819070866835,1,1012,1.023926,35.662946827996585,3.8257,-0.05865,0.015460666,-5.335151515152644e-05,3.045999999999605e-06,-6.920000000000537e-06,0.965465153995278,3.486324290145972e-09,0,0,1,0,0,1,0
599,0.5372866127534836,1,598,1.041456,38.05006838234047,3.8257,-0.05865,0.015041683,-2.595151515148166e-05,-2.3837999999999984e-05,9.311099999999987e-05,0.9804024197146876,4.048029970111938e-09,0,0,1,0,0,1,0
1471,0.6718464350974779,2,1470,1.018736,35.772774703681364,3.8257,-0.05865,0.015378723,-2.938181818181604e-05,2.1029999999998272e-06,2.1025000000000904e-05,0.9565192081085776,3.5105456886030757e-09,0,0,1,0,0,1,0
1226,0.6076388888858748,1,1225,0.947251,34.03493465930351,3.7851,-0.0348,0.075654,-0.0082394727272726,-0.0005659999999999,0.0224419999999999,0.8764585652279715,3.144446448073661e-09,1,0,0,0,1,0,0
322,0.2312680115257113,0,321,1.039175,36.23426249161243,3.8257,-0.05865,0.014688618,-5.618787878788384e-05,-7.270000000000193e-06,-0.0002830899999999,0.9906915464102296,3.613980693447295e-09,0,0,1,0,0,1,0
728,0.3606150793632906,1,727,0.99179,34.03493465930351,3.808,-0.0366,0.076144,-0.0224109212121211,0.029385,0.022932,0.9176689603995666,3.144446448073661e-09,1,0,0,0,1,0,0
309,0.6337448559540382,1,308,1.046413,34.182425778887335,3.8257,-0.05865,0.01828897,-0.0003313757575757,-3.766799999999765e-05,9.77500000000006e-06,0.978702449718664,3.1741291585522342e-09,0,0,1,0,0,1,0
247,0.5061728394957578,1,246,1.041857,29.246310979927067,3.8257,-0.05865,0.017349938,-0.0002276909090908,9.515299999999712e-05,-0.000399589,0.979107010785752,2.306231011797436e-09,0,0,1,0,0,1,0
31,0.0244313395111673,0,29,1.07662,31.52989696794298,3.8257,-0.05865,0.016598366,2.5260606060566684e-05,1.0043000000001244e-05,-0.000143988,1.0055394236795183,2.6769369309488715e-09,0,0,1,0,0,1,0
895,0.6973478939103172,2,894,1.022005,34.05260365298435,3.8257,-0.05865,0.0155747,-7.6169696969664e-05,-1.631599999999886e-05,-3.377299999999909e-05,0.9646880589759445,3.147989159133474e-09,0,0,1,0,0,1,0
101,0.0457038391222774,0,100,1.067427,35.013373223800414,3.8257,-0.05865,0.015278542,-6.092121212119366e-05,1.7560000000003267e-06,-7.915599999999863e-05,1.0022365252172445,3.34610872038263e-09,0,0,1,0,0,1,0
335,0.3177480916000215,0,333,1.073214,35.762404412256295,3.8257,-0.05865,0.016520837,4.346060606059696e-05,-9.363500000000163e-05,-0.000336036,0.994673579489898,3.508252190445786e-09,0,0,1,0,0,1,0
645,0.6902465166056779,2,644,1.041163,33.68661788806041,3.8257,-0.05865,0.015605166,-0.0001331393939394,-1.0400000000000686e-05,-0.000155826,0.9753502654860624,3.0753342867736766e-09,0,0,1,0,0,1,0
997,0.5740634005730602,1,996,0.853578,34.03493465930351,3.8244,-0.0906,0.08587,-0.0023294424242424,0.000683,0.04968,0.6748281657893779,3.144446448073661e-09,1,0,0,0,1,0,0
173,0.3282442748028961,0,172,1.064858,31.20076207623687,3.8257,-0.05865,0.017482912,-0.0001692787878788,0.000183275,-0.0002409459999999,0.9999718280232288,2.620400696023583e-09,0,0,1,0,0,1,0
737,0.7991313789272624,2,736,1.009425,38.330232138982176,3.8257,-0.05865,0.015351334,-0.0001845999999999,-1.6972000000000514e-05,6.819599999999953e-05,0.9546509472505522,4.119008241820085e-09,0,0,1,0,0,1,0
702,0.7829977628547763,2,700,1.036232,32.74695383009711,3.8257,-0.05865,0.01775427,-0.0002126909090908,-9.080000000001588e-06,0.0005946089999999,0.959661563509167,2.895639986678023e-09,0,0,1,0,0,1,0
1541,0.786115364978121,2,1540,0.45503,34.03493465930351,3.8039,-0.1416,0.09709,-0.0297812424242423,-0.000146,0.0609339999999999,0.3672730442587304,3.144446448073661e-09,1,0,0,0,1,0,0
119,0.2103386809231668,0,118,1.06898,32.12317634582362,3.8257,-0.05865,0.01717983,-0.0001388242424242,0.0001195039999999,-0.0006628709999999,0.9977459293724537,2.781621214241375e-09,0,0,1,0,0,1,0
439,0.8656126482042369,2,438,0.95476,33.6197948306731,3.8257,-0.05865,0.019226119,-0.0013903636363636,6.130299999999866e-05,0.0013487249999999,0.8977797169261322,3.0622324520776027e-09,0,0,1,0,0,1,0
22,0.0374331550795466,0,21,1.077528,32.05506313803678,3.8257,-0.05865,0.017267453,-3.336363636356856e-05,0.0001111179999999,-0.000575248,1.005724312695131,2.769418552245709e-09,0,0,1,0,0,1,0
514,0.5516129032198751,1,513,1.05833,34.37578018292968,3.8257,-0.05865,0.016034732,-3.9412121212082975e-05,2.728999999999926e-06,-0.0001472209999999,0.986173646623828,3.213422875903369e-09,0,0,1,0,0,1,0
1760,0.9702151130669046,2,1759,1.286253,34.03493465930351,3.8226,-0.0352,0.097083,-0.0024629151515151,0.0010929999999999,0.043481,0.982273676654206,3.144446448073661e-09,1,0,0,0,1,0,0
61,0.1113172541723317,0,60,1.042886,35.89455062508513,3.8257,-0.05865,0.013467705,-0.0001870242424242,4.360999999999601e-06,0.0002950709999999,0.9920211096250834,3.537578537458604e-09,0,0,1,0,0,1,0
837,0.7894239848839526,2,836,0.953773,33.00278727631572,3.8257,-0.05865,0.017342137,-0.0001304848484848,8.989100000000166e-05,0.000301575,0.9263970410402204,2.943604587840983e-09,0,0,1,0,0,1,0
601,0.6920415224833675,2,600,0.257763,34.03493465930351,3.7959,-0.0515,0.125417,0.0054199454545454,7.699999999999374e-05,0.078605,0.2375855702733917,3.144446448073661e-09,1,0,0,1,0,0,0
125,0.1345733041560768,0,123,1.080868,32.80713243151968,3.8257,-0.05865,0.016676394,-2.9648484848501782e-05,1.9510999999999837e-05,5.005800000000213e-05,1.0013099214973495,2.9068589019853643e-09,0,0,1,0,0,1,0
480,0.4853090172189938,1,479,1.047678,37.52524955169381,3.8257,-0.05865,0.01568264,-5.810909090907472e-05,1.0520999999999447e-05,-0.0001152599999999,0.9883008829522302,3.918013855948596e-09,0,0,1,0,0,1,0
862,0.8506429277858493,2,860,0.991727,34.100764330746784,3.8257,-0.05865,0.017461885,-0.0005042181818181,1.2310000000001486e-05,0.00052407,0.9188672584738342,3.1576637907688753e-09,0,0,1,0,0,1,0
240,0.1377521613824913,0,239,1.163971,34.03493465930351,3.8272,-0.0759,0.085074,-0.0007245939393938,-0.001031,0.048884,0.920221016664005,3.144446448073661e-09,1,0,0,0,1,0,0
1029,0.8908145580512062,2,1028,0.979404,35.003533298049526,3.8257,-0.05865,0.015741661,-0.0003358787878787,-3.9385999999998894e-05,1.2869999999991222e-06,0.9359541982544344,3.344024189322977e-09,0,0,1,0,0,1,0
229,0.2891719745186092,0,227,1.078624,33.52239882258064,3.8257,-0.05865,0.01638745,2.1721212121194352e-05,6.726800000000227e-05,-6.227699999999947e-05,0.9940181455421776,3.043226013884692e-09,0,0,1,0,0,1,0
1612,0.736288848259889,2,1611,1.013272,35.88285881518951,3.8257,-0.05865,0.015354487,-3.0157575757554737e-05,-2.2000000000042819e-07,-3.210999999999492e-06,0.9513889084498776,3.5349750097218043e-09,0,0,1,0,0,1,0
767,0.9745222929812164,2,765,0.901459,35.89488936055149,3.8257,-0.05865,0.017663961,-0.0008411575757575,0.0001568719999999,0.0010888829999999,0.8554535628438221,3.537653992579733e-09,0,0,1,0,0,1,0
141,0.1181972789105595,0,139,1.079732,31.190610124885183,3.8257,-0.05865,0.017041961,-3.192121212123459e-05,8.9600000000023e-06,3.130000000000493e-06,1.0041207066672493,2.6186740639819068e-09,0,0,1,0,0,1,0
1212,0.9446177847040202,2,1211,0.937125,34.2250666657149,3.8257,-0.05865,0.015522457,-0.0007158545454545,1.0679999999999024e-06,-8.601599999999952e-05,0.8845683702798243,3.182757421924814e-09,0,0,1,0,0,1,0
517,0.4952015355038848,1,516,0.787421,34.03493465930351,3.8696,-0.0258,0.097636,0.0023346424242424,0.0005489999999999,0.067134,0.7778541715441781,3.144446448073661e-09,1,0,0,1,0,0,0
464,0.5625759416699565,1,463,1.030104,36.51714247312429,3.8257,-0.05865,0.015529182,-8.578787878785837e-05,5.673000000001177e-06,-0.000242304,0.985601151219008,3.6787271886850147e-09,0,0,1,0,0,1,0
92,0.1146095717869696,0,91,1.06219,34.331464424294126,3.8257,-0.05865,0.015326237,-3.313939393935433e-05,2.847999999999913e-05,-0.0002275669999999,1.0038113436852942,3.2043786021635116e-09,0,0,1,0,0,1,0
458,0.2520683949241474,0,457,1.208865,34.03493465930351,3.8292,-0.0375,0.093227,-0.001748103030303,-0.0007319999999999,0.039625,0.923174731665222,3.144446448073661e-09,1,0,0,0,1,0,0
624,0.6641791044705311,2,623,1.047769,35.02433495279828,3.8257,-0.05865,0.015554924,-0.0001043818181817,1.0724999999999624e-05,-0.0001894679999999,0.980472321284028,3.348432272137828e-09,0,0,1,0,0,1,0
309,0.372881355927689,1,308,1.040139,38.15234130553386,3.8257,-0.05865,0.015113458,-9.772727272723532e-05,1.0813999999999616e-05,-0.000255392,0.990553855120384,4.073812271309647e-09,0,0,1,0,0,1,0
717,0.5158501440885026,1,716,1.021866,36.75083147280055,3.8257,-0.05865,0.014814475,-6.519999999996209e-05,1.0756000000000654e-05,-0.0001572329999999,0.9741901101970656,3.7329974489335634e-09,0,0,1,0,0,1,0
1140,0.6210468920358722,1,1139,1.031123,33.17430863223869,3.8257,-0.05865,0.015767192,-6.35090909090667e-05,2.9297000000001044e-05,0.0002020149999999,0.9668569831846964,2.9761604047777116e-09,0,0,1,0,0,1,0
351,0.3298774740779465,0,350,1.055655,36.2359083420966,3.8257,-0.05865,0.015040185,-4.074545454542118e-05,-3.547000000001313e-06,-0.000128113,0.9919481237032804,3.6143544251153294e-09,0,0,1,0,0,1,0
916,0.4092128801412826,1,915,1.044439,37.058009946777325,3.8257,-0.05865,0.015404368,2.930303030301175e-05,7.313999999999585e-06,-0.000193636,0.9746901713389824,3.8054264017015315e-09,0,0,1,0,0,1,0
327,0.6639511201494104,2,326,1.044796,34.22438644169102,3.8257,-0.05865,0.017635237,-0.000399206060606,5.8930000000002175e-05,0.000233566,0.9722605050227758,3.1826196154012702e-09,0,0,1,0,0,1,0
484,0.6160714285635706,1,483,1.032871,35.30739738464233,3.8257,-0.05865,0.01822482,-0.0001112969696969,1.1584999999997986e-05,-0.000327474,0.9844442199330534,3.4089366202991547e-09,0,0,1,0,0,1,0
601,0.6430868167133645,1,600,1.046163,33.71596291727502,3.8257,-0.05865,0.015576486,-9.775757575755104e-05,2.1900000000095454e-07,-0.000184506,0.9800342115419924,3.0811037846234846e-09,0,0,1,0,0,1,0
575,0.8174037089755006,2,573,1.00726,32.48902203104936,3.8257,-0.05865,0.017608343,-0.0007257999999999,1.1799999999687061e-07,0.0011276589999999,0.9345241187866014,2.847993848580042e-09,0,0,1,0,0,1,0
380,0.4773299748050714,1,379,1.045242,35.85130137723182,3.8257,-0.05865,0.0151498,-6.747878787875586e-05,4.370999999999542e-06,-0.0004040039999999,0.987794816837199,3.5279563917708305e-09,0,0,1,0,0,1,0
753,0.6516464471347345,1,752,1.016996,35.486123768176,3.8257,-0.05865,0.015690777,-8.846666666664068e-05,-4.1156000000000525e-05,-4.959700000000192e-05,0.9718784850868148,3.447642737194053e-09,0,0,1,0,0,1,0
594,0.8445078459223323,2,592,0.99259,33.087524232104094,3.8257,-0.05865,0.017456001,-0.0008188303030302,1.2378999999999862e-05,0.0009753169999999,0.92091346332267,2.959647991837018e-09,0,0,1,0,0,1,0
3,0.0016286644950874,0,1,1.074008,33.52751622488483,3.8257,-0.05865,0.016216327,-9.664545454543671e-05,-4.402700000000204e-05,-4.402700000000204e-05,1.000985133524271,3.044222011236313e-09,0,0,1,0,0,1,0
1453,0.6493738819291173,1,1452,1.026652,38.16002618204303,3.8257,-0.05865,0.015354551,-3.752121212120707e-05,1.4475999999999378e-05,-0.000243453,0.9580910075030796,4.075755509130625e-09,0,0,1,0,0,1,0
435,0.3305407463798131,1,434,1.052866,36.73645955548572,3.8257,-0.05865,0.015416079,-4.959999999998223e-05,-1.7734000000000152e-05,-0.000152594,0.9883207485534702,3.729639209750021e-09,0,0,1,0,0,1,0
911,0.8487394957903946,2,909,1.003954,32.12794579317075,3.8257,-0.05865,0.016545042,-0.0038531575757575,-4.738599999999996e-05,0.0001074629999999,0.9329326371329778,2.782477480424093e-09,0,0,1,0,0,1,0
898,0.8591954022906209,2,897,1.007013,35.49521535772167,3.8257,-0.05865,0.016019778,-0.0004490121212121,8.612999999997595e-06,-2.5966000000002265e-05,0.941866892636978,3.4496221683364487e-09,0,0,1,0,0,1,0
673,0.7202572347189683,2,672,1.037015,33.52740116990156,3.8257,-0.05865,0.015658997,-0.0001703212121211,1.431400000000138e-05,-0.000101995,0.9714644638380628,3.044199614928364e-09,0,0,1,0,0,1,0
393,0.4201500535860648,1,392,1.059734,33.492364719080896,3.8257,-0.05865,0.015555453,-7.903636363639364e-05,2.152499999999967e-05,-0.000205539,0.9927473779269976,3.037386388291076e-09,0,0,1,0,0,1,0
1034,0.8775510204007012,2,1032,1.045805,31.19949259111936,3.8257,-0.05865,0.017447729,-6.152727272725683e-05,-4.356000000000498e-06,0.0004088979999999,0.972569540993638,2.620184727514034e-09,0,0,1,0,0,1,0
764,0.9782051281925872,2,763,1.096847,34.03493465930351,3.8374,-0.0224,0.133746,-0.000661303030303,0.0003509999999999,0.069733,1.0062244165928176,3.144446448073661e-09,1,0,0,1,0,0,0
378,0.3904465212835883,1,376,1.07425,35.513571287534106,3.8257,-0.05865,0.016754702,-6.087272727274952e-05,-3.821199999999928e-05,-1.7660000000002674e-06,0.991643150623602,3.453621750488474e-09,0,0,1,0,0,1,0
285,0.2384161752296679,0,283,1.069101,32.30918548278901,3.8257,-0.05865,0.016588233,-0.0004774606060605,-3.810500000000008e-05,-0.000154121,0.9985168428927542,2.81519173012801e-09,0,0,1,0,0,1,0
274,0.4892086330847264,1,272,1.044354,33.5687231748793,3.8257,-0.05865,0.015429001,-0.0002026909090908,-5.872999999999989e-06,8.022699999999869e-05,0.964815569283812,3.0522527734137916e-09,0,0,1,0,0,1,0
583,0.4193083573456822,1,582,1.028248,36.73826147253046,3.8257,-0.05865,0.01474676,-3.0945454545418336e-05,-7.098999999999994e-06,-0.000224948,0.9802743534180728,3.730060109219369e-09,0,0,1,0,0,1,0
193,0.2276519666242234,0,191,1.07618,34.33968088479269,3.8257,-0.05865,0.016290369,-8.126666666663267e-05,-4.011300000000134e-05,0.0001157679999999,0.9973439501189012,3.2060537478567805e-09,0,0,1,0,0,1,0
1801,0.8226691042009934,2,1800,1.002252,33.9401086109103,3.8257,-0.05865,0.015560867,-4.599393939395959e-05,8.478500000000042e-05,0.000203169,0.9410419278058672,3.1254944925667366e-09,0,0,1,0,0,1,0
175,0.1507798960125582,0,174,1.04661,34.19651208982797,3.8257,-0.05865,0.015609634,-6.226666666666351e-05,3.708500000000094e-05,-0.00013074,1.000178704023134,3.176977158258809e-09,0,0,1,0,0,1,0
590,0.6704675028429821,2,588,1.042973,34.30529913346052,3.8257,-0.05865,0.017507426,-0.0001498303030303,-8.546000000001636e-06,0.0003862399999999,0.9738619153175728,3.1990493403336904e-09,0,0,1,0,0,1,0
586,0.7499999999903846,2,585,0.655162,34.03493465930351,3.8026,-0.0876,0.190333,-0.0020739151515151,0.000953,0.12632,0.6010318679121004,3.144446448073661e-09,1,0,0,1,0,0,0
605,0.7019790453934578,2,603,1.05182,32.98502937137512,3.8257,-0.05865,0.017256675,-0.0002574606060605,7.579000000000613e-06,0.0004258249999999,0.9728570820762028,2.9402523677072316e-09,0,0,1,0,0,1,0
721,0.6786050895317757,2,720,1.033066,36.6765055823272,3.8257,-0.05865,0.015236847,-0.0001097636363636,1.047000000000027e-05,6.854899999999935e-05,0.970722329133716,3.715659170665003e-09,0,0,1,0,0,1,0
169,0.172307692305925,0,168,0.979338,34.03493465930351,3.862,-0.0222,0.090263,0.0004909454545454,0.0586149999999999,0.0598179999999999,0.9358902318754158,3.144446448073661e-09,1,0,0,1,0,0,0
50,0.0991902833988018,0,49,1.07146,32.036190917077256,3.8257,-0.05865,0.01727749,-1.4672727272692884e-05,-1.5945999999999322e-05,-0.000373727,1.0085506449693895,2.7660460642399113e-09,0,0,1,0,0,1,0
1781,0.8829365079321283,2,1780,1.164672,34.03493465930351,3.8272,-0.0233,0.081886,0.0358527393939394,0.00034,0.0286739999999999,1.077630691423067,3.144446448073661e-09,1,0,0,0,1,0,0
360,0.3541048466829465,1,358,1.072989,34.58320133271205,3.8257,-0.05865,0.016600797,-5.169090909090312e-05,-5.749999999998812e-06,-0.0003370179999999,0.9941591393625272,3.2560602488644714e-09,0,0,1,0,0,1,0
459,0.8790786948007854,2,458,0.952983,35.84170100985237,3.8257,-0.05865,0.018707499,-0.0016988121212121,-4.229300000000227e-05,0.0015642609999999,0.8907049125168237,3.5258236777757022e-09,0,0,1,0,0,1,0
158,0.1410601976627038,0,157,1.062298,36.71077215363494,3.8257,-0.05865,0.015008681,-9.866666666659684e-06,3.434999999999549e-06,6.010899999999916e-05,1.0000225930409667,3.723643667329211e-09,0,0,1,0,0,1,0
248,0.3166666666626068,0,247,0.984119,34.03493465930351,3.8324,-0.0408,0.183251,-0.0020085575757575,0.000479,0.119238,0.902810115387932,3.144446448073661e-09,1,0,0,1,0,0,0
419,0.4776632302350783,1,417,1.078064,31.94857614446527,3.8257,-0.05865,0.016986918,-0.0001808848484848,5.828999999998863e-06,3.466400000000022e-05,0.984858021685688,2.7504374827776223e-09,0,0,1,0,0,1,0
126,0.1287642782956514,0,124,1.084829,33.46674121201097,3.8257,-0.05865,0.016833233,-6.603030303030354e-05,5.703999999998738e-06,7.676499999999947e-05,1.0014086548269507,3.0324122857980622e-09,0,0,1,0,0,1,0
297,0.9107692307412072,2,296,0.884052,30.414536430959792,3.8257,-0.05865,0.021723554,-0.0014927333333333,0.0002874099999999,0.0041814529999999,0.8277198688834022,2.489668143535565e-09,0,0,1,0,0,1,0
748,0.7203471552485985,2,747,1.038389,34.377135718938604,3.8257,-0.05865,0.016037347,-0.0001501151515151,8.351999999999665e-06,9.993499999999891e-05,0.9719394440866818,3.21369988413188e-09,0,0,1,0,0,1,0
1396,0.7084814626678086,2,1395,0.797027,34.03493465930351,3.8149,-0.0961,0.087854,0.0002112848484848,-0.001046,0.050276,0.6506374725100695,3.144446448073661e-09,1,0,0,0,1,0,0
258,0.5244897959076634,1,257,1.012645,34.773795233031684,3.8257,-0.05865,0.016844591,-0.0004937212121211,-7.564000000000182e-05,-0.0004673139999999,0.9485060709746248,3.295685600314857e-09,0,0,1,0,0,1,0
246,0.2782212086627341,0,244,1.07095,33.30622566575852,3.8257,-0.05865,0.017026523,-6.382424242420985e-05,-3.13410000000007e-05,-9.466300000000176e-05,0.9999850602166642,3.001418680543641e-09,0,0,1,0,0,1,0
382,0.5382436260546991,1,380,1.064264,35.814666537465364,3.8257,-0.05865,0.016072057,-8.921818181815828e-05,7.124799999999945e-05,-2.7199999999907853e-07,0.9855537363964352,3.519824205021229e-09,0,0,1,0,0,1,0
581,0.914691943113512,2,579,0.964901,32.939452630165334,3.8257,-0.05865,0.018163348,-0.0011824787878787,4.513800000000012e-05,0.0011613709999999,0.8968848411839723,2.9316643793587153e-09,0,0,1,0,0,1,0
219,0.2026143790830755,0,217,1.075867,32.168722072022184,3.8257,-0.05865,0.016104398,3.55212121211993e-05,-8.790000000022391e-07,-0.000333181,0.9997583928290992,2.7898077813370567e-09,0,0,1,0,0,1,0
143,0.1275831087140379,0,142,1.06238,36.3620956675107,3.8257,-0.05865,0.015057667,-5.024242424237071e-05,1.735000000000972e-06,0.000109095,1.000099785930937,3.643111871838242e-09,0,0,1,0,0,1,0
947,0.7379095163748993,2,946,1.01808,33.83955270054189,3.8257,-0.05865,0.015635991,-8.296363636366685e-05,2.1613999999997927e-05,2.7517999999998943e-05,0.960983184115762,3.1055094671635703e-09,0,0,1,0,0,1,0
71,0.0892857142845754,0,70,1.054551,33.55756807264907,3.8257,-0.05865,0.018344905,-2.3709090909065435e-05,1.7371000000002135e-05,-0.0002073889999999,1.005107740051392,3.0500768960666157e-09,0,0,1,0,0,1,0
219,0.4160305343432055,1,218,1.057951,31.253802691573856,3.8257,-0.05865,0.017912315,-0.0001349696969697,0.0002680809999999,0.000188457,0.9934856999045908,2.629438431828105e-09,0,0,1,0,0,1,0
532,0.6317044100043897,1,530,1.052851,34.83580715974141,3.8257,-0.05865,0.016739428,-5.303636363630504e-05,-2.0255999999999743e-05,0.000564827,0.9757239265054504,3.308671176543217e-09,0,0,1,0,0,1,0
909,0.9680170575589764,2,908,0.926504,34.68846161334673,3.8257,-0.05865,0.016475387,-0.0013849212121211,3.544999999999937e-05,0.000730995,0.8669959958339454,3.277891144858286e-09,0,0,1,0,0,1,0
666,0.9273743016630256,2,664,0.938201,33.92373906066735,3.8257,-0.05865,0.018332278,-0.0009757212121212,1.05999999999995e-05,0.001164231,0.8841577421677391,3.1222332711284172e-09,0,0,1,0,0,1,0
394,0.5697674418521836,1,392,1.029906,34.07009508267704,3.8257,-0.05865,0.016096655,-0.0001175696969696,4.366000000002174e-06,-0.0037894769999999,0.965986662539745,3.1514997972172483e-09,0,0,1,0,0,1,0
104,0.0892547660304224,0,103,1.049215,33.94768518069869,3.8257,-0.05865,0.015614738,-6.687878787876342e-05,9.86999999999169e-07,-0.000125636,1.002668137072675,3.1270049688134107e-09,0,0,1,0,0,1,0
31,0.0546139359688396,0,29,1.073447,32.09792127663555,3.8257,-0.05865,0.0152109,-6.691515151512173e-05,9.01499999999937e-06,-0.000529837,1.0007616792370155,2.777091077714411e-09,0,0,1,0,0,1,0
1014,0.617682926825502,1,1013,1.028112,33.939493452325586,3.8257,-0.05865,0.016110701,-6.14727272727523e-05,1.1341000000001517e-05,-0.0003187749999999,0.9647175177557183,3.125371882393345e-09,0,0,1,0,0,1,0
397,0.7346938775373897,2,396,1.020485,32.501469382030635,3.8257,-0.05865,0.017915219,-0.0005229333333333,-5.2804000000000045e-05,0.0004832889999999,0.9486468221026338,2.850276894736365e-09,0,0,1,0,0,1,0
539,0.677581863971315,2,538,1.026419,35.898019982094134,3.8257,-0.05865,0.015246244,-0.0001572,6.462000000000481e-06,-0.0003075599999999,0.9700063412140164,3.538351423474077e-09,0,0,1,0,0,1,0
614,0.6287179487115003,1,613,0.378513,34.03493465930351,3.8428,-0.0932,0.118691,-0.0032103333333333,0.00133,0.088246,0.3617204880622003,3.144446448073661e-09,1,0,0,1,0,0,0
1152,0.6275899672812019,1,1151,1.030455,33.140247087792254,3.8257,-0.05865,0.015752029,-6.221818181816261e-05,-1.2089999999985446e-06,0.000186852,0.9662306171112336,2.969669697590415e-09,0,0,1,0,0,1,0
66,0.0745052386487252,0,64,1.08704,32.38435636768808,3.8257,-0.05865,0.016726181,-1.008484848478097e-05,-2.1590000000015763e-06,-0.000104669,1.005433023236025,2.828861356689882e-09,0,0,1,0,0,1,0
270,0.5337301587195689,1,269,1.034671,34.158443358209034,3.8257,-0.05865,0.017438006,-0.0002934242424242,5.912000000000278e-06,-0.000309372,0.9687540670179008,3.169285615620257e-09,0,0,1,0,0,1,0
344,0.3924485125813221,1,343,1.057398,34.59561525796405,3.8257,-0.05865,0.015202262,-8.553333333328336e-05,4.7559999999998576e-06,-0.000241205,0.9902937171392128,3.2586280802736356e-09,0,0,1,0,0,1,0
702,0.572363041696056,1,700,1.05995,30.049540432355688,3.8257,-0.05865,0.016701536,-4.181818181815757e-05,9.012999999998689e-06,0.000331832,0.9816869697135284,2.430994704493738e-09,0,0,1,0,0,1,0
1129,0.891699604736034,2,1128,0.951175,39.53858925001735,3.8257,-0.05865,0.015244563,-0.0004819939393939,1.6650999999999472e-05,0.0003304439999999,0.8973349056603773,4.4380945000689125e-09,0,0,1,0,0,1,0
345,0.3182238667870655,0,344,0.933305,34.03493465930351,3.8635,-0.0192,0.093889,0.0014492303030303,-0.0003289999999999,0.061974,0.9240552073741845,3.144446448073661e-09,1,0,0,1,0,0,0
422,0.3648180242602702,1,421,1.035951,35.25126924598125,3.8257,-0.05865,0.015583523,-4.774545454538097e-05,4.155299999999973e-05,-0.000156851,0.9899925747044932,3.3968618768257e-09,0,0,1,0,0,1,0
894,0.9550802138935286,2,893,1.072767,34.03493465930351,3.8617,-0.0136,0.087316,-0.0038437212121212,2.2000000000008124e-05,0.056093,1.029965743560596,3.144446448073661e-09,1,0,0,1,0,0,0
7,0.0055617352613396,0,5,1.080532,33.356191415454475,3.8257,-0.05865,0.016452041,0.0005659714285714,-2.167699999999773e-05,-9.983699999999844e-05,1.002752499614873,3.011035824771645e-09,0,0,1,0,0,1,0
266,0.8153846153595266,2,265,0.922461,30.87664814803246,3.8257,-0.05865,0.020034892,-0.0008626606060605,-0.000422368,0.0024927909999999,0.8636814327325226,2.565778009553769e-09,0,0,1,0,0,1,0
110,0.2124756335241232,0,109,1.072526,32.87306475165012,3.8257,-0.05865,0.017005244,-5.7521212121158665e-05,-1.6975000000002405e-05,-0.0003453399999999,1.0059681305766568,2.919195274493846e-09,0,0,1,0,0,1,0
1198,0.6526717557216322,1,1197,1.027955,33.73042755725093,3.8257,-0.05865,0.015658479,-3.6539393939408265e-05,-3.953699999999921e-05,9.330199999999995e-05,0.9638864327045606,3.083951238071935e-09,0,0,1,0,0,1,0
950,0.9107485604519124,2,949,1.025704,34.03493465930351,3.8677,-0.0179,0.088694,0.0007633999999999,0.0575619999999999,0.0581919999999999,1.013242134981858,3.144446448073661e-09,1,0,0,1,0,0,0
39,0.0699815837924496,0,38,1.080815,33.44840305185182,3.8257,-0.05865,0.017346164,2.207272727277884e-05,-0.00010941,-0.0003185389999999,1.0089646120469151,3.028856926291506e-09,0,0,1,0,0,1,0
859,0.7007358953335999,2,857,1.050009,29.85972863361666,3.8257,-0.05865,0.016818741,-0.0001579333333333,5.7240000000020885e-06,0.000449037,0.9724799786611936,2.4009763543331953e-09,0,0,1,0,0,1,0
1813,0.999448428014344,2,1812,1.307349,34.03493465930351,3.8232,-0.0343,0.096282,0.0085808969696969,0.000707,0.04268,0.9983840728847276,3.144446448073661e-09,1,0,0,0,1,0,0
1699,0.8784273150497753,2,1698,0.967962,37.64088634220655,3.8257,-0.05865,0.015940027,-0.000206303030303,2.4009999999990983e-06,-6.977700000000003e-05,0.9053481237607092,3.946335077670524e-09,0,0,1,0,0,1,0
2,0.0018903591682062,0,1,1.076552,32.717127059364586,3.8257,-0.05865,0.017582053,-9.664545454543671e-05,7.730100000000184e-05,7.730100000000184e-05,1.0027907254023078,2.890093900802463e-09,0,0,1,0,0,1,0
935,0.8640148011020906,2,934,1.025686,34.03493465930351,3.8427,-0.0509,0.140998,-0.0027131999999999,-0.0043179999999999,0.109083,1.0155206384095208,3.144446448073661e-09,1,0,0,1,0,0,0
240,0.2256846081187376,0,239,1.028279,32.41752606822426,3.8257,-0.05865,0.017247571,-6.257575757571598e-05,-0.000475039,0.000207009,0.9987645099659948,2.834912117685102e-09,0,0,1,0,0,1,0
1694,0.9410783768708112,2,1693,0.927199,34.131730094833486,3.8257,-0.05865,0.015708154,-0.0003854666666666,1.1396999999999796e-05,-6.995500000000002e-05,0.8675124110920451,3.1638983585252676e-09,0,0,1,0,0,1,0
702,0.7513397641934476,2,701,1.031808,33.54752354693055,3.8257,-0.05865,0.015659818,-0.0001871212121211,-1.63200000000141e-06,-0.000101174,0.9665866024154172,3.0481188360165366e-09,0,0,1,0,0,1,0
535,0.5302879841059555,1,534,1.048921,33.087836807145685,3.8257,-0.05865,0.015293162,-4.810909090907706e-05,-2.5293999999998623e-05,-0.0001416799999999,0.9834497966852714,2.9597073173417632e-09,0,0,1,0,0,1,0
430,0.5884773662470716,1,429,1.050828,35.63184303629209,3.8257,-0.05865,0.015985357,-0.0001051575757575,1.335599999999909e-05,-2.3887999999999687e-05,0.9843849678266076,3.479491974149085e-09,0,0,1,0,0,1,0
533,0.6559802712619485,1,532,1.040531,34.29523405840594,3.8257,-0.05865,0.015360613,-0.0001285939393939,1.9892999999999997e-05,-8.085599999999894e-05,0.9781476756876676,3.197001438444813e-09,0,0,1,0,0,1,0
1882,0.9730988101346452,2,1881,0.906007,36.986517910025576,3.8257,-0.05865,0.016355164,-0.000464206060606,0.0001040949999999,0.0003453599999999,0.8474007632159826,3.78845784147459e-09,0,0,1,0,0,1,0
747,0.589723320153441,1,746,1.030447,39.24693640789501,3.8257,-0.05865,0.014736741,-4.442424242425783e-05,2.629999999999993e-06,-0.000177378,0.9721198113207544,4.3591156690547845e-09,0,0,1,0,0,1,0
1691,0.7723948811664881,2,1690,1.008517,34.92812530219749,3.8257,-0.05865,0.015466664,-3.1642424242398007e-05,-1.1089000000000585e-05,0.000108966,0.9469243083625576,3.328088094950301e-09,0,0,1,0,0,1,0
613,0.5768143261020093,1,612,1.041495,36.65798631849504,3.8257,-0.05865,0.015132665,-6.389090909089059e-05,6.990999999999595e-06,-3.563300000000019e-05,0.9786426541780676,3.711350369409001e-09,0,0,1,0,0,1,0
319,0.7050997782548758,2,318,1.031347,33.44806996311767,3.8257,-0.05865,0.0181378,-0.0004848363636363,0.000210669,0.0002066719999999,0.9685482674359857,3.0287923824582022e-09,0,0,1,0,0,1,0
470,0.4751773049597246,1,469,1.048381,37.61737523766733,3.8257,-0.05865,0.015651913,-7.019393939396227e-05,-7.348000000000771e-06,-0.000145987,0.9889640404497776,3.940562026279216e-09,0,0,1,0,0,1,0
948,0.9000951474700277,2,946,0.96737,33.61665259999999,3.8257,-0.05865,0.018082397,-0.0005904909090909,6.649800000000164e-05,0.00110417,0.8932532082949358,3.061617598286157e-09,0,0,1,0,0,1,0
558,0.7104591836644074,2,557,1.021438,34.89201238477254,3.8257,-0.05865,0.0183645,-0.0002118424242423,6.439000000000444e-06,-0.000187794,0.9735472630366988,3.320480459207631e-09,0,0,1,0,0,1,0
670,0.3690016547139051,1,669,1.152113,34.03493465930351,3.8232,-0.0411,0.094502,-0.0011583333333332,-0.0013999999999999,0.0409,0.8798348944034394,3.144446448073661e-09,1,0,0,0,1,0,0
1696,0.8608430675426062,2,1695,0.44826,34.03493465930351,3.777,-0.0641,0.092416,-0.0179865515151514,-0.0007889999999999,0.054838,0.3659283229142347,3.144446448073661e-09,1,0,0,0,1,0,0
1071,0.8740801308186912,2,1069,1.023259,29.6679904694882,3.8257,-0.05865,0.016969455,-0.0002270909090909,-8.208999999998606e-06,0.000599751,0.947705105846592,2.370992175256477e-09,0,0,1,0,0,1,0
456,0.524798154549887,1,455,0.703293,34.03493465930351,3.8379,-0.038,0.113937,-0.0116101515151514,0.0002319999999999,0.0671249999999999,0.6482399276633358,3.144446448073661e-09,1,0,0,1,0,0,0
151,0.1913265306098045,0,150,1.053066,34.186220651635104,3.8257,-0.05865,0.018323699,4.969696969659975e-06,-2.8460000000007923e-06,-0.000228595,1.0036923651724377,3.174896188170858e-09,0,0,1,0,0,1,0
340,0.6820925553182677,2,339,1.019244,32.7484405876288,3.8257,-0.05865,0.018190615,-0.0005021999999999,-0.0001247919999999,0.0001215859999999,0.949560502522394,2.895916689144773e-09,0,0,1,0,0,1,0
511,0.9622641509252404,2,510,0.8632,34.39816022326821,3.8257,-0.05865,0.020926187,-0.001743903030303,0.0001140819999999,0.003252214,0.8002388108406772,3.2179990561293223e-09,0,0,1,0,0,1,0
587,0.5566127497568353,1,585,1.062468,33.03563236904767,3.8257,-0.05865,0.017411975,-7.426060606060568e-05,3.783400000000048e-05,0.000433748,0.981065104056053,2.949813915490582e-09,0,0,1,0,0,1,0
599,0.7373612823583556,2,598,1.031792,34.85577033276729,3.8257,-0.05865,0.015292509,-0.0001682787878787,-4.689000000000429e-06,-0.00014896,0.9699326080560118,3.3128613158280622e-09,0,0,1,0,0,1,0
64,0.1245059288512943,0,63,1.072765,32.437578968985775,3.8257,-0.05865,0.017449759,1.557575757576801e-05,-4.647699999999963e-05,-0.000427635,1.008742153031403,2.8385757709878227e-09,0,0,1,0,0,1,0
842,0.9343715239050682,2,840,0.962322,35.034167071572604,3.8257,-0.05865,0.017384917,-0.0006639636363636,8.909299999999842e-05,0.000833039,0.8930515625029001,3.350517612883537e-09,0,0,1,0,0,1,0
382,0.3107113654921447,0,380,1.076849,32.66172875347548,3.8257,-0.05865,0.015864644,8.317575757578994e-05,2.0901999999999726e-05,-0.0005050599999999,0.9973382061880686,2.8798182751462554e-09,0,0,1,0,0,1,0
1661,0.9764705882295502,2,1660,1.25698,34.03493465930351,3.8197,-0.0365,0.098803,-0.0001037272727272,0.001613,0.044013,0.9873511782028352,3.144446448073661e-09,1,0,0,0,1,0,0
1121,0.9142156862670408,2,1119,1.032914,31.816886911154963,3.8257,-0.05865,0.017135479,-8.74787878787164e-05,-2.414000000002664e-06,0.0003480509999999,0.9578057467565888,2.727125877640722e-09,0,0,1,0,0,1,0
223,0.416195856865985,1,221,1.028832,32.34296906872516,3.8257,-0.05865,0.015495213,-0.000281206060606,3.9282000000001593e-05,-0.000245524,0.9591676533380568,2.8213278265004303e-09,0,0,1,0,0,1,0
250,0.2827822120834346,0,248,1.0706,33.13038462452837,3.8257,-0.05865,0.017034933,-3.627878787880575e-05,1.4299999999998342e-05,-8.625300000000141e-05,0.9996582524561936,2.967792699232229e-09,0,0,1,0,0,1,0
180,0.1690273843232386,0,179,1.030631,32.4215536969991,3.8257,-0.05865,0.017074702,-4.020606060608742e-05,3.203200000000128e-05,3.4140000000001947e-05,1.0010490009722686,2.8356476220097883e-09,0,0,1,0,0,1,0
255,0.1934501142407201,0,254,1.060752,36.42664588164941,3.8257,-0.05865,0.015375295,-3.4145454545511635e-05,1.1000000001148981e-08,-0.0001933779999999,0.9957233025566316,3.657901744124168e-09,0,0,1,0,0,1,0
452,0.9074446679897898,2,451,0.913128,33.36736742128603,3.8257,-0.05865,0.020179396,-0.0016667515151514,-6.883499999999973e-05,0.0021103669999999,0.8506994228538689,3.013190707030439e-09,0,0,1,0,0,1,0
44,0.0704697986565357,0,42,1.087582,32.893647504109595,3.8257,-0.05865,0.016666809,-2.8478787878786407e-05,9.38400000000117e-06,-1.889499999999794e-05,1.0033451542313527,2.9230560636383277e-09,0,0,1,0,0,1,0
340,0.2879045996568322,0,338,1.080351,34.34025700543475,3.8257,-0.05865,0.0162907,6.01333333333684e-05,-7.5844999999998e-05,-0.0005772799999999,1.0003972509125658,3.2061712349803203e-09,0,0,1,0,0,1,0
87,0.079925650556878,0,86,1.064039,32.81663727349961,3.8257,-0.05865,0.015333819,2.1636363636367784e-06,3.035999999999664e-06,-0.0002044569999999,1.0029824437374808,2.908634426948274e-09,0,0,1,0,0,1,0
195,0.2106406080324577,0,194,1.053611,36.752750180579966,3.8257,-0.05865,0.015107058,-3.093939393934541e-05,-1.880500000000021e-05,-0.00017608,0.9964392987924824,3.733445992293797e-09,0,0,1,0,0,1,0
114,0.1035747021072083,0,113,1.062856,35.80741750026697,3.8257,-0.05865,0.015411446,-4.5333333333750645e-06,-1.6445999999999822e-05,-9.176099999999925e-05,1.0002267989817573,3.5182170614479602e-09,0,0,1,0,0,1,0
1121,0.9531516183905184,2,1119,1.045964,31.905121577137496,3.8257,-0.05865,0.017282501,-4.1096969696981343e-05,5.3263999999997313e-05,0.0004145209999999,0.96855513638948,2.7427254456431044e-09,0,0,1,0,0,1,0
1347,0.7757925072001396,2,1346,0.701671,34.03493465930351,3.8234,-0.096,0.089551,-0.0108170363636363,0.00076,0.053361,0.5547323781981244,3.144446448073661e-09,1,0,0,0,1,0,0
3,0.0606060605876951,0,2,1.7881558802945825,52.751738383515125,3.4030834056443755,-3.951642628329457,0.016776592,0.0453242740444096,1.2765000000003121e-06,3.811000000000092e-05,1.053400975871503,9.679372468582304e-09,0,1,0,0,0,0,1
1795,0.978189749176782,2,1794,0.898435,32.04306632220156,3.8257,-0.05865,0.016629161,-0.0004585999999999,0.000172458,0.001063984,0.8424389269636531,2.7672742796647703e-09,0,0,1,0,0,1,0
864,0.9588431590549628,2,862,0.94552,35.39189124724725,3.8257,-0.05865,0.017488969,-0.0007877575757576,-5.847299999999986e-05,0.000937091,0.8774590141114327,3.4271862751579932e-09,0,0,1,0,0,1,0
347,0.4042056074719135,1,346,1.066517,33.943548457908264,3.8257,-0.05865,0.015497554,-7.69696969697295e-05,-1.074199999999935e-05,-0.000212262,0.9952315497836466,3.1261801843766143e-09,0,0,1,0,0,1,0
316,0.273200346918706,0,315,1.061522,36.42847392524888,3.8257,-0.05865,0.015469375,-4.670303030304857e-05,-1.0808999999998778e-05,-0.0001353509999999,0.9914965636926434,3.658321372195884e-09,0,0,1,0,0,1,0
366,0.347328244271495,1,364,1.071506,36.080230885633306,3.8257,-0.05865,0.016465409,6.030303030356623e-06,-2.9551999999998663e-05,-0.000391464,0.9930905750995632,3.5791570144849104e-09,0,0,1,0,0,1,0
628,0.6111111111051549,1,627,1.046552,37.98613285609394,3.8257,-0.05865,0.015643669,-6.476969696967597e-05,8.319999999992223e-07,-7.277900000000198e-05,0.977201020757837,4.031986667191088e-09,0,0,1,0,0,1,0
566,0.3080697928009375,0,565,1.057009,33.980511262142414,3.8257,-0.05865,0.015497273,-4.2393939393889424e-05,8.136000000000601e-06,-6.790399999999884e-05,0.99112960620515,3.13355679959126e-09,0,0,1,0,0,1,0
695,0.7940503432403426,2,694,1.005791,35.55551608633307,3.8257,-0.05865,0.015444269,-0.0003082363636363,9.388000000000798e-06,8.019999999994004e-07,0.9419617854915234,3.4627767450695227e-09,0,0,1,0,0,1,0
816,0.7600373482655459,2,814,1.028433,34.123982129921295,3.8257,-0.05865,0.016007351,-7.349090909089134e-05,-2.271499999999954e-05,-0.000430228,0.9556799522732912,3.1623373672802683e-09,0,0,1,0,0,1,0
1670,0.8476383951201237,2,1669,0.673248,34.03493465930351,3.8048,-0.112,0.098613,0.0003952303030303,0.000346,0.061035,0.5495928959652048,3.144446448073661e-09,1,0,0,0,1,0,0
830,0.9775943396111132,2,829,0.900136,38.19530640623081,3.8257,-0.05865,0.016162563,-0.0011009818181817,4.519500000000135e-05,0.00104811,0.849778949246596,4.084687318526835e-09,0,0,1,0,0,1,0
265,0.2453531598490209,0,264,1.058317,33.62968446000013,3.8257,-0.05865,0.015285502,1.4939393939436695e-05,1.6859999999990075e-06,-0.000252774,0.9975887828443502,3.0641683221226515e-09,0,0,1,0,0,1,0
469,0.5194660734091272,1,467,1.066475,35.48968448220974,3.8257,-0.05865,0.016438784,-0.0001341212121211,1.7615000000002073e-05,-0.0001130939999999,0.9897073589923958,3.448417858419709e-09,0,0,1,0,0,1,0
106,0.1003824091768606,0,105,1.073564,32.160772573705835,3.8257,-0.05865,0.015177503,-2.0175757575729656e-05,-4.45900000000006e-06,-0.000120003,1.001700970663621,2.788377349853676e-09,0,0,1,0,0,1,0
558,0.3276470588216021,0,557,1.171046,34.03493465930351,3.8239,-0.0418,0.098518,-0.0096195696969696,2.8000000000000247e-05,0.0437279999999999,0.919850473221306,3.144446448073661e-09,1,0,0,0,1,0,0
497,0.4621848739452644,1,495,1.063163,35.336437358473034,3.8257,-0.05865,0.015724957,3.2490909090935664e-05,-5.581399999999778e-05,-0.0007126219999999,0.9879530947555448,3.415199044386886e-09,0,0,1,0,0,1,0
808,0.8925802879192405,2,806,1.012106,34.79105264319259,3.8257,-0.05865,0.017415039,-0.0003720363636363,-8.438699999999827e-05,0.000822142,0.9412522924346866,3.299294777747693e-09,0,0,1,0,0,1,0
266,0.5115830115731355,1,265,1.062124,32.21198439790992,3.8257,-0.05865,0.017471282,-0.0001884606060605,-5.8311999999997866e-05,-0.0002883779999999,0.9930921766188692,2.7976039610581727e-09,0,0,1,0,0,1,0
163,0.2076923076896449,0,162,1.029139,34.03493465930351,3.8297,-0.0383,0.182687,-0.000520806060606,-0.000531,0.1186739999999999,0.9441105184842696,3.144446448073661e-09,1,0,0,1,0,0,0
384,0.3123466884684191,0,382,1.076308,31.92709433302328,3.8257,-0.05865,0.016059332,-1.0896969696978133e-05,8.341699999999883e-05,-0.0003103719999999,0.9968371517509584,2.7466225971650078e-09,0,0,1,0,0,1,0
615,0.8561452513846907,2,613,0.988356,34.15714421026156,3.8257,-0.05865,0.017851708,-0.0008517757575757,4.850000000000687e-06,0.000683661,0.9314236601942846,3.1690234263825486e-09,0,0,1,0,0,1,0
589,0.5730994151990927,1,588,1.049295,37.987875564260975,3.8257,-0.05865,0.015637632,-0.0001174606060605,-7.529000000002645e-06,-7.881600000000238e-05,0.97976225268892,4.032423207062034e-09,0,0,1,0,0,1,0
985,0.440071556348658,1,984,1.041957,36.98642299919146,3.8257,-0.05865,0.015446818,-3.124848484844839e-05,-7.830000000007276e-07,-0.000151186,0.9723739221322184,3.788435359665043e-09,0,0,1,0,0,1,0
420,0.7980952380800362,2,419,1.007258,34.36412172128518,3.8257,-0.05865,0.018214429,-0.0008678363636363,-4.243299999999797e-05,0.000434408,0.9458265646274472,3.21104131585416e-09,0,0,1,0,0,1,0
754,0.3441499085907489,1,753,1.044271,35.93254008594517,3.8257,-0.05865,0.015263486,-1.6024242424213815e-05,1.021399999999971e-05,-9.421199999999975e-05,0.9804947208803384,3.5460498971361532e-09,0,0,1,0,0,1,0
338,0.1858797573073035,0,337,1.24624,34.03493465930351,3.8266,-0.0327,0.093327,0.0003111515151515,0.0,0.0397249999999999,0.9517169225599768,3.144446448073661e-09,1,0,0,0,1,0,0
28,0.5652173911814745,1,26,0.6391428272150887,9.4879310296259,3.332884478489108,-0.6340722598435242,0.016776592,-0.0035692513058706,1.2765000000003121e-06,3.811000000000092e-05,0.8925300108147548,5.742605010536437e-10,0,1,0,0,0,0,1
283,0.2533692722349203,0,282,1.056763,37.62335053663549,3.8257,-0.05865,0.014963564,-4.1872727272720415e-05,1.6990000000008387e-06,1.499200000000013e-05,0.9948120729679912,3.942028517276943e-09,0,0,1,0,0,1,0
133,0.2490566037688857,0,132,1.083058,32.809195657937885,3.8257,-0.05865,0.017298872,-0.0001237696969696,9.691900000000088e-05,-0.0003751009999999,1.004060525940086,2.907244234376047e-09,0,0,1,0,0,1,0
588,0.2996426748325694,0,587,1.052474,34.03493465930351,3.8343,-0.0715,0.080281,-7.25212121211834e-05,-0.0003359999999999,0.044125,0.8494941651828737,3.144446448073661e-09,1,0,0,0,1,0,0
686,0.9395604395475337,2,684,0.925016,34.03469473694981,3.8257,-0.05865,0.018301021,-0.0009549757575757,-2.451799999999768e-05,0.002061559,0.8582151104480548,3.144398367228423e-09,0,0,1,0,0,1,0
137,0.2424242424199211,0,136,1.067236,32.533080184688174,3.8257,-0.05865,0.01713712,-0.000134909090909,-6.586100000000039e-05,-0.000705581,0.9961181450352112,2.8560822202029875e-09,0,0,1,0,0,1,0
240,0.3399999999951428,1,238,1.068379,32.47707456478096,3.8257,-0.05865,0.017333265,-6.418787878789947e-05,8.560000000004675e-07,0.0002742259999999,0.997789391695136,2.8458040347163467e-09,0,0,1,0,0,1,0
437,0.411709159580626,1,436,1.014427,31.98129671640313,3.8257,-0.05865,0.017611468,-0.0001334363636363,0.000501824,0.000570906,0.9853101011994548,2.75625737294889e-09,0,0,1,0,0,1,0
33,0.0355097365402576,0,31,1.097862,30.34810131399633,3.8257,-0.05865,0.016820231,-7.52181818181193e-05,-7.918999999998594e-06,-0.0001320229999999,1.002944349689715,2.478894792909628e-09,0,0,1,0,0,1,0
691,0.7865296803563181,2,689,1.050258,32.627593300820365,3.8257,-0.05865,0.01749834,-0.0001494969696969,1.3999999999569912e-08,0.000691119,0.9635615495768252,2.8735029704554033e-09,0,0,1,0,0,1,0
412,0.4560622914298547,1,410,1.070254,35.485017596606966,3.8257,-0.05865,0.016378092,-0.000127703030303,2.461299999999972e-05,-0.0001737859999999,0.9932143367552428,3.447401969833668e-09,0,0,1,0,0,1,0
491,0.4666030534306622,1,489,1.061175,31.96549685266163,3.8257,-0.05865,0.017376352,-0.0002768727272727,0.000236511,0.0005194789999999,0.9835156229001788,2.753445728058988e-09,0,0,1,0,0,1,0
99,0.140988372090974,0,97,1.064611,32.44121528021976,3.8257,-0.05865,0.015901722,-0.0001201212121211,1.6298000000001395e-05,-0.00398441,0.9985377566429368,2.839240578337173e-09,0,0,1,0,0,1,0
787,0.7204399633297852,2,786,1.018077,37.929248757748205,3.8257,-0.05865,0.015330001,-0.0001525515151515,-2.14600000000148e-06,-0.000173206,0.9580864188817207,4.017760720537598e-09,0,0,1,0,0,1,0
435,0.2501440922175784,0,434,1.088059,34.03493465930351,3.8265,-0.0781,0.083361,-0.000323103030303,0.001404,0.047171,0.860205932252969,3.144446448073661e-09,1,0,0,0,1,0,0
292,0.3112299465207355,0,291,0.933852,34.03493465930351,3.8597,-0.0284,0.09666,-0.0007412969696969,0.0005499999999999,0.065437,0.8965931740588121,3.144446448073661e-09,1,0,0,1,0,0,0
624,0.3808068459634425,1,623,1.043148,36.55727046735129,3.8257,-0.05865,0.015250398,-5.09151515151391e-05,-4.838999999999538e-06,-0.000217188,0.98358967782815,3.687995593873415e-09,0,0,1,0,0,1,0
464,0.333573487029297,1,463,1.034156,36.40926423227892,3.8257,-0.05865,0.014761565,-7.347878787877296e-05,-3.149999999989967e-07,-0.0002101429999999,0.9859067114484256,3.65391393677813e-09,0,0,1,0,0,1,0
235,0.229783037473079,0,233,1.072669,33.649127647822034,3.8257,-0.05865,0.016850643,-8.763636363632308e-05,-1.7361999999999933e-05,0.0001628119999999,0.998262505862996,3.067977481637323e-09,0,0,1,0,0,1,0
589,0.6873536299685321,2,587,1.045137,32.569257193181855,3.8257,-0.05865,0.017307326,-0.0002546484848484,-1.0546000000000166e-05,0.0005286869999999,0.9748939417117826,2.862739162308611e-09,0,0,1,0,0,1,0
154,0.3135245901575097,0,153,1.021096,32.217911748423205,3.8257,-0.05865,0.017090671,-0.0002123696969696,-7.536799999999927e-05,-0.0007734519999999,0.9767271906380748,2.798673635141874e-09,0,0,1,0,0,1,0
1249,0.9504950494977116,2,1248,0.917676,37.01455893365238,3.8257,-0.05865,0.016346179,-0.0005018303030302,5.886000000000086e-06,0.0007775059999999,0.8614184817911816,3.7951052438278495e-09,0,0,1,0,0,1,0
469,0.8666666666506173,2,468,0.948896,34.51557585094471,3.8257,-0.05865,0.018784717,-0.0015681515151515,0.0002065449999999,0.0014756619999999,0.888299744620938,3.2421037302912003e-09,0,0,1,0,0,1,0
150,0.2338072669789287,0,148,1.075305,32.30432203199271,3.8257,-0.05865,0.016650913,-9.45696969697006e-05,7.826999999998446e-06,-0.000351064,0.99950643034812,2.814309371867274e-09,0,0,1,0,0,1,0
381,0.3773584905622903,1,380,1.057585,33.29393507365787,3.8257,-0.05865,0.015203666,-6.265454545454259e-05,-1.9340000000003105e-06,-0.000231176,0.991573010004941,2.9990572836200253e-09,0,0,1,0,0,1,0
951,0.8069727891087843,2,949,1.049023,29.84561651261265,3.8257,-0.05865,0.017758582,-0.0001023333333332,0.0001790559999999,0.0007197509999999,0.9755621914236108,2.398757920267075e-09,0,0,1,0,0,1,0
225,0.3441358024638251,1,223,1.061672,33.72329644516729,3.8257,-0.05865,0.016401235,-6.36666666666534e-05,-2.1936000000000178e-05,0.000289783,0.9938524993002502,3.082547139569977e-09,0,0,1,0,0,1,0
1862,0.9231150793605004,2,1861,0.898997,34.03493465930351,3.7744,-0.0691,0.081208,-0.0084469212121211,-0.0032179999999999,0.027996,0.8318108091353303,3.144446448073661e-09,1,0,0,0,1,0,0
253,0.5195876288552662,1,252,1.049105,34.36451833390414,3.8257,-0.05865,0.017060664,-0.0001578242424242,-4.634800000000161e-05,-0.0004990919999999,0.9849696839962672,3.2111223087997747e-09,0,0,1,0,0,1,0
612,0.7035755478580903,2,610,1.049191,32.550907655502435,3.8257,-0.05865,0.016673721,-0.0002328181818181,2.921999999998953e-06,0.0003625499999999,0.9591603709419088,2.8593609184947678e-09,0,0,1,0,0,1,0
260,0.532921810688623,1,259,1.039749,29.413070460405173,3.8257,-0.05865,0.017370984,-0.0002543151515151,7.930800000000016e-05,-0.000378543,0.9771259734853004,2.3316491236416413e-09,0,0,1,0,0,1,0
232,0.2848335388374249,0,231,1.061667,34.095989713541975,3.8257,-0.05865,0.015252455,-5.686060606062388e-05,1.243999999999204e-06,-0.0001890139999999,0.9980165015788084,3.156703463664886e-09,0,0,1,0,0,1,0
939,0.476383951241867,1,938,0.900909,34.03493465930351,3.8264,-0.0861,0.082924,0.0008254545454545,0.0015889999999999,0.045346,0.7354395205201005,3.144446448073661e-09,1,0,0,0,1,0,0
220,0.4328063241021184,1,219,1.057671,32.53319458461539,3.8257,-0.05865,0.016966268,-0.0001718424242423,-1.8311999999999492e-05,-0.000262561,0.993864875023492,2.8561032490311733e-09,0,0,1,0,0,1,0
749,0.5696877380002309,1,748,1.036211,36.809002047001535,3.8257,-0.05865,0.01560871,-5.0163636363603706e-05,-3.2959999999998546e-06,4.003699999999971e-05,0.9726867722761868,3.746617700099981e-09,0,0,1,0,0,1,0
15,0.0264150943391242,0,14,1.087916,32.62432505767594,3.8257,-0.05865,0.017474383,0.0001550181818182,6.473400000000032e-05,-0.0001995899999999,1.008564186902857,2.8728989749986223e-09,0,0,1,0,0,1,0
727,0.66544454628171,2,726,1.025726,37.68278463685142,3.8257,-0.05865,0.015409711,-0.0001108,2.827899999999911e-05,-9.34960000000002e-05,0.965284698597328,3.956641826851951e-09,0,0,1,0,0,1,0
715,0.834112149522966,2,714,0.99485,32.2117725551784,3.8257,-0.05865,0.014886948,-0.0004334303030302,6.270000000013071e-07,-0.0001054969999999,0.9339560645888096,2.7975657378459203e-09,0,0,1,0,0,1,0
986,0.4405187835400692,1,985,1.042,37.003857127890896,3.8257,-0.05865,0.015418021,-3.510909090908386e-05,-2.879699999999881e-05,-0.0001799829999999,0.9724140505431332,3.792567041466505e-09,0,0,1,0,0,1,0
462,0.4376784015181953,1,460,1.07252,34.57852574238227,3.8257,-0.05865,0.016864171,-0.0001093818181818,4.6855000000001895e-05,-0.0001140559999999,0.9903469520043876,3.255093569871024e-09,0,0,1,0,0,1,0
985,0.499746063989336,1,984,0.885854,34.03493465930351,3.8259,-0.0793,0.082788,0.0001330363636364,0.000172,0.04521,0.7231496644065196,3.144446448073661e-09,1,0,0,0,1,0,0
449,0.92181069956951,2,448,0.902751,34.61140669501265,3.8257,-0.05865,0.020517733,-0.0017826303030302,9.039199999999815e-05,0.0022385379999999,0.8443364285286724,3.261897179892458e-09,0,0,1,0,0,1,0
91,0.1133501259431568,0,90,1.062233,34.38872079381144,3.8257,-0.05865,0.015297757,-2.65090909090717e-05,1.329000000000087e-05,-0.0002560469999999,1.003851980377203,3.2160682068228284e-09,0,0,1,0,0,1,0
425,0.4924330616939181,1,423,1.072846,36.62355561031522,3.8257,-0.05865,0.016223423,2.756969696968945e-05,-1.0870999999999104e-05,-0.000607427,0.9923046044733184,3.703351428006976e-09,0,0,1,0,0,1,0
447,0.4977628635291078,1,445,1.069321,34.87886052641508,3.8257,-0.05865,0.016898982,-3.691515151511359e-05,-6.384599999999935e-05,-0.0002606789999999,0.9903055133919682,3.317713736220875e-09,0,0,1,0,0,1,0
836,0.9066232356036196,2,835,0.979048,38.43536236748697,3.8257,-0.05865,0.015709981,-0.0005110545454545,-7.013000000000158e-06,0.000426843,0.925922283085676,4.145929049584915e-09,0,0,1,0,0,1,0
303,0.4203910614466425,1,301,1.058869,34.642209234301724,3.8257,-0.05865,0.016961917,-1.1975757575773082e-05,-3.0853000000000824e-05,-0.0002061299999999,0.9978748949227424,3.268282309359316e-09,0,0,1,0,0,1,0
354,0.4013683010216491,1,352,1.065465,34.92641716698473,3.8257,-0.05865,0.016754525,0.0001394181818181,8.75499999999918e-06,-0.000366661,0.9948635157418628,3.3277279028172756e-09,0,0,1,0,0,1,0
43,0.0737410071929183,0,41,1.083934,33.108528717181414,3.8257,-0.05865,0.01498013,-5.5903030303040415e-05,2.5139999999999885e-05,-0.000368644,1.0013811401843429,2.9636369362957503e-09,0,0,1,0,0,1,0
552,0.6417736289306677,1,550,1.047816,34.664287283510134,3.8257,-0.05865,0.017411731,-0.0001901818181817,3.220000000005163e-07,0.0006696539999999,0.9722272739081864,3.272865819555781e-09,0,0,1,0,0,1,0
612,0.5652173912991192,1,611,0.689226,34.03493465930351,3.8707,-0.039,0.106212,-0.0022994121212121,-0.000283,0.074297,0.6823952238096652,3.144446448073661e-09,1,0,0,1,0,0,0
401,0.2305475504309478,0,400,1.122275,34.03493465930351,3.8268,-0.0724,0.084482,-0.0005809878787878,0.001225,0.048292,0.8872566769074111,3.144446448073661e-09,1,0,0,0,1,0,0
909,0.741618969740461,2,907,1.046128,29.88422064561732,3.8257,-0.05865,0.016843475,-0.0002214363636363,9.978000000000764e-06,0.000473771,0.9688855382352696,2.404830893471801e-09,0,0,1,0,0,1,0
778,0.8283582089463928,2,777,1.021059,34.95731701622825,3.8257,-0.05865,0.015594356,-0.0002809696969696,2.940999999999361e-06,-0.0001500359999999,0.9554778657298968,3.334249123149026e-09,0,0,1,0,0,1,0
321,0.3888213851714602,1,320,1.03909,35.79522914688712,3.8257,-0.05865,0.015561167,-2.2666666666630157e-05,-7.860999999999632e-06,-0.000210319,0.9941989354668648,3.5155163338146905e-09,0,0,1,0,0,1,0
110,0.1483516483496105,0,108,1.078904,33.165053747465365,3.8257,-0.05865,0.016296906,-4.593939393935424e-05,6.380000000007213e-07,5.7444000000000245e-05,1.00098994560402,2.9743955509849043e-09,0,0,1,0,0,1,0
781,0.7682445759293073,2,779,1.01901,36.0195497165048,3.8257,-0.05865,0.017141789,-0.0001476242424241,2.920000000000006e-06,0.000453958,0.9483256028648644,3.5655210015599235e-09,0,0,1,0,0,1,0
92,0.714285714229025,2,90,1.4474169057725728,39.33636206194418,3.353308872329982,-1.8545310784984723,0.016776592,0.0172592021548621,1.2765000000003121e-06,3.811000000000092e-05,2.0990140435685447,4.383196946057067e-09,0,1,0,0,0,0,1
481,0.917782026751094,2,480,0.903541,30.199285790204627,3.8257,-0.05865,0.019936994,-0.0017113636363635,0.0002667589999999,0.0025001789999999,0.8492094298853643,2.4549142952721056e-09,0,0,1,0,0,1,0
66,0.0915593705280177,0,64,1.08415,33.66309566939894,3.8257,-0.05865,0.016750349,-1.1703030302981027e-05,-1.765899999999973e-05,-1.7550999999997596e-05,1.003960650928396,3.070716612844477e-09,0,0,1,0,0,1,0
553,0.6315789473611948,1,552,1.036846,35.13181417186291,3.8257,-0.05865,0.01521556,-0.0001403515151515,-2.408700000000076e-05,-0.000227907,0.9710459821570724,3.371291410537614e-09,0,0,1,0,0,1,0
34,0.2519083969273352,0,33,1.3063657719651272,37.843091229031046,3.406245698013472,-1.7115169207570664,0.016776592,-0.0014924041628015,1.2765000000003121e-06,3.811000000000092e-05,1.751324191258546,3.996299569724855e-09,0,1,0,0,0,0,1
512,0.5579868708910505,1,510,1.055701,33.41315297370986,3.8257,-0.05865,0.017136665,2.7448484848493997e-05,-6.1130000000020335e-06,0.000510329,0.9779953569119204,3.022033235870046e-09,0,0,1,0,0,1,0
294,0.2290852228285451,0,293,1.158212,34.03493465930351,3.8249,-0.0695,0.088121,-0.000451406060606,0.000204,0.049823,0.9274941261449412,3.144446448073661e-09,1,0,0,0,1,0,0
712,0.6629318393962379,2,710,1.040892,31.49281451547398,3.8257,-0.05865,0.016459389,-0.0001022242424242,6.599999999995498e-08,2.181000000000058e-05,0.9672575820511892,2.670512861832344e-09,0,0,1,0,0,1,0
693,0.8987012986896272,2,692,0.937825,37.90079785942986,3.8257,-0.05865,0.015518748,-0.000415806060606,1.6787000000000746e-05,0.001580779,0.878212793771579,4.0106624303110106e-09,0,0,1,0,0,1,0
532,0.892436974774917,2,531,0.912665,29.612044439814703,3.8257,-0.05865,0.01984621,-0.0009646363636363,6.035700000000047e-05,0.001459306,0.8568795693937582,2.362306979254181e-09,0,0,1,0,0,1,0
765,0.623875715448701,1,763,1.057823,32.2334063486842,3.8257,-0.05865,0.016236633,4.8006060606088806e-05,-1.9572999999998425e-05,-0.0001330709999999,0.9797170200134664,2.801471590520474e-09,0,0,1,0,0,1,0
412,0.6327160493729519,1,410,1.044122,35.82484408079846,3.8257,-0.05865,0.0163044,-0.0001698787878787,7.961000000000773e-06,0.000192948,0.9774235915371,3.522081722986679e-09,0,0,1,0,0,1,0
233,0.3295292439325317,0,231,1.073635,32.26386013774105,3.8257,-0.05865,0.016728707,-2.678181818178785e-05,6.74489999999972e-05,0.000248023,0.996106072189358,2.8069781437136387e-09,0,0,1,0,0,1,0
270,0.5445344129444426,1,269,1.044679,32.621848396565284,3.8257,-0.05865,0.01728742,-0.0001839696969696,-8.905099999999971e-05,-0.0003637969999999,0.9833420559199378,2.872441345705165e-09,0,0,1,0,0,1,0
309,0.6062992125864901,1,308,1.049856,33.91140598380878,3.8257,-0.05865,0.017249171,-0.0002680666666666,2.209900000000112e-05,-7.282200000000016e-05,0.977281147429584,3.119778234039104e-09,0,0,1,0,0,1,0
1268,0.9906176700469852,2,1267,1.283348,34.03493465930351,3.8227,-0.066,0.091535,-0.0008150606060605,0.000328,0.053237,1.02770281416516,3.144446448073661e-09,1,0,0,0,1,0,0
221,0.2673147023053789,0,220,1.045519,35.60177821880588,3.8257,-0.05865,0.015537724,-3.046666666664787e-05,1.3289999999995666e-06,-0.000233762,1.0003501879629109,3.472899302994853e-09,0,0,1,0,0,1,0
435,0.6194563662286201,1,433,1.056662,35.98509221037738,3.8257,-0.05865,0.017037731,-0.0002210848484848,5.449899999999952e-05,0.000269831,0.9785058057753088,3.5577986232956517e-09,0,0,1,0,0,1,0
581,0.5593056894835169,1,580,1.054594,34.516812676419406,3.8257,-0.05865,0.01595117,-5.9781818181817154e-05,4.825999999999442e-06,1.3757999999999132e-05,0.9871074386353766,3.242358502948174e-09,0,0,1,0,0,1,0
749,0.5848318999172414,1,748,0.992747,34.03493465930351,3.8264,-0.0814,0.085366,4.54848484848327e-05,-0.000393,0.047068,0.7949900460779306,3.144446448073661e-09,1,0,0,0,1,0,0
62,0.1210317460293446,0,61,1.074538,33.26841751120332,3.8257,-0.05865,0.017107582,-6.416363636363085e-05,-3.468599999999905e-05,-0.000639796,1.0060812158311978,2.994159910432916e-09,0,0,1,0,0,1,0
377,0.4406580493485234,1,375,1.064191,35.82352934770645,3.8257,-0.05865,0.016646899,-0.0001155818181818,3.420000000003976e-07,-5.237799999999876e-05,0.9897287569694068,3.521790024197154e-09,0,0,1,0,0,1,0
270,0.3414012738810013,1,268,1.052958,33.47429395429107,3.8257,-0.05865,0.016286306,-4.123030303031549e-05,-3.445200000000079e-05,-0.0002887719999999,0.999220899258763,3.033877683097081e-09,0,0,1,0,0,1,0
827,0.7911877394560232,2,826,1.027185,36.51079832096408,3.8257,-0.05865,0.015648261,-0.0001779696969696,-1.0638999999999788e-05,-0.000397483,0.9607339171523251,3.6772637874890965e-09,0,0,1,0,0,1,0
1079,0.8210205635885681,2,1078,0.996116,36.31567151873154,3.8257,-0.05865,0.015965903,-0.0003014606060606,2.526999999998697e-06,0.00039723,0.9350497696440844,3.6325082668576387e-09,0,0,1,0,0,1,0
800,0.7934458788401842,2,799,1.021002,33.370610861392365,3.8257,-0.05865,0.015249176,-0.0002278787878787,-1.4100000000003e-06,-0.000185666,0.9572734355735611,3.0138163445706916e-09,0,0,1,0,0,1,0
440,0.4695187165725185,1,439,0.873398,34.03493465930351,3.8681,-0.0203,0.096529,-0.0008372969696969,0.000292,0.065306,0.838551167676054,3.144446448073661e-09,1,0,0,1,0,0,0
855,0.4710424710398729,1,854,1.073894,34.03493465930351,3.8194,-0.0448,0.097826,-0.010502309090909,0.0018959999999999,0.044224,0.8201013390965011,3.144446448073661e-09,1,0,0,0,1,0,0
544,0.6721105527553755,2,535,0.133293,34.03493465930351,4.0236,-0.1165,0.0,0.0017955333333333,0.0,-0.121369,0.3583125897172595,3.144446448073661e-09,1,0,0,1,0,0,0
666,0.6548323471335815,1,664,1.041122,34.4370075014493,3.8257,-0.05865,0.017262403,-0.0001837636363636,-1.1620000000024666e-06,0.0005745719999999,0.9689037873091272,3.225956283445961e-09,0,0,1,0,0,1,0
118,0.1889250814301478,0,116,1.074204,33.9042560866667,3.8257,-0.05865,0.016400229,-4.03272727272559e-05,-4.597000000002016e-06,0.0001398749999999,1.001167807290361,3.118355760754917e-09,0,0,1,0,0,1,0
891,0.4947192884908576,1,890,1.041547,33.33078935560236,3.8257,-0.05865,0.015802469,-0.0001213636363636,-1.5160000000000171e-06,2.4360000000001047e-05,0.9744994863407817,3.006143117357782e-09,0,0,1,0,0,1,0
942,0.9297725024636028,2,940,0.941697,33.31658309176221,3.8257,-0.05865,0.018213149,-0.0006731575757575,1.2489000000000944e-05,0.001275334,0.8725128394235856,3.003409953772971e-09,0,0,1,0,0,1,0
404,0.2457317073155748,0,403,1.060251,34.34515849952165,3.8257,-0.05865,0.016023852,-3.1406060606027016e-05,-6.674399999999706e-05,-0.0004056239999999,0.9948747927443882,3.20717094314325e-09,0,0,1,0,0,1,0
638,0.8736263736143732,2,636,0.970942,33.93297096111665,3.8257,-0.05865,0.017641826,-0.0009490424242423,1.8497999999998738e-05,0.0014023639999999,0.9008245217041168,3.124072119381352e-09,0,0,1,0,0,1,0
430,0.7181208053570785,2,428,1.041925,36.140415013295296,3.8257,-0.05865,0.017048081,-0.0004297515151514,-9.3316999999999e-05,0.000362377,0.9612244408444623,3.592727529305729e-09,0,0,1,0,0,1,0
3,0.0017985611510467,0,1,1.083614,33.47961860551329,3.8257,-0.05865,0.015273424,-9.664545454543671e-05,-7.535000000000007e-05,-7.535000000000007e-05,1.0010855115161226,3.034911164136246e-09,0,0,1,0,0,1,0
797,0.4424680377963176,1,796,1.047063,34.05262890037435,3.8257,-0.05865,0.015670542,-5.452121212121731e-05,-7.84499999999938e-06,-0.0001075669999999,0.9796604048270868,3.147994223909335e-09,0,0,1,0,0,1,0
801,0.3577817531289902,1,800,1.049045,37.873225344533374,3.8257,-0.05865,0.015236529,6.418181818226669e-06,3.357000000000013e-05,-0.000361475,0.978988577401172,4.003794020574879e-09,0,0,1,0,0,1,0
59,0.7160493826276483,2,58,1.0126262447940628,10.988248985047369,3.3994343538904057,-1.6294399730001763,0.016776592,-0.0037203265344039,1.2765000000003121e-06,3.811000000000092e-05,1.267367343572744,6.425442800945151e-10,0,1,0,0,0,0,1
511,0.4843006660277422,1,509,1.068544,33.709091889934136,3.8257,-0.05865,0.0171526,-1.1690909090872534e-05,-1.0547999999999114e-05,0.000174373,0.9866755803925116,3.079752007830686e-09,0,0,1,0,0,1,0
585,0.3021210553528085,0,584,1.055,35.93780135651965,3.8257,-0.05865,0.016010232,-5.2836363636308416e-05,2.2881999999998376e-05,4.280000000002338e-07,0.9867559579482956,3.54722455407225e-09,0,0,1,0,0,1,0
335,0.3885647607889315,1,333,1.069338,35.83496070252568,3.8257,-0.05865,0.016714228,5.627878787879056e-05,2.6041000000000952e-05,-2.784899999999993e-05,0.9921966916199334,3.5243270151142767e-09,0,0,1,0,0,1,0
1010,0.997032640939693,2,1008,0.884038,32.90014238779533,3.8257,-0.05865,0.0202257,-0.0010021878787878,9.84199999999949e-06,0.003287885,0.8190899042243394,2.924275286533578e-09,0,0,1,0,0,1,0
1638,0.8468701500214855,2,1637,0.981396,37.26775711621089,3.8257,-0.05865,0.015986182,-0.0002217212121211,5.150000000002375e-06,-2.362199999999745e-05,0.9179131280631524,3.855603725299398e-09,0,0,1,0,0,1,0
286,0.5080213903652759,1,285,1.046783,32.95424740171606,3.8257,-0.05865,0.017446615,-0.0001701272727272,-6.698200000000015e-05,-0.000396086,0.97702808021318,2.9344496730880355e-09,0,0,1,0,0,1,0
353,0.3764705882312676,1,352,0.902296,34.03493465930351,3.8653,-0.0268,0.096894,-0.0006909696969696,0.0002749999999999,0.065671,0.8662961953077896,3.144446448073661e-09,1,0,0,1,0,0,0
583,0.704600484252971,2,582,1.013205,31.461096486558795,3.8257,-0.05865,0.015184044,-0.0001763393939393,-7.530999999999857e-06,-0.0001848059999999,0.9649038434067452,2.665029108544665e-09,0,0,1,0,0,1,0
704,0.614510489505118,1,703,1.034435,37.36667874563528,3.8257,-0.05865,0.015058039,-6.741212121212428e-05,1.8046000000000728e-05,-7.573999999999949e-05,0.969055717881677,3.8794737600268534e-09,0,0,1,0,0,1,0
350,0.6474953617690632,1,349,0.97316,38.144581254607935,3.8257,-0.05865,0.014382235,-0.0003167393939393,-3.2660000000000328e-06,0.0012096009999999,0.925695869963492,4.0718508673418014e-09,0,0,1,0,0,1,0
908,0.4692188308304748,1,907,1.041511,35.91810580008658,3.8257,-0.05865,0.016068231,-5.3369696969650406e-05,-6.127000000001603e-06,5.8426999999999785e-05,0.9741395113921208,3.542829020020721e-09,0,0,1,0,0,1,0
236,0.5245535714168627,1,235,1.067891,33.16358779735371,3.8257,-0.05865,0.018316271,-0.0001561272727272,2.9010999999998927e-05,0.0003899989999999,0.9995984349258648,2.974116088901705e-09,0,0,1,0,0,1,0
1133,0.98178664353008,2,1132,0.894222,37.03603684427577,3.8257,-0.05865,0.017067278,-0.0006426303030303,1.6222000000003234e-05,0.001462552,0.8352328450831569,3.800203867898614e-09,0,0,1,0,0,1,0
1432,0.8417647058774015,2,1431,0.959617,34.03493465930351,3.8075,-0.0455,0.102962,0.0042954848484848,0.042996,0.048172,0.7537741058517002,3.144446448073661e-09,1,0,0,0,1,0,0
1247,0.6872586872548966,2,1246,1.01999,34.03493465930351,3.8187,-0.0442,0.099287,-0.0001506545454545,0.0011199999999999,0.045685,0.7789364358726655,3.144446448073661e-09,1,0,0,0,1,0,0
277,0.3139269406356857,0,275,1.086704,32.28730698905104,3.8257,-0.05865,0.016984653,-3.629696969690401e-05,-1.6168999999999906e-05,0.0001774319999999,0.9969990137388473,2.811224349122683e-09,0,0,1,0,0,1,0
542,0.5137963843909249,1,540,1.065572,33.479337797872354,3.8257,-0.05865,0.017215464,-5.122424242421639e-05,2.8140000000002885e-06,0.000237237,0.9839312855156264,3.0348566532578804e-09,0,0,1,0,0,1,0
4,0.0022805017103502,0,2,1.072483,33.21999893545456,3.8257,-0.05865,0.017075637,0.0007584999999998,-6.551000000000473e-06,-4.5548999999998896e-05,1.0014164782075248,2.9848870757634e-09,0,0,1,0,0,1,0
1300,0.716492002202336,2,1299,0.985987,34.03493465930351,3.8175,-0.0461,0.099264,0.0092254606060606,0.000627,0.045662,0.7529693424413786,3.144446448073661e-09,1,0,0,0,1,0,0
456,0.4850746268605003,1,455,1.060525,34.93088993426922,3.8257,-0.05865,0.015535593,-2.3296969696934907e-05,-1.4492999999999104e-05,-0.0002087989999999,0.9924090219597486,3.3286711432804754e-09,0,0,1,0,0,1,0
633,0.734575087302275,2,631,1.04646,32.994945694151546,3.8257,-0.05865,0.017292704,-0.0002510121212121,6.195000000000506e-06,0.0004618539999999,0.9678994714965138,2.9421238826877274e-09,0,0,1,0,0,1,0
422,0.5096852300180426,1,421,1.032164,37.7006571538694,3.8257,-0.05865,0.015068821,-8.506060606055332e-05,5.098999999999729e-06,-0.000300029,0.9829590365484576,3.961045706204072e-09,0,0,1,0,0,1,0
333,0.6409266409142678,1,332,1.046801,32.32693549221189,3.8257,-0.05865,0.017539931,-0.0003089151515151,-7.800999999998254e-06,-0.0002197289999999,0.9787650816447128,2.818414159269018e-09,0,0,1,0,0,1,0
312,0.6465696465562044,1,311,0.946741,31.47890514587973,3.8257,-0.05865,0.017423598,-0.0003843878787878,0.0001363469999999,0.000145493,0.9397035600388688,2.6681068135377314e-09,0,0,1,0,0,1,0
430,0.5193704600421384,1,429,1.050156,34.792462779285785,3.8257,-0.05865,0.015055114,-4.5103030302979146e-05,7.835999999998913e-06,-0.000430229,0.9873032855392838,3.2995898472902532e-09,0,0,1,0,0,1,0
534,0.645278450355384,1,533,1.020369,31.59802985277064,3.8257,-0.05865,0.015129827,-0.0001261939393939,-8.698999999999166e-06,-0.0002390229999999,0.9717263236887868,2.688776306958231e-09,0,0,1,0,0,1,0
123,0.0605158730155728,0,122,1.1239,34.03493465930351,3.8279,-0.02,0.08218,0.000473206060606,0.0003309999999999,0.028968,1.0399057709727593,3.144446448073661e-09,1,0,0,0,1,0,0
1008,0.7854914196506593,2,1007,1.012282,33.7011958132386,3.8257,-0.05865,0.015628792,-0.0001109575757575,8.398999999999213e-06,2.0318999999999542e-05,0.9555103524114724,3.078199224833233e-09,0,0,1,0,0,1,0
1154,0.5885655946881646,1,1153,0.822749,34.03493465930351,3.8259,-0.0909,0.084494,-0.0018395333333333,-0.0005409999999999,0.048338,0.6640738630218364,3.144446448073661e-09,1,0,0,0,1,0,0
236,0.3012820512781887,0,235,1.002132,34.03493465930351,3.8313,-0.0379,0.181407,-0.0008580545454545,-0.0006979999999999,0.117394,0.9193348635215244,3.144446448073661e-09,1,0,0,1,0,0,0
16,0.3191489361023087,0,15,1.0445313831308718,12.493460218119653,3.0752264215555254,-1.9928701313578605,0.016776592,-0.003384157044492,1.2765000000003121e-06,3.811000000000092e-05,0.9769811583921554,7.183585011934871e-10,0,1,0,0,0,0,1
486,0.2216636197430454,0,485,1.054037,36.00267061689068,3.8257,-0.05865,0.015173674,-6.350303030304426e-05,-2.68800000000069e-06,-0.0001840239999999,0.9896642864855474,3.5617362973317252e-09,0,0,1,0,0,1,0
943,0.9040307101640688,2,942,1.014167,34.03493465930351,3.8626,-0.0176,0.090591,-0.0039664606060605,0.001666,0.060089,1.00184530459874,3.144446448073661e-09,1,0,0,1,0,0,0
325,0.6113207547054468,1,324,1.048573,33.386509585803445,3.8257,-0.05865,0.017601928,-0.0003202787878788,-0.0001414339999999,-7.204499999999975e-05,0.9720908371172862,3.016884788194345e-09,0,0,1,0,0,1,0
153,0.8994082839704491,2,152,0.868366,33.54110108094336,3.8257,-0.05865,0.018673293,-0.0019526484848484,-2.1206999999998782e-05,0.000821061,0.812179427224602,3.046867444853485e-09,0,0,1,0,0,1,0
125,0.067611777535073,0,124,1.069547,32.9886215053237,3.8257,-0.05865,0.015449915,-3.5018181818170995e-05,1.0990000000000652e-05,-0.0001152619999999,1.0028861598414958,2.940930190270243e-09,0,0,1,0,0,1,0
355,0.1583184257595782,0,354,1.06544,37.3381377564258,3.8257,-0.05865,0.015133484,3.4175757575746795e-05,1.3116000000000516e-05,-0.0004645199999999,0.9942887005860612,3.872573184012627e-09,0,0,1,0,0,1,0
215,0.2085769980486493,0,214,1.070408,36.86819806499814,3.8257,-0.05865,0.015589448,3.0006060606065705e-05,1.1999999999998123e-06,-0.000127,0.9994761753141314,3.760523793601599e-09,0,0,1,0,0,1,0
810,0.9975339087423238,2,809,0.882609,35.04789033626087,3.8257,-0.05865,0.018063238,-0.0013684424242423,0.000192931,0.0026217689999999,0.8296936293978907,3.35343019407635e-09,0,0,1,0,0,1,0
481,0.4532577903639919,1,480,1.011569,32.13274779744344,3.8257,-0.05865,0.017206591,-0.000102709090909,-0.0001055629999999,0.000166029,0.9825341338117294,2.7833398308489784e-09,0,0,1,0,0,1,0
36,0.0398126463695572,0,34,1.077494,31.930147728557923,3.8257,-0.05865,0.016666178,2.369090909094385e-05,5.939999999999418e-06,-0.000112461,1.0050762463014853,2.747164549800798e-09,0,0,1,0,0,1,0
395,0.6400651465693801,1,393,1.050287,36.291570536232,3.8257,-0.05865,0.016499501,-0.0001717151515151,3.579999999999556e-06,0.0002391469999999,0.9788769477823313,3.627014356374439e-09,0,0,1,0,0,1,0
549,0.5204567078922887,1,547,1.065305,32.993691680711635,3.8257,-0.05865,0.017381717,-0.0001765333333333,3.07000000000085e-06,0.00040349,0.9836847422006436,2.9418871527144043e-09,0,0,1,0,0,1,0
456,0.8379373848832792,2,455,0.985437,34.557344510653586,3.8257,-0.05865,0.018673552,-0.0010024303030302,0.000298071,0.0010088489999999,0.9199271479408372,3.2507175733503804e-09,0,0,1,0,0,1,0
181,0.3314917127010775,1,180,1.076093,33.50377788403362,3.8257,-0.05865,0.017848356,-6.827878787877988e-05,0.0001306369999999,0.0001836529999999,1.004556521024783,3.03960429951827e-09,0,0,1,0,0,1,0
215,0.2824933686965186,0,213,1.087709,34.11912152033265,3.8257,-0.05865,0.016629945,-0.0001816787878788,8.030999999998623e-06,3.811700000000071e-05,0.99562284723627,3.161358447761573e-09,0,0,1,0,0,1,0
24,0.0454545454536471,0,23,1.072554,32.41622954342442,3.8257,-0.05865,0.017469654,9.033333333336557e-05,-2.5796999999997544e-05,-0.00040774,1.008543745556989,2.8346753896322404e-09,0,0,1,0,0,1,0
1041,0.4651162790676873,1,1040,1.040075,37.09106398847653,3.8257,-0.05865,0.015441469,-3.291515151517249e-05,3.6559999999994514e-06,-0.000156535,0.9706176042405464,3.813294761215252e-09,0,0,1,0,0,1,0
476,0.6058673469310476,1,475,1.033756,35.247746901682184,3.8257,-0.05865,0.018240271,-7.149696969695814e-05,-5.363000000001283e-06,-0.000312023,0.9852877261740464,3.396105402904158e-09,0,0,1,0,0,1,0
470,0.7095310136049995,2,469,0.938762,32.669759029411665,3.8257,-0.05865,0.017330924,-0.0001754606060605,-0.0001140669999999,0.000231463,0.9186212295422854,2.8813057443822886e-09,0,0,1,0,0,1,0
432,0.6142857142769388,1,430,1.052492,34.482854698397674,3.8257,-0.05865,0.017114963,-0.0002428909090908,3.89590000000016e-05,5.5923999999998864e-05,0.9829520726670938,3.2353700504092916e-09,0,0,1,0,0,1,0
508,0.4385813148750988,1,507,1.042306,37.70125202781757,3.8257,-0.05865,0.015366673,-6.059999999998129e-05,-5.425199999999943e-05,-0.0001020369999999,0.9830933070246012,3.961192361724925e-09,0,0,1,0,0,1,0
584,0.5393154486536604,1,583,0.705393,34.03493465930351,3.8661,-0.0403,0.105631,0.0008797818181818,-0.000278,0.073716,0.6984019960198414,3.144446448073661e-09,1,0,0,1,0,0,0
723,0.9704301075138384,2,722,0.865203,33.23687984711211,3.8257,-0.05865,0.019772705,-0.001408309090909,0.000113366,0.001838979,0.8332575712340299,2.988117073817847e-09,0,0,1,0,0,1,0
68,0.1306042884964794,0,67,1.074901,32.79922152003262,3.8257,-0.05865,0.016947277,-1.284848484845946e-05,0.0,-0.0004033069999999,1.0081957449283083,2.905381869093334e-09,0,0,1,0,0,1,0
392,0.3685202638985059,1,391,1.053812,36.31276393463105,3.8257,-0.05865,0.015037019,-4.567272727270874e-05,-2.686000000000008e-06,-0.0001312789999999,0.990216345431037,3.6318450762720997e-09,0,0,1,0,0,1,0
629,0.5122549019565993,1,627,1.062233,31.46720473252557,3.8257,-0.05865,0.016982486,-4.783636363632773e-05,6.083000000000477e-06,0.000195058,0.9849928181770132,2.666084380214553e-09,0,0,1,0,0,1,0
38,0.0474358974352892,0,37,1.061563,34.03493465930351,3.8393,-0.0214,0.129627,-0.0004789999999999,0.0011769999999999,0.0656139999999999,0.9738556155521428,3.144446448073661e-09,1,0,0,1,0,0,0
802,0.8539445628906829,2,801,1.013094,34.663921908411865,3.8257,-0.05865,0.015648102,-0.0003620969696969,1.20500000000065e-06,-9.628999999999888e-05,0.9480244460934816,3.272789918981522e-09,0,0,1,0,0,1,0
177,0.3352380952317097,1,176,1.070749,33.80903935836186,3.8257,-0.05865,0.017709544,-6.050909090904387e-05,-5.917399999999864e-05,-7.047699999999935e-05,1.0054453260716465,3.0994678138154767e-09,0,0,1,0,0,1,0
768,0.7288296860063861,2,766,1.038758,35.33575533333337,3.8257,-0.05865,0.017103374,-0.0001461515151515,-1.2738999999997724e-05,0.000125147,0.9591716883323144,3.415051848444444e-09,0,0,1,0,0,1,0
265,0.2693877550992919,0,264,1.022984,31.841469683957847,3.8257,-0.05865,0.017490324,-5.432727272725275e-05,0.000217522,0.000254877,0.9984793205158986,2.7314639905362932e-09,0,0,1,0,0,1,0
195,0.157808667210484,0,193,1.081789,29.73117857090238,3.8257,-0.05865,0.016458668,-7.521212121211039e-05,-2.2199000000000524e-05,8.89640000000004e-05,1.0019134537284098,2.3808361719255246e-09,0,0,1,0,0,1,0
1282,0.6984732824389397,2,1281,1.022865,34.458280411194295,3.8257,-0.05865,0.015564298,-6.335151515154335e-05,1.482200000000114e-05,-8.789999999987697e-07,0.9591136732525748,3.2303211703619772e-09,0,0,1,0,0,1,0
557,0.8604651162657292,2,555,0.98262,33.89004043955011,3.8257,-0.05865,0.01799229,-0.0008848969696969,-5.613999999997538e-06,0.001384355,0.9142190452532007,3.1155292851181784e-09,0,0,1,0,0,1,0
212,0.3885819521107075,1,211,1.073638,33.61908965582191,3.8257,-0.05865,0.017934162,0.0003331515151515,0.0003496849999999,0.0002694589999999,1.0022647244429674,3.062094457832375e-09,0,0,1,0,0,1,0
206,0.3803339517554669,1,205,1.070753,32.3016433832238,3.8257,-0.05865,0.017121285,-0.0001223515151514,-4.509999999985359e-07,-0.000310645,0.995376150268609,2.813823500439831e-09,0,0,1,0,0,1,0
983,0.4987303199568373,1,982,0.892298,34.03493465930351,3.8265,-0.0804,0.083862,-0.0050733757575757,0.000695,0.046284,0.7284100983351756,3.144446448073661e-09,1,0,0,0,1,0,0
30,0.6222222220839506,1,28,1.214119211354098,9.25834987796474,3.2963331961890043,-1.0007810921100906,0.016776592,-0.0013519266111571,1.2765000000003121e-06,3.811000000000092e-05,0.9344239327178911,5.644125371304575e-10,0,1,0,0,0,0,1
1070,0.5530263838564251,1,1069,1.034341,35.4640325714376,3.8257,-0.05865,0.016217934,-4.810909090909287e-05,-1.787999999999096e-06,0.00020813,0.9674333121328892,3.4428372634060554e-09,0,0,1,0,0,1,0
1119,0.913327882249278,2,1117,1.012584,30.012749563285062,3.8257,-0.05865,0.016951835,-0.0002978727272726,-4.056800000000124e-05,0.0005821309999999,0.937818310807494,2.4251500737834742e-09,0,0,1,0,0,1,0
461,0.956340956321074,2,460,0.889095,31.837306070115005,3.8257,-0.05865,0.018063821,-0.0004309030303029,1.098199999999966e-05,0.000785716,0.8824860618825614,2.7307288032332693e-09,0,0,1,0,0,1,0
368,0.1820436507927478,0,367,0.990747,34.03493465930351,3.8144,-0.0329,0.076845,0.0017219272727273,0.001223,0.0236329999999999,0.916703908598584,3.144446448073661e-09,1,0,0,0,1,0,0
1531,0.8342420937795298,2,1530,0.987411,34.47673185450225,3.8257,-0.05865,0.015470944,-0.0002063212121212,2.1310000000007018e-06,-9.423299999999912e-05,0.9258693876709028,3.234111426850379e-09,0,0,1,0,0,1,0
1109,0.8438690022784169,2,1108,0.984784,36.25283907605304,3.8257,-0.05865,0.016011385,-0.0004291757575757,-4.605000000001275e-06,0.0004427119999999,0.924412470384152,3.618200986604476e-09,0,0,1,0,0,1,0
604,0.7300242130662224,2,603,1.031331,34.801825027691194,3.8257,-0.05865,0.015080815,-0.0001423636363636,-4.646000000000511e-06,-0.000404528,0.9696049775257344,3.3015494890002807e-09,0,0,1,0,0,1,0
780,0.8761261261162598,2,778,1.017365,34.4226816657033,3.8257,-0.05865,0.017275082,-0.0003559030303029,4.190000000015015e-07,0.0005420879999999,0.9426120907547828,3.2230198176445394e-09,0,0,1,0,0,1,0
396,0.7523809523666213,2,395,1.025868,34.20432874070936,3.8257,-0.05865,0.017965756,-0.0005425999999999,-1.1307000000002064e-05,0.0001857349999999,0.9633015634536832,3.1785585345886183e-09,0,0,1,0,0,1,0
649,0.5939505041192122,1,648,1.03382,37.77494275706918,3.8257,-0.05865,0.01534125,-9.245454545453696e-05,-7.128999999999816e-06,-0.0001619569999999,0.9729017565157652,3.979397192492798e-09,0,0,1,0,0,1,0
262,0.1535294117638027,0,261,1.23448,34.03493465930351,3.8253,-0.037,0.099123,-0.0012505090909091,0.000805,0.044333,0.9696775465543096,3.144446448073661e-09,1,0,0,0,1,0,0
616,0.5994152046725204,1,615,1.047254,38.029885304862994,3.8257,-0.05865,0.015651625,-6.288484848487609e-05,-3.3099999999994245e-06,-6.482300000000205e-05,0.9778565019155548,4.042959272147787e-09,0,0,1,0,0,1,0
731,0.8869987849223937,2,730,0.975925,36.8756731392256,3.8257,-0.05865,0.015693944,-0.0005321757575757,4.934000000001576e-06,-7.754199999999989e-05,0.933762807933384,3.762283096252124e-09,0,0,1,0,0,1,0
397,0.7630057803321193,2,396,0.981363,34.55943884396715,3.8257,-0.05865,0.018549077,-0.0006250606060605,-2.782100000000079e-05,0.001284448,0.911965185294634,3.251150022681255e-09,0,0,1,0,0,1,0
63,0.1288981288954491,0,62,1.009478,31.411324115107924,3.8257,-0.05865,0.017257864,-0.0001634909090908,4.528100000000118e-05,-2.0240999999997237e-05,1.001974215103093,2.656444324557558e-09,0,0,1,0,0,1,0
455,0.4424951267013402,1,454,1.058589,37.5150376363707,3.8257,-0.05865,0.015657187,-2.797575757574385e-05,-1.4122000000001828e-05,-5.9261000000001424e-05,0.9884403750248606,3.9155215809833094e-09,0,0,1,0,0,1,0
837,0.9565217391194906,2,836,0.922099,35.422743476359294,3.8257,-0.05865,0.016646875,-0.0009969575757575,2.6007999999997505e-05,0.0012034079999999,0.8635810227372765,3.4338718044432333e-09,0,0,1,0,0,1,0
816,0.4530294608090437,1,815,1.046092,33.742388287747765,3.8257,-0.05865,0.015726428,-4.156969696967886e-05,1.0281000000000873e-05,-5.168099999999787e-05,0.9787519110181304,3.0863075660779678e-09,0,0,1,0,0,1,0
780,0.833155080204993,2,779,1.065607,34.03493465930351,3.8626,-0.0115,0.085581,-0.0008611515151515,-0.0008029999999999,0.054358,1.0230914132317417,3.144446448073661e-09,1,0,0,1,0,0,0
231,0.2948717948680144,0,230,1.004363,34.03493465930351,3.8319,-0.0378,0.181727,0.006197303030303,0.0002919999999999,0.117714,0.9213815360961118,3.144446448073661e-09,1,0,0,1,0,0,0
858,0.7278911564563956,2,856,1.05318,31.124794515551443,3.8257,-0.05865,0.017425179,7.140000000004762e-05,8.652999999997357e-06,0.0003863479999999,0.9794280857173944,2.6075050036945156e-09,0,0,1,0,0,1,0
871,0.8814589665564189,2,870,0.989704,37.35137575227964,3.8257,-0.05865,0.015960494,-0.0005484545454545,3.0899999999972616e-06,0.0001625939999999,0.933612557542827,3.875772466947309e-09,0,0,1,0,0,1,0
580,0.4526974198557256,1,579,1.067018,34.03493465930351,3.8276,-0.0815,0.08591,-0.0021735636363636,-0.000764,0.047612,0.8544661318402184,3.144446448073661e-09,1,0,0,0,1,0,0
351,0.6717850287778928,2,350,1.048244,34.67687866166002,3.8257,-0.05865,0.017477237,-0.000321206060606,-7.698100000000027e-05,0.0003339989999999,0.979740541348886,3.275482433719373e-09,0,0,1,0,0,1,0
1370,0.7890489913499191,2,1369,0.687597,34.03493465930351,3.8222,-0.0964,0.090792,0.0078128666666666,6.799999999999862e-05,0.054602,0.5436056485901452,3.144446448073661e-09,1,0,0,0,1,0,0
146,0.2193645990889657,0,145,1.002045,32.104537529588804,3.8257,-0.05865,0.017289843,-0.0002167575757575,-0.00035869,0.0001903819999999,0.9805465176015852,2.778277229033509e-09,0,0,1,0,0,1,0
1122,0.5123400365607297,1,1121,1.031685,34.90829182688991,3.8257,-0.05865,0.01549509,-5.870909090906317e-05,-4.62600000000063e-06,0.000137392,0.9686773798290212,3.323907992072821e-09,0,0,1,0,0,1,0
361,0.3345724907032103,1,360,1.054416,33.72571532810063,3.8257,-0.05865,0.015314204,-1.180606060607388e-05,-2.114000000000976e-06,-0.000224072,0.993911629551078,3.0830233473481684e-09,0,0,1,0,0,1,0
483,0.5514874141813331,1,482,1.046049,35.234605584468774,3.8257,-0.05865,0.015151558,-0.0001067515151514,-4.407999999999149e-06,-0.0002919089999999,0.9796649440605676,3.3932844507345933e-09,0,0,1,0,0,1,0
187,0.3835051546312679,1,186,1.061765,34.23964895570697,3.8257,-0.05865,0.017029714,-0.0001406303030302,-2.6324999999997184e-05,-0.0005300419999999,0.9968557356301768,3.185712935406357e-09,0,0,1,0,0,1,0
766,0.4676039119775819,1,765,1.03692,36.53219814059906,3.8257,-0.05865,0.015307766,-4.358181818178242e-05,1.5709000000000903e-05,-0.0001598199999999,0.9777172642171248,3.682202160226336e-09,0,0,1,0,0,1,0
786,0.9987261146369588,2,784,0.88173,34.549986539634176,3.8257,-0.05865,0.019208677,-0.0010273272727272,0.000103548,0.002633599,0.836731420914632,3.249198668830898e-09,0,0,1,0,0,1,0
391,0.3277169334429005,0,389,1.040984,34.37078408202767,3.8257,-0.05865,0.016137984,-0.002820709090909,-3.640699999999872e-05,-0.0006043699999999,0.9722561827010456,3.2124020913841604e-09,0,0,1,0,0,1,0
231,0.2207293666005688,0,230,0.946752,34.03493465930351,3.8656,-0.0197,0.092941,-5.7327272727260224e-05,0.0002709999999999,0.0624389999999999,0.9352493680226888,3.144446448073661e-09,1,0,0,1,0,0,0
21,0.025188916876257,0,20,1.063695,33.8631327928798,3.8257,-0.05865,0.015421003,6.046060606068297e-05,-3.247999999999099e-06,-0.0001328009999999,1.0052336279020977,3.1101855754253187e-09,0,0,1,0,0,1,0
76,0.1241610738234201,0,74,1.086733,33.02365948317756,3.8257,-0.05865,0.016744694,-4.595151515148736e-05,-1.8323000000000644e-05,5.899000000000182e-05,1.0025619121071336,2.947549093681628e-09,0,0,1,0,0,1,0
1327,0.6577380952348327,1,1326,1.171075,34.03493465930351,3.8267,-0.0248,0.081668,-0.0005590484848484,-0.0003119999999999,0.028456,1.083555165710405,3.144446448073661e-09,1,0,0,0,1,0,0
317,0.4051282051230112,1,316,0.999801,34.03493465930351,3.8341,-0.039,0.175117,0.0043983090909091,0.0014569999999999,0.111104,0.91719645304579,3.144446448073661e-09,1,0,0,1,0,0,0
143,0.1151960784304314,0,141,1.081629,31.354614450137227,3.8257,-0.05865,0.016771501,-3.832727272726024e-05,-5.424000000000401e-06,-1.5926999999998914e-05,1.002978439694478,2.646693286596736e-09,0,0,1,0,0,1,0
357,0.4132712456296476,1,355,1.076272,35.30417564272209,3.8257,-0.05865,0.01640402,0.0001468545454545,-6.276900000000071e-05,-0.00042683,0.9954734055639928,3.4082424922471887e-09,0,0,1,0,0,1,0
858,0.3916819012779173,1,857,1.040355,35.084684960348305,3.8257,-0.05865,0.015449737,-6.330909090907882e-05,9.899999999993249e-08,9.203900000000036e-05,0.9768178809346084,3.3612505832217033e-09,0,0,1,0,0,1,0
985,0.8526863084848122,2,984,0.991565,34.93019732983388,3.8257,-0.05865,0.015795037,-0.0002110909090908,1.5054000000000456e-05,5.4662999999999934e-05,0.9475756935770716,3.3285250675488406e-09,0,0,1,0,0,1,0
1196,0.7286585365809228,2,1195,1.011224,34.27014643680182,3.8257,-0.05865,0.015954757,-0.0001198363636363,-5.4519999999995405e-06,-0.0004747189999999,0.9488708498441888,3.191902078992644e-09,0,0,1,0,0,1,0
278,0.301969365423392,0,276,1.073575,33.29661114613979,3.8257,-0.05865,0.016803171,-3.990303030297705e-05,-5.1054000000001765e-05,0.000176835,0.9945537280884597,2.9995712964726436e-09,0,0,1,0,0,1,0
510,0.4961013645175819,1,509,1.054971,37.281255653176856,3.8257,-0.05865,0.015720125,-5.879393939392724e-05,2.7781000000001027e-05,3.677000000000541e-06,0.9850621259812375,3.858853176520127e-09,0,0,1,0,0,1,0
839,0.6843826655708555,2,837,1.052113,29.91962494439296,3.8257,-0.05865,0.016811423,-6.674545454545764e-05,9.174000000000682e-06,0.000441719,0.9744286266014524,2.4104126380777108e-09,0,0,1,0,0,1,0
204,0.1913289349652089,0,203,1.062586,35.1983285474115,3.8257,-0.05865,0.015097258,-7.367878787880016e-05,2.61000000001399e-07,-7.103999999999965e-05,0.9984608503472951,3.3855080316567563e-09,0,0,1,0,0,1,0
736,0.8378995433694304,2,734,1.039683,34.07868318669132,3.8257,-0.05865,0.017194459,-0.0002416969696969,0.0001231559999999,0.0003872379999999,0.9538594921901878,3.15322476907088e-09,0,0,1,0,0,1,0
44,0.0838206627663972,0,43,1.075263,32.61545111813648,3.8257,-0.05865,0.016968338,-2.739393939402967e-06,-2.1057000000001408e-05,-0.0003822459999999,1.0085352802526444,2.871259580653029e-09,0,0,1,0,0,1,0
237,0.382736156345558,1,235,1.06843,34.73112235734599,3.8257,-0.05865,0.016485076,-4.7121212121184656e-05,8.972000000002922e-06,0.000224722,0.995786387262792,3.2867762984113253e-09,0,0,1,0,0,1,0
764,0.4241245136163195,1,763,1.048909,34.23211259676542,3.8257,-0.05865,0.015628152,-2.7078787878832397e-05,1.5104999999999633e-05,-0.0001499569999999,0.9813875722537944,3.184185171623834e-09,0,0,1,0,0,1,0
55,0.1042471042450917,0,54,1.079952,31.90118813651304,3.8257,-0.05865,0.017537506,-6.278787878783122e-06,-6.644100000000042e-05,-0.0002221539999999,1.009761461301977,2.7420283238194823e-09,0,0,1,0,0,1,0
1211,0.6176620724828094,1,1210,0.777879,34.03493465930351,3.8261,-0.0898,0.08472,-0.0096292727272727,-4.300000000000137e-05,0.048564,0.6278574783968902,3.144446448073661e-09,1,0,0,0,1,0,0
154,0.193630573245941,0,152,1.057958,32.77383142690579,3.8257,-0.05865,0.016340341,-3.8757575757527214e-05,-1.764500000000016e-05,-0.0002347369999999,1.0039657271591105,2.9006458806832195e-09,0,0,1,0,0,1,0
137,0.2570888468760474,0,136,1.075811,33.568790022369434,3.8257,-0.05865,0.017022155,-0.0001084181818181,-3.99279999999981e-05,-0.0004825969999999,1.0021004959219642,3.0522658166645917e-09,0,0,1,0,0,1,0
464,0.8253119429442903,2,463,0.964573,33.1175079246337,3.8257,-0.05865,0.019041773,-0.0010249696969696,0.000164915,0.001199072,0.9002963426187354,2.965343642995007e-09,0,0,1,0,0,1,0
14,0.0167597765360787,0,12,1.064705,33.00576347373353,3.8257,-0.05865,0.016719066,-7.955757575756346e-05,-0.0014368649999999,-0.0004489809999999,1.0033747234065011,2.9441667505075357e-09,0,0,1,0,0,1,0
140,0.0801152737747543,0,139,1.217144,34.03493465930351,3.8244,-0.0648,0.086443,0.0043936363636363,-0.0001199999999999,0.050253,0.9622589300820156,3.144446448073661e-09,1,0,0,0,1,0,0
813,0.6896258503342719,2,811,1.05542,31.098517051258145,3.8257,-0.05865,0.017384294,-8.190303030301535e-05,-4.8449999999998494e-06,0.000345463,0.9815112233690846,2.603057631150944e-09,0,0,1,0,0,1,0
174,0.1786085150552585,0,172,1.083205,33.87572841258754,3.8257,-0.05865,0.016805004,1.0975757575774932e-05,1.8111999999997214e-05,4.853599999999833e-05,0.9999095359285444,3.112685970400654e-09,0,0,1,0,0,1,0
536,0.871125611731303,2,534,0.962935,33.45048916367073,3.8257,-0.05865,0.018723203,-0.0009654242424242,-2.8882000000000907e-05,0.001286805,0.8876875055311366,3.029261187971101e-09,0,0,1,0,0,1,0
26,0.0288350634368069,0,25,1.067081,34.03493465930351,3.8456,-0.0143,0.093353,-0.0181967393939394,-0.001929,0.046541,0.9835509670235876,3.144446448073661e-09,1,0,0,1,0,0,0
463,0.8264758497168788,2,462,0.990607,35.3177884264286,3.8257,-0.05865,0.021533512,-0.0010941757575757,6.664400000000112e-05,0.001160078,0.9211821102602372,3.411176246896385e-09,0,0,1,0,0,1,0
243,0.4440366972395589,1,242,1.076666,33.671023386306004,3.8257,-0.05865,0.01803451,-0.0001112787878787,-0.000175912,0.000323172,1.0007221934604775,3.07227221605718e-09,0,0,1,0,0,1,0
1046,0.6387530562308145,1,1045,1.021972,35.66105509596,3.8257,-0.05865,0.015468778,-6.193333333331114e-05,2.4578000000000797e-05,1.1920000000005535e-06,0.9636227172265012,3.4859084052567923e-09,0,0,1,0,0,1,0
21,0.0383877159301653,0,20,1.078013,33.74290136363647,3.8257,-0.05865,0.016843941,0.0001313757575757,-8.274099999999729e-05,-0.000299297,1.007564116943323,3.0864086809293567e-09,0,0,1,0,0,1,0
276,0.3982558139476997,1,274,1.042138,32.5668007031103,3.8257,-0.05865,0.016170092,-0.0001903151515151,7.419000000001563e-06,-0.00371604,0.9774595045818208,2.862286702141013e-09,0,0,1,0,0,1,0
314,0.3666274970579715,1,312,1.067635,34.255869268224366,3.8257,-0.05865,0.016903095,-4.989696969696336e-05,8.639900000000089e-05,0.000203818,0.9929317777044088,3.1890033349252846e-09,0,0,1,0,0,1,0
876,0.7140522875758657,2,874,1.051832,33.362995942884794,3.8257,-0.05865,0.01669926,6.314545454549215e-05,-7.96519999999995e-05,-8.816799999999958e-05,0.9753481260032066,3.0123476631135117e-09,0,0,1,0,0,1,0
175,0.1325209444011232,0,174,1.0637,35.50408977918428,3.8257,-0.05865,0.015447353,-5.50181818181623e-05,1.496800000000062e-05,-0.0001213199999999,0.9984905773729288,3.451555300908348e-09,0,0,1,0,0,1,0
985,0.7675507020220941,2,984,1.014702,33.83411245669771,3.8257,-0.05865,0.015658457,-9.67818181818174e-05,1.8648999999999052e-05,4.998400000000118e-05,0.9577946319431008,3.104431522845004e-09,0,0,1,0,0,1,0
703,0.4129411764681592,1,702,0.872413,34.03493465930351,3.7865,-0.0143,0.100833,-0.0136373515151514,0.000866,0.046043,0.6852758225504543,3.144446448073661e-09,1,0,0,0,1,0,0
1342,0.6651785714252719,2,1341,1.184686,34.03493465930351,3.8263,-0.0245,0.082157,-0.0039533151515151,0.0001259999999999,0.0289449999999999,1.0961489529234223,3.144446448073661e-09,1,0,0,0,1,0,0
944,0.8243006992934939,2,943,0.997464,36.92856092919848,3.8257,-0.05865,0.015316931,-0.0003290181818181,-2.0019999999992127e-06,0.000183152,0.934421391949353,3.774751651395956e-09,0,0,1,0,0,1,0
608,0.6225641025577173,1,607,0.402916,34.03493465930351,3.8566,-0.0751,0.116099,0.0016957999999999,-0.000756,0.085654,0.3850408629771488,3.144446448073661e-09,1,0,0,1,0,0,0
74,0.0570758404999446,0,73,1.21907,34.03493465930351,3.8226,-0.07,0.088525,-0.0079760545454545,0.001242,0.050227,0.9762291051720356,3.144446448073661e-09,1,0,0,0,1,0,0
514,0.9517625231734368,2,513,0.901569,39.203477705625616,3.8257,-0.05865,0.015673447,-0.0006548424242424,2.4460000000000454e-05,0.0025008129999999,0.8575965923251216,4.347455615887559e-09,0,0,1,0,0,1,0
293,0.161059018200987,0,292,1.243885,34.03493465930351,3.8226,-0.0365,0.094477,0.0549563636363636,0.001232,0.040875,0.9499184781571098,3.144446448073661e-09,1,0,0,0,1,0,0
1039,0.97832233740831,2,1038,0.901043,37.07343412668119,3.8257,-0.05865,0.016226625,-0.0008537393939393,5.515300000000223e-05,0.001058327,0.8466666791953573,3.809096241538273e-09,0,0,1,0,0,1,0
49,0.0924855491311659,0,48,1.080067,33.18503787031253,3.8257,-0.05865,0.016551202,-0.0001438727272727,-4.550999999998473e-06,-0.0007134269999999,1.0036892584962136,2.978207586472672e-09,0,0,1,0,0,1,0
504,0.933209647478048,2,503,0.894592,32.9763962907755,3.8257,-0.05865,0.019951433,-0.0017134545454544,-7.278499999999882e-05,0.0025195029999999,0.831616200021009,2.938623910734622e-09,0,0,1,0,0,1,0
402,0.7741312741163295,2,401,1.009106,32.33605539362489,3.8257,-0.05865,0.018244671,-0.0007945212121211,7.686800000000077e-05,0.000485011,0.9435200353058216,2.8200711220558182e-09,0,0,1,0,0,1,0
333,0.609174311915428,1,332,1.063421,33.59691144591256,3.8257,-0.05865,0.018224409,-0.0002032666666666,0.000151925,0.000513071,0.9884114439314836,3.057757297158081e-09,0,0,1,0,0,1,0
283,0.2800397219435944,0,282,1.062667,33.199593709359554,3.8257,-0.05865,0.015182294,-3.870303030297421e-05,-8.16799999999937e-06,-0.000252548,0.9963378034133624,2.9809869207318638e-09,0,0,1,0,0,1,0
748,0.6473136915021898,1,747,1.017373,35.448345440019814,3.8257,-0.05865,0.015710823,-7.058181818181678e-05,2.4348000000000425e-05,-2.955100000000266e-05,0.972238760042545,3.43942850937163e-09,0,0,1,0,0,1,0
2,0.000957854406121,0,1,1.070185,33.75935457341073,3.8257,-0.05865,0.015843671,-9.664545454543671e-05,-0.000202073,-0.000202073,1.0009521431170247,3.089652788334742e-09,0,0,1,0,0,1,0
269,0.3435897435853386,1,268,0.986645,34.03493465930351,3.8326,-0.0364,0.176112,-0.001741309090909,-0.001621,0.1120989999999999,0.9051274147709027,3.144446448073661e-09,1,0,0,1,0,0,0
770,0.8858131487787103,2,768,0.972132,35.780739429141704,3.8257,-0.05865,0.017079428,-0.0007203454545454,-6.379399999999896e-05,0.000703041,0.8937903794507613,3.5123080840607462e-09,0,0,1,0,0,1,0
118,0.1013864818015477,0,117,1.048823,34.04677920008297,3.8257,-0.05865,0.01562514,-3.396363636356506e-05,1.8157999999999026e-05,-0.000115234,1.0022935275696347,3.146820934919687e-09,0,0,1,0,0,1,0
1373,0.8386308068408397,2,1372,0.983929,37.233806254690094,3.8257,-0.05865,0.015179696,-0.0003113818181818,4.535999999999429e-06,-0.00028789,0.9277517745475942,3.847441708706295e-09,0,0,1,0,0,1,0
911,0.7885615251231495,2,910,1.002999,35.116426711440035,3.8257,-0.05865,0.015747488,-0.000122103030303,2.338199999999888e-05,7.113999999999038e-06,0.9585024411734068,3.3680101730834278e-09,0,0,1,0,0,1,0
720,0.8031319910424706,2,718,1.031503,32.74195486520076,3.8257,-0.05865,0.017791621,-0.0003028121212121,2.708000000000571e-06,0.00063196,0.9552820041693332,2.894709796682917e-09,0,0,1,0,0,1,0
404,0.3620844564208259,1,403,1.051503,37.8208353621252,3.8257,-0.05865,0.014983109,-2.7981818181761147e-05,-1.1109000000000466e-05,3.453699999999941e-05,0.9898604314894276,3.9907725420563e-09,0,0,1,0,0,1,0
408,0.7495395948296586,2,407,1.028139,34.130100585457235,3.8257,-0.05865,0.018240182,-0.0004794242424242,0.000242595,0.000575479,0.959790405633992,3.163570001994586e-09,0,0,1,0,0,1,0
898,0.4011627906958803,1,897,1.045005,37.2228224981096,3.8257,-0.05865,0.015348616,-1.809696969694398e-05,-7.307999999999273e-06,-0.0002493879999999,0.9752183732128856,3.844804458682613e-09,0,0,1,0,0,1,0
660,0.7589388696567596,2,658,1.034132,32.62730834667962,3.8257,-0.05865,0.016834624,-0.0003568484848484,1.8845999999999447e-05,0.000523453,0.9453935772637184,2.873450304287978e-09,0,0,1,0,0,1,0
687,0.8909090908975207,2,686,0.940347,37.831455223544815,3.8257,-0.05865,0.01546726,-0.0003991333333333,2.494200000000002e-05,0.001529291,0.8805744845623896,3.993409025662341e-09,0,0,1,0,0,1,0
314,0.3992346938724587,1,313,1.046119,34.6708487863787,3.8257,-0.05865,0.018317863,-4.481212121209065e-05,1.2221999999999232e-05,-0.000234431,0.9970710794592412,3.274229131185439e-09,0,0,1,0,0,1,0
2081,0.95063985374337,2,2080,0.964379,34.35124555203265,3.8257,-0.05865,0.015218426,-0.0001787454545454,-8.146799999999947e-05,-0.0001392719999999,0.9054819279936528,3.208412847216001e-09,0,0,1,0,0,1,0
22,0.444444444345679,1,20,1.16772376849918,9.26195924957788,3.325963234657728,-1.0001225394585929,0.016776592,-0.0093463350982645,1.2765000000003121e-06,3.811000000000092e-05,0.8987165559073972,5.645661709113823e-10,0,1,0,0,0,0,1
276,0.432859399677206,1,274,1.063696,32.85198207452837,3.8257,-0.05865,0.016630342,-0.0001215575757575,-3.909000000000204e-05,-0.000371635,0.9887157522150216,2.915245461693929e-09,0,0,1,0,0,1,0
684,0.9228687415301372,2,682,0.950579,33.73896089034564,3.8257,-0.05865,0.017944314,-0.0012107272727272,3.904100000000008e-05,0.0009618139999999,0.8829314417290457,3.085632185224934e-09,0,0,1,0,0,1,0
408,0.4629418472011067,1,406,1.061292,35.86058571968971,3.8257,-0.05865,0.016689142,-5.716363636364581e-05,-4.603499999999983e-05,-0.0004320439999999,0.9909670335005965,3.5300200019580802e-09,0,0,1,0,0,1,0
248,0.3796296296237711,1,246,1.060464,34.25287790436402,3.8257,-0.05865,0.016315863,-3.462424242427437e-05,-4.004499999999897e-05,0.000204411,0.9927216662188894,3.188396287282333e-09,0,0,1,0,0,1,0
211,0.4329896907127218,1,210,1.057669,34.22529075062975,3.8257,-0.05865,0.017140729,-0.0001396848484848,8.891500000000191e-05,-0.0004190269999999,0.9930101378819544,3.1828028204405013e-09,0,0,1,0,0,1,0
537,0.6264637002268564,1,535,1.052434,32.774672417391294,3.8257,-0.05865,0.017204143,-0.0001094909090908,-2.0678999999999143e-05,0.000425504,0.9817005145272804,2.900802638678282e-09,0,0,1,0,0,1,0
197,0.4074844074759359,1,196,0.984876,31.576514215270432,3.8257,-0.05865,0.017403325,-0.0003564606060605,6.725399999999923e-05,0.00012522,0.9775550899315028,2.6850324849246153e-09,0,0,1,0,0,1,0
394,0.4993630573184794,1,392,1.065074,35.16055503651684,3.8257,-0.05865,0.016438933,-0.0001267212121211,-2.670999999999229e-06,-1.0794000000001467e-05,0.9815309898029242,3.3774278260621637e-09,0,0,1,0,0,1,0
565,0.9478991596479344,2,564,0.87386,29.38744079594597,3.8257,-0.05865,0.020915875,-0.0013235272727272,2.853900000000104e-05,0.002528971,0.8204464732518827,2.327726239718092e-09,0,0,1,0,0,1,0
728,0.8385236447423469,2,727,1.114516,34.03493465930351,3.8423,-0.0115,0.092496,-0.0009637515151514,-0.000732,0.0456839999999999,1.027272802686264,3.144446448073661e-09,1,0,0,1,0,0,0
261,0.1589242053780017,0,260,1.057835,35.989424660314896,3.8257,-0.05865,0.015226755,-3.880606060602688e-05,-1.3344999999999677e-05,-0.000240831,0.9974381265605082,3.5587687565738286e-09,0,0,1,0,0,1,0
250,0.2359657469054618,0,248,1.082549,33.249007308935354,3.8257,-0.05865,0.016987281,-1.6787878787877798e-06,-2.391100000000146e-05,9.054000000001394e-06,0.9996075621390724,2.990439482823895e-09,0,0,1,0,0,1,0
49,0.0553633217986693,0,48,1.061102,34.03493465930351,3.846,-0.0128,0.093405,0.0004210909090909,-0.0009909999999999,0.046593,0.9780399971610994,3.144446448073661e-09,1,0,0,1,0,0,0
705,0.5491419656743437,1,704,1.033619,34.69403602737521,3.8257,-0.05865,0.015407396,-5.956969696971761e-05,-2.839999999997012e-07,-0.0002010769999999,0.9756507128934364,3.279050928365525e-09,0,0,1,0,0,1,0
9,0.0077519379844102,0,7,1.079227,33.473719708746735,3.8257,-0.05865,0.016467327,0.0005644166666666,-1.272399999999868e-05,-0.0001255699999999,1.0036744054549716,3.033766244560481e-09,0,0,1,0,0,1,0
1255,0.9550647372356812,2,1254,0.914504,36.97409079995895,3.8257,-0.05865,0.016398268,-0.0005202363636363,-2.1399999999976997e-06,0.000829595,0.8584409391462375,3.7855152128403115e-09,0,0,1,0,0,1,0
883,0.8225957049409656,2,881,1.012955,32.29636979476446,3.8257,-0.05865,0.016479464,-0.0003143090909091,1.2013999999997691e-05,4.188499999999845e-05,0.9412968915378946,2.812867161531551e-09,0,0,1,0,0,1,0
544,0.6028921023292225,1,542,1.059365,34.3008994001874,3.8257,-0.05865,0.016820874,-7.71030303029607e-05,-3.1946000000001445e-05,0.000268996,0.9831091552628792,3.198153998783644e-09,0,0,1,0,0,1,0
557,0.5927505330427212,1,556,1.053684,34.778362244169706,3.8257,-0.05865,0.015575664,-5.3781818181777705e-05,-3.819999999999865e-06,-0.0001687279999999,0.986007409438378,3.296640390153247e-09,0,0,1,0,0,1,0
609,0.5730442978268329,1,608,1.0417,36.61963070419644,3.8257,-0.05865,0.015148344,-7.84969696968953e-05,-3.916000000001377e-06,-1.995400000000085e-05,0.9788352827976066,3.702440576478773e-09,0,0,1,0,0,1,0
854,0.9530201342175276,2,852,0.960446,33.01983691991993,3.8257,-0.05865,0.018104568,-0.000833309090909,-2.890999999997923e-06,0.000944907,0.8894756290349317,2.946826336803436e-09,0,0,1,0,0,1,0
442,0.6951026856130316,2,440,1.040976,34.31458080211334,3.8257,-0.05865,0.016675225,-0.0001924666666666,3.7284999999998014e-05,-0.000326752,0.9675972917805316,3.200938889233686e-09,0,0,1,0,0,1,0
1315,0.8031784841026701,2,1314,0.997863,36.93445423617158,3.8257,-0.05865,0.015201084,-0.0001652181818181,-6.9210000000000105e-06,-0.000266502,0.9408902156612784,3.7761433197215405e-09,0,0,1,0,0,1,0
2187,0.999085923212984,2,2186,0.937481,34.66760555286476,3.8257,-0.05865,0.015278672,-0.000327303030303,0.000116951,-7.90259999999994e-05,0.8802266570896066,3.2735552069323754e-09,0,0,1,0,0,1,0
66,0.1356993736923653,0,65,1.086795,32.230417203361355,3.8257,-0.05865,0.018096264,3.624242424268148e-06,-8.0700999999999e-05,-8.259399999999834e-05,1.011557384831037,2.800931626577128e-09,0,0,1,0,0,1,0
321,0.6142034548826448,1,320,1.056583,34.26848453596841,3.8257,-0.05865,0.017431874,-0.0002237999999999,7.557500000000134e-05,0.0002886359999999,0.9875345820248244,3.1915645357775764e-09,0,0,1,0,0,1,0
381,0.4439252336396738,1,380,1.05373,32.35192452271646,3.8257,-0.05865,0.014603062,-9.299999999996833e-05,-7.659000000000138e-06,-0.000389383,0.9892320690950056,2.8229564147236966e-09,0,0,1,0,0,1,0
115,0.1840390879448853,0,113,1.074383,33.87431261957526,3.8257,-0.05865,0.016388696,-3.427272727272334e-05,-1.270699999999722e-05,0.000128342,1.0013346369032696,3.112404826992712e-09,0,0,1,0,0,1,0
933,0.5371757925041085,1,932,0.88037,34.03493465930351,3.8261,-0.0931,0.088163,-0.0061457878787879,0.000557,0.051973,0.6960095882461763,3.144446448073661e-09,1,0,0,0,1,0,0
789,0.9247943595661012,2,787,0.936477,35.90652348975412,3.8257,-0.05865,0.018390723,-0.0007103212121212,1.57490000000024e-05,0.001691446,0.8709510014089944,3.540246433208196e-09,0,0,1,0,0,1,0
197,0.2678571428534635,0,195,1.075211,33.87162074931381,3.8257,-0.05865,0.016258195,-1.665454545452251e-05,-3.1442999999999055e-05,1.8732999999999944e-05,0.997563639028907,3.1118703473494793e-09,0,0,1,0,0,1,0
265,0.3079625292703986,0,263,1.071744,33.06444620427108,3.8257,-0.05865,0.016791627,8.13939393937998e-06,9.589999999982943e-07,1.29879999999985e-05,0.9997127005033338,2.9552708228895394e-09,0,0,1,0,0,1,0
170,0.1321344800615157,0,169,1.16421,34.03493465930351,3.8257,-0.0689,0.087511,-0.0005853454545454,-0.0006239999999999,0.049213,0.932297313962558,3.144446448073661e-09,1,0,0,0,1,0,0
403,0.7715930901963226,2,402,1.02122,34.74123434070797,3.8257,-0.05865,0.017906643,-0.0006849696969697,0.000176984,0.0007634049999999,0.9544825781366832,3.2888855355267907e-09,0,0,1,0,0,1,0
927,0.9195630585807392,2,926,0.968161,33.14347599249089,3.8257,-0.05865,0.015395682,-0.000729509090909,2.697000000001157e-06,-3.915999999999989e-05,0.9077306475974922,2.970284445968323e-09,0,0,1,0,0,1,0
461,0.948453608227867,2,460,0.882209,35.867148251034536,3.8257,-0.05865,0.020228021,-0.0021443818181817,5.793599999999802e-05,0.0026682649999999,0.8282765976224142,3.5314792944757194e-09,0,0,1,0,0,1,0
156,0.2083897158293857,0,154,1.077295,32.85531000815959,3.8257,-0.05865,0.016988888,2.843030303031432e-05,-4.267999999998245e-06,6.387999999999533e-06,1.0006297504126351,2.915868626588583e-09,0,0,1,0,0,1,0
789,0.3524150268320554,1,788,1.049525,38.05672007990228,3.8257,-0.05865,0.01517706,-3.0345454545455137e-05,-1.4210000000014489e-06,-0.000420944,0.9794365224532458,4.049702358886409e-09,0,0,1,0,0,1,0
538,0.5743315507959964,1,537,0.675798,34.03493465930351,3.8645,-0.0458,0.105581,-0.0004390181818181,-0.000326,0.074358,0.6488350122316996,3.144446448073661e-09,1,0,0,1,0,0,0
166,0.3148854961771968,0,165,1.066748,32.01458249545072,3.8257,-0.05865,0.017365219,-0.0001359636363636,-0.0003466979999999,-0.0003586389999999,1.0017466625598184,2.762189145673565e-09,0,0,1,0,0,1,0
504,0.3976284584948804,1,503,1.043722,39.61172755347861,3.8257,-0.05865,0.01445739,-4.904848484847228e-05,-4.8449999999998494e-06,-0.0004567289999999,0.9846433962264152,4.4581001552558806e-09,0,0,1,0,0,1,0
234,0.4153297682635413,1,233,1.054608,32.90260864765631,3.8257,-0.05865,0.017265072,-0.0001422969696969,-0.000157472,-0.0005776289999999,0.9843316423914616,2.924738373743713e-09,0,0,1,0,0,1,0
764,0.3487202925029766,1,763,1.044081,35.96364875498144,3.8257,-0.05865,0.015271024,-3.0975757575716224e-05,-9.216000000001126e-06,-8.667400000000013e-05,0.9803163246623382,3.5530004424939474e-09,0,0,1,0,0,1,0
524,0.5009578544013319,1,523,1.055903,35.22539959405317,3.8257,-0.05865,0.015948318,-2.058181818181603e-05,6.37599999999891e-06,-9.742600000000116e-05,0.987594080251261,3.391309519668963e-09,0,0,1,0,0,1,0
752,0.3725198412679935,1,751,1.209464,34.03493465930351,3.8248,-0.0257,0.083654,0.0499360242424242,-0.0003999999999999,0.030442,1.1190751787381417,3.144446448073661e-09,1,0,0,0,1,0,0
298,0.3595641646445573,1,297,1.058741,34.27248267798751,3.8257,-0.05865,0.015094637,-4.84848484848376e-05,7.977999999998764e-06,-0.000390706,0.9953744661127936,3.1923766394541473e-09,0,0,1,0,0,1,0
20,0.0164359861590273,0,19,1.064156,35.64949829393245,3.8257,-0.05865,0.015259474,1.7824242424274083e-05,-1.8918999999999183e-05,-0.0002092359999999,1.0037020234269702,3.4833686846100447e-09,0,0,1,0,0,1,0
388,0.4147909967801201,1,387,1.060026,33.420105660624,3.8257,-0.05865,0.015549831,-4.851515151511682e-05,9.678000000000813e-06,-0.000211161,0.993020920376664,3.0233780391153993e-09,0,0,1,0,0,1,0
21,0.016183986371242,0,19,1.085535,31.41562567324951,3.8257,-0.05865,0.016692486,-0.0001519636363636,-3.613100000000175e-05,-0.000175494,1.0051975976042713,2.6571852788582406e-09,0,0,1,0,0,1,0
238,0.4356617646978739,1,237,1.005592,32.27360019953316,3.8257,-0.05865,0.016549263,-0.0003231999999999,-2.204499999999832e-05,-0.0004874859999999,0.9440582812294636,2.808741360693676e-09,0,0,1,0,0,1,0
412,0.7374100719291833,2,410,1.009331,36.3867884704112,3.8257,-0.05865,0.015525046,-0.000243103030303,2.0130000000003617e-06,0.0001762719999999,0.9324599353866592,3.648763188097742e-09,0,0,1,0,0,1,0
488,0.5689252336382135,1,487,1.055828,34.270219299829584,3.8257,-0.05865,0.015408766,-0.0001141818181818,-2.2959999999988545e-06,-0.00030105,0.985256997070809,3.1919168786960247e-09,0,0,1,0,0,1,0
295,0.3379469434793777,1,293,1.085418,32.3188445202206,3.8257,-0.05865,0.016325643,-7.449696969695321e-05,-1.4849000000000806e-05,1.4472000000001484e-05,0.9922787476322468,2.816944871310264e-09,0,0,1,0,0,1,0
99,0.9607843136312956,2,98,1.40617142903988,32.46389583182878,3.4620805499710854,-1.842239518040086,0.016776592,-0.0029416673858082,1.2765000000003121e-06,3.811000000000092e-05,0.8302993602252765,2.84339030038513e-09,0,1,0,0,0,0,1
1515,0.8350799779325148,2,1514,0.972888,34.03493465930351,3.8274,-0.0727,0.058304,0.0013986787878787,-0.044971,0.004702,0.7429660204740103,3.144446448073661e-09,1,0,0,0,1,0,0
84,0.1707818930006012,0,83,1.079405,32.94267844296411,3.8257,-0.05865,0.018259816,-6.793939393937978e-05,2.0826000000001565e-05,-1.9378999999999924e-05,1.0095596267807974,2.9322714749123994e-09,0,0,1,0,0,1,0
185,0.3376146788928878,1,184,1.080775,33.28830244013484,3.8257,-0.05865,0.018054243,-3.61212121212217e-05,9.649600000000148e-05,0.000342905,1.004541360679401,2.997975640893563e-09,0,0,1,0,0,1,0
356,0.4145199063183311,1,354,1.068639,35.23446321028033,3.8257,-0.05865,0.01636049,-8.456363636357677e-05,7.960199999999806e-05,-0.000418149,0.9968163857723318,3.393253899808624e-09,0,0,1,0,0,1,0
682,0.5186595582595686,1,681,1.040128,36.97528162391853,3.8257,-0.05865,0.015550124,-5.936969696964426e-05,1.0800000000039944e-07,-1.854899999999965e-05,0.976363643190514,3.785797100482958e-09,0,0,1,0,0,1,0
1156,0.5729166666638249,1,1155,0.928607,34.03493465930351,3.7949,-0.0439,0.077939,-0.0019620727272727,-0.001471,0.0247269999999999,0.8592079173108828,3.144446448073661e-09,1,0,0,0,1,0,0
407,0.4618015963459315,1,405,1.061824,35.77339968346004,3.8257,-0.05865,0.016735177,-7.7024242424241e-05,-1.275200000000129e-05,-0.0003860089999999,0.9914637812965118,3.5106839523746483e-09,0,0,1,0,0,1,0
133,0.1874105865495363,0,131,1.081949,33.904986274208184,3.8257,-0.05865,0.016953658,-5.021212121216323e-05,2.8277000000000163e-05,0.000185758,1.0019224482879006,3.118501004989279e-09,0,0,1,0,0,1,0
856,0.727427597949511,2,854,1.05933,31.33639040372671,3.8257,-0.05865,0.01729285,-0.0001855636363636,1.3599999999780454e-07,0.0004248699999999,0.9809319561968364,2.643566559403417e-09,0,0,1,0,0,1,0
542,0.643623361136548,1,540,1.051703,35.101685266792806,3.8257,-0.05865,0.016645059,-0.000122812121212,1.3115000000001042e-05,0.000470458,0.9746600237617304,3.364869381196134e-09,0,0,1,0,0,1,0
27,0.0465116279061446,0,26,1.085383,33.39981834786246,3.8257,-0.05865,0.020099254,3.7612121212104405e-05,-1.373199999999894e-05,-0.0002741799999999,1.0093159066921464,3.0194555276796533e-09,0,0,1,0,0,1,0
561,0.2858601327193167,0,560,1.054059,34.03493465930351,3.8334,-0.0676,0.079373,-0.0014122484848484,-0.001255,0.043217,0.8507734825359057,3.144446448073661e-09,1,0,0,0,1,0,0
227,0.2160611854663856,0,226,1.069481,33.06507464882496,3.8257,-0.05865,0.015080507,-3.714545454546939e-05,9.577000000000196e-06,-0.000216999,0.997891281568961,2.955389941809616e-09,0,0,1,0,0,1,0
1284,0.9243515850077496,2,1283,0.947407,38.3101414910078,3.8257,-0.05865,0.014690978,-0.0004131393939394,-2.1519999999998832e-05,-0.0002807299999999,0.903205048148653,4.1138814792101544e-09,0,0,1,0,0,1,0
361,0.4140715109525482,1,359,1.08252,34.58663136571431,3.8257,-0.05865,0.015891137,3.676969696973536e-05,-8.801500000000032e-05,-0.0004200339999999,0.9896294237674884,3.2567695725557967e-09,0,0,1,0,0,1,0
349,0.3239962651697106,0,347,1.070551,33.78919418843277,3.8257,-0.05865,0.015853325,0.0001794424242424,-6.926999999996852e-06,-0.0005842539999999,0.9948184554425268,3.0955441289013716e-09,0,0,1,0,0,1,0
586,0.673587081883811,2,584,1.054267,32.55450159514928,3.8257,-0.05865,0.016608942,-0.0001203333333333,2.328000000002828e-06,0.000297771,0.9638008015621689,2.8600222990172235e-09,0,0,1,0,0,1,0
805,0.6828231292458944,2,803,1.056423,31.129124507366488,3.8257,-0.05865,0.017356198,-0.0001545393939393,8.781999999998846e-06,0.0003173669999999,0.9824439854515152,2.608238495304688e-09,0,0,1,0,0,1,0
552,0.5622448979534465,1,551,0.990624,32.10373901178786,3.8257,-0.05865,0.017609511,-0.0001696969696969,0.000146095,0.000374064,0.9668944757755172,2.7781340478809687e-09,0,0,1,0,0,1,0
1367,0.7448200654266913,2,1366,1.015316,34.35463146717664,3.8257,-0.05865,0.015554323,-0.0001127272727272,-1.137600000000044e-05,-1.0853999999999378e-05,0.9520351740181856,3.2091038416082556e-09,0,0,1,0,0,1,0
675,0.6403425309168379,1,673,1.053678,33.41384064049192,3.8257,-0.05865,0.017419757,-0.0001567818181817,-2.96600000000008e-06,0.00044153,0.972948565708872,3.022166221875069e-09,0,0,1,0,0,1,0
300,0.6457883369190974,1,299,1.034547,33.846649902836816,3.8257,-0.05865,0.018019825,-0.0003786727272727,-0.000142968,0.0002156269999999,0.9660907738553816,3.1069162308223493e-09,0,0,1,0,0,1,0
1730,0.7732558139500302,2,1729,1.01484,35.87936000853036,3.8257,-0.05865,0.015855661,-0.0001230060606061,-2.389900000000084e-05,0.0002576569999999,0.9470678263466348,3.534196231082181e-09,0,0,1,0,0,1,0
750,0.3715277777759349,1,749,1.207367,34.03493465930351,3.8252,-0.026,0.082863,0.0379288969696969,-0.0002289999999999,0.029651,1.1171348972168944,3.144446448073661e-09,1,0,0,0,1,0,0
1141,0.9685374149577506,2,1139,1.04027,31.321436820224697,3.8257,-0.05865,0.017468587,-8.575151515143652e-05,1.4379999999994395e-06,0.0004297559999999,0.9674221450551984,2.641003430510076e-09,0,0,1,0,0,1,0
41,0.0464839094154173,0,39,1.082762,33.98747691651208,3.8257,-0.05865,0.016047396,3.3939393946305265e-07,-8.426000000002348e-06,-0.000127205,1.0034437827488356,3.134948674279566e-09,0,0,1,0,0,1,0
719,0.826989619367624,2,717,1.007463,34.24284730835734,3.8257,-0.05865,0.017227476,-0.0005696424242423,-8.030000000002618e-06,0.0008510889999999,0.9262741449233256,3.1863615014069182e-09,0,0,1,0,0,1,0
259,0.3530219780171288,1,257,1.071053,33.524166607110224,3.8257,-0.05865,0.016417645,-8.56303030302797e-05,-1.4813999999998412e-05,0.000178183,0.9937059128606646,3.0435700437802475e-09,0,0,1,0,0,1,0
700,0.3855488141181161,1,699,1.146472,34.03493465930351,3.8241,-0.0404,0.095673,-0.0010301757575757,0.0004269999999999,0.042071,0.8755270282138123,3.144446448073661e-09,1,0,0,0,1,0,0
252,0.2044153720343057,0,250,1.079542,29.647351729729724,3.8257,-0.05865,0.016540123,-8.423636363630775e-05,1.5335000000001736e-05,0.000170419,0.9998323644119834,2.3677848306527424e-09,0,0,1,0,0,1,0
336,0.3852364475157412,1,334,1.078879,34.87995937064223,3.8257,-0.05865,0.016350253,7.843636363639914e-05,7.377999999998858e-06,-2.6134000000000573e-05,0.9919349129454208,3.317944818042352e-09,0,0,1,0,0,1,0
41,0.0601503759389451,0,40,1.055803,34.071297252128524,3.8257,-0.05865,0.013751686,-0.0002265878787878,1.3469000000000328e-05,0.00023469,0.9941413808526164,3.1517412091044483e-09,0,0,1,0,0,1,0
842,0.9395973154257315,2,840,0.970251,33.14817712398374,3.8257,-0.05865,0.018021766,-0.0008859696969696,8.725000000001093e-06,0.000862105,0.8985561067949386,2.9711796946818643e-09,0,0,1,0,0,1,0
787,0.9182242990546936,2,786,0.961605,34.86241918749882,3.8257,-0.05865,0.015970137,-0.0008179151515151,1.572099999999979e-05,0.0002603209999999,0.8973318141480198,3.3142579238444323e-09,0,0,1,0,0,1,0
24,0.0448343079913287,0,23,1.074961,32.36500629114961,3.8257,-0.05865,0.016995737,1.693333333331666e-05,3.06830000000001e-05,-0.0003548469999999,1.0082520215014028,2.8253369091278673e-09,0,0,1,0,0,1,0
216,0.2497082847112052,0,214,1.07503,34.19976481198909,3.8257,-0.05865,0.016965458,-6.535757575759231e-05,1.737999999997658e-06,0.0002233809999999,0.9974780746519596,3.177635126360461e-09,0,0,1,0,0,1,0
194,0.1734052111395022,0,193,1.060821,36.89822169098162,3.8257,-0.05865,0.015021262,-3.16606060606018e-05,-2.990999999999064e-06,7.269000000000025e-05,0.9986321796447998,3.767594503264073e-09,0,0,1,0,0,1,0
968,0.838681699905996,2,967,0.993036,36.37583479619871,3.8257,-0.05865,0.015920563,-0.0004457151515151,1.2868999999998689e-05,0.0003158369999999,0.9275283805922888,3.646255306592937e-09,0,0,1,0,0,1,0
848,0.905882352931488,2,847,0.881301,34.03493465930351,3.8414,-0.0053,0.089705,-0.0064658484848484,-0.000401,0.0584819999999999,0.8461388537918269,3.144446448073661e-09,1,0,0,1,0,0,0
657,0.7554786620443428,2,655,1.035727,32.55350294301992,3.8257,-0.05865,0.016817734,-0.000329703030303,1.269599999999954e-05,0.000506563,0.946851710998808,2.8598385066667422e-09,0,0,1,0,0,1,0
252,0.4078303425708347,1,250,1.075826,33.63049854770646,3.8257,-0.05865,0.017729547,-4.495757575754404e-05,-7.551700000000064e-05,0.0002931489999999,0.991756762736364,3.064327726685988e-09,0,0,1,0,0,1,0
668,0.807506053258989,2,667,0.995657,38.574457667687,3.8257,-0.05865,0.015138232,-0.0002677151515151,1.7661000000000412e-05,-0.000230618,0.9481923855634642,4.1817896769584595e-09,0,0,1,0,0,1,0
37,0.0385852090028018,0,36,1.072267,32.22302097859079,3.8257,-0.05865,0.015544882,1.054545454563178e-06,-1.5129999999998617e-06,-0.00021611,1.0044881571107922,2.799595962724997e-09,0,0,1,0,0,1,0
758,0.7058823529345857,2,756,1.036695,35.79938863866398,3.8257,-0.05865,0.015662706,3.0527272727264344e-05,-1.4783000000000853e-05,-0.000774873,0.9633574847578398,3.5164377958610277e-09,0,0,1,0,0,1,0
438,0.3707482993165753,1,436,1.071921,33.08861465610859,3.8257,-0.05865,0.016667129,-3.175757575793692e-06,-1.422900000000102e-05,-0.000371702,0.996856694079146,2.959854954629863e-09,0,0,1,0,0,1,0
705,0.9957507082011932,2,703,0.884553,34.75425640020684,3.8257,-0.05865,0.019504633,-0.0013870303030303,0.000134502,0.003432304,0.8191337057259063,3.291603568971274e-09,0,0,1,0,0,1,0
333,0.2589703588123325,0,332,1.051946,34.254070676423055,3.8257,-0.05865,0.015307808,-2.7496969696954823e-05,2.0599999999912358e-07,-0.000300665,0.9929498827182928,3.188638328136324e-09,0,0,1,0,0,1,0
1578,0.8698290126813578,2,1577,1.341539,34.03493465930351,3.8182,-0.0316,0.096275,-0.0010594,0.002305,0.042673,1.0244939727293207,3.144446448073661e-09,1,0,0,0,1,0,0
643,0.6116412213682096,1,641,1.049893,33.88929697104076,3.8257,-0.05865,0.017362919,-0.0001042848484848,3.958000000001821e-06,0.0005060459999999,0.973059267202429,3.115381525716541e-09,0,0,1,0,0,1,0
184,0.1961414790975761,0,183,1.06825,32.8517719814526,3.8257,-0.05865,0.015565488,-3.427272727274023e-05,3.5440000000011573e-06,-0.000195504,1.0007250748494578,2.9152061251916804e-09,0,0,1,0,0,1,0
1753,0.8897917724688178,2,1752,0.593622,34.03493465930351,3.802,-0.1261,0.099938,-0.0016343696969696,-9.499999999999786e-05,0.06236,0.4845917612657694,3.144446448073661e-09,1,0,0,0,1,0,0
561,0.5278039585247144,1,560,1.044976,36.23263667502093,3.8257,-0.05865,0.015207855,-6.471515151512483e-05,1.5138999999999084e-05,3.955699999999909e-05,0.9819135821030156,3.613611545015978e-09,0,0,1,0,0,1,0
150,0.2764378478612905,0,149,1.022256,36.67893070220832,3.8257,-0.05865,0.013690375,-0.0002110787878787,-6.069000000000907e-06,0.0005177409999999,0.9723973007988402,3.7162237455071037e-09,0,0,1,0,0,1,0
169,0.3749999999916295,1,168,1.075992,32.590974695684,3.8257,-0.05865,0.018334337,-6.510303030299285e-05,0.0,0.0004080649999999,1.007181368878239,2.866742098431869e-09,0,0,1,0,0,1,0
422,0.8049713192962721,2,421,0.991127,30.25122807892662,3.8257,-0.05865,0.018364796,-0.0008245818181818,-9.82180000000006e-05,0.0009279809999999,0.9315287237812024,2.463260601425605e-09,0,0,1,0,0,1,0
1202,0.7064705882311385,2,1201,0.986078,34.03493465930351,3.8101,-0.0508,0.101885,-0.0006937151515151,0.000833,0.047095,0.7745590821651063,3.144446448073661e-09,1,0,0,0,1,0,0
538,0.4645328719682999,1,537,1.040198,37.45472933789918,3.8257,-0.05865,0.015432711,-7.396363636363264e-05,2.801199999999913e-05,-3.59990000000001e-05,0.9811050610668808,3.9008319697036695e-09,0,0,1,0,0,1,0
540,0.7280108254299322,2,538,1.042631,33.6227026650809,3.8257,-0.05865,0.017225789,-0.0002686909090908,-3.930000000000253e-05,0.0002432889999999,0.9684325995223928,3.0628015393244487e-09,0,0,1,0,0,1,0
558,0.6412918108345872,1,556,1.056421,33.92379333804146,3.8257,-0.05865,0.016886782,-0.0001930303030302,-4.111000000000045e-05,0.000510395,0.9712867454725828,3.122244079480453e-09,0,0,1,0,0,1,0
336,0.3157398680460345,0,335,1.056258,36.06958154036587,3.8257,-0.05865,0.015037688,-5.632727272724762e-05,3.0770000000006348e-06,-0.0001306099999999,0.9925147337402652,3.57676055949423e-09,0,0,1,0,0,1,0
584,0.5906788247153933,1,583,1.040509,37.718027652527184,3.8257,-0.05865,0.015710248,-9.366666666668932e-05,-1.1067999999999497e-05,-8.765200000000056e-05,0.9815381857972983,3.965330096665438e-09,0,0,1,0,0,1,0
1303,0.9380403458145676,2,1302,0.938342,38.418413691912754,3.8257,-0.05865,0.014740207,-0.0004856242424242,4.891999999999397e-06,-0.000231501,0.8945629822134556,4.1415783492221255e-09,0,0,1,0,0,1,0
961,0.7311500380751627,2,960,1.020039,36.16502619335124,3.8257,-0.05865,0.015873453,-0.0001166787878787,-7.875000000000937e-06,0.0003047799999999,0.9575061860044232,3.598290223956508e-09,0,0,1,0,0,1,0
173,0.2439372325214845,0,171,1.077396,32.727851634632835,3.8257,-0.05865,0.016556954,-3.0812121212103786e-05,-2.550299999999964e-05,7.626999999999981e-05,0.9995954842684204,2.8920869632658164e-09,0,0,1,0,0,1,0
725,0.7189672293871007,2,724,1.032942,33.45027204613585,3.8257,-0.05865,0.015291705,-9.287878787871084e-05,2.7369999999991845e-06,-0.000143137,0.9684681686110562,3.0292191111221747e-09,0,0,1,0,0,1,0
709,0.6489459211672874,1,708,1.027625,37.67557465645572,3.8257,-0.05865,0.015363142,-0.000102703030303,-1.7421000000000103e-05,-0.0001400649999999,0.9670717992876064,3.954866493998977e-09,0,0,1,0,0,1,0
41,0.0819672131130744,0,40,1.044812,32.7601190143288,3.8257,-0.05865,0.016651779,-0.000141303030303,-9.081400000000156e-05,-0.001212344,0.999412679615774,2.8980910031775984e-09,0,0,1,0,0,1,0
390,0.4961734693814263,1,389,1.041179,34.944601761793365,3.8257,-0.05865,0.018279728,-6.874545454544496e-05,-6.416000000002142e-06,-0.000272566,0.9923626943400256,3.3315642605209563e-09,0,0,1,0,0,1,0
459,0.5400943396162725,1,458,1.042899,36.89293936538383,3.8257,-0.05865,0.014949851,-7.413333333332426e-05,-5.982999999999336e-06,-0.0001646019999999,0.9845552409750592,3.766349626225238e-09,0,0,1,0,0,1,0
303,0.3512252041966018,1,301,1.070383,34.42902997341891,3.8257,-0.05865,0.017041629,-4.2333333333269416e-05,-6.531000000000592e-06,0.0002995519999999,0.9931663060381464,3.2243207780637034e-09,0,0,1,0,0,1,0
241,0.2605863192154116,0,240,1.051334,37.12243095008986,3.8257,-0.05865,0.015109562,-5.626666666664506e-05,1.9516000000000672e-05,-0.0001735759999999,0.9942858547952668,3.820775008534809e-09,0,0,1,0,0,1,0
790,0.9227166276238558,2,788,0.94341,35.94086711887386,3.8257,-0.05865,0.017134579,-0.0008195757575757,1.8609999999998766e-05,0.0003559399999999,0.880003955032032,3.5479091921070006e-09,0,0,1,0,0,1,0
342,0.6583011582884498,1,341,1.043539,32.25104871237198,3.8257,-0.05865,0.017573871,-0.0004137575757576,-2.298699999999862e-05,-0.0001857889999999,0.9757150924907808,2.804660440401843e-09,0,0,1,0,0,1,0
1467,0.7584066218274268,2,1466,1.011706,37.020835526486046,3.8257,-0.05865,0.016021322,-9.914545454546422e-05,2.3241999999999707e-05,1.1518000000002028e-05,0.9462624864379512,3.796594604347438e-09,0,0,1,0,0,1,0
582,0.6227224008507747,1,581,1.047846,33.53023984841764,3.8257,-0.05865,0.01561099,-9.49454545454561e-05,-7.92900000000027e-06,-0.000150002,0.9816108277844184,3.0447522280194972e-09,0,0,1,0,0,1,0
469,0.5397923875370266,1,468,0.710382,34.03493465930351,3.8457,-0.0358,0.110368,0.0015196303030303,-0.000836,0.063556,0.6547740078364719,3.144446448073661e-09,1,0,0,1,0,0,0
352,0.2774703557290319,0,351,1.050058,39.1742705431706,3.8257,-0.05865,0.014451811,-2.9236363636312165e-05,2.876000000000614e-06,-0.0004623079999999,0.990620754716981,4.339634990045761e-09,0,0,1,0,0,1,0
442,0.4726688102843229,1,441,1.057376,33.495386234624554,3.8257,-0.05865,0.015550978,-5.026060606059066e-05,3.0099999999994714e-06,-0.000210014,0.9905384289670212,3.037973415502477e-09,0,0,1,0,0,1,0
17,0.0153550863722134,0,16,1.00171,34.03493465930351,3.8628,-0.0155,0.088912,-0.0004305212121212,-0.0003299999999999,0.05841,0.9895396518222384,3.144446448073661e-09,1,0,0,1,0,0,0
695,0.8107476635419305,2,694,1.00295,32.319731085971135,3.8257,-0.05865,0.014784285,-0.0003461575757575,7.644999999998833e-06,-0.00020816,0.9415602703717612,2.8171058345055732e-09,0,0,1,0,0,1,0
2008,0.995535714280776,2,2007,1.112108,34.03493465930351,3.8244,-0.0276,0.082665,-0.0013622121212121,-0.0009829999999999,0.029453,1.028995041502779,3.144446448073661e-09,1,0,0,0,1,0,0
1089,0.8286367098185177,2,1088,0.992712,36.3364418258076,3.8257,-0.05865,0.015978646,-0.0003418303030302,6.637000000000309e-06,0.0004099729999999,0.9318544496051848,3.6372489250323404e-09,0,0,1,0,0,1,0
204,0.2322654462215987,0,203,1.065381,34.35646798565434,3.8257,-0.05865,0.015228193,-1.289090909089845e-05,-6.021000000000151e-06,-0.000215274,0.9977701023261736,3.209478692461717e-09,0,0,1,0,0,1,0
388,0.5514285714206939,1,386,1.058506,34.93074132263974,3.8257,-0.05865,0.016956441,-0.0001185333333333,5.270999999997666e-06,-0.000102598,0.988568717510969,3.3286397994322358e-09,0,0,1,0,0,1,0
319,0.6543209876408576,1,318,1.042357,33.97019889539744,3.8257,-0.05865,0.018366255,-0.000352206060606,0.000143601,8.705999999999992e-05,0.9749089024901234,3.131497204735489e-09,0,0,1,0,0,1,0
563,0.4726200505436174,1,561,1.049977,31.64793312366556,3.8257,-0.05865,0.016867781,-0.0014628969696969,1.1201999999998352e-05,0.0001254269999999,0.9806554470999514,2.6974777751078794e-09,0,0,1,0,0,1,0
1739,0.8991205380191458,2,1738,0.957129,36.434242708912286,3.8257,-0.05865,0.016067225,-0.0002548242424242,-6.219999999997755e-06,5.742100000000194e-05,0.895215870402933,3.659645881750254e-09,0,0,1,0,0,1,0
816,0.7470210815696883,2,815,1.013314,37.84077297746408,3.8257,-0.05865,0.01538447,-0.0001705212121212,1.4945000000000585e-05,-0.0001187369999999,0.9536040804995224,3.995723534508066e-09,0,0,1,0,0,1,0
55,0.0520732883312239,0,54,1.073265,33.26337555039159,3.8257,-0.05865,0.01575302,-2.2424242424608757e-06,8.378999999999331e-06,-0.000184392,1.004583626615548,2.9931930991043597e-09,0,0,1,0,0,1,0
402,0.8003992015808303,2,401,1.010161,33.07327986580082,3.8257,-0.05865,0.019482384,-0.0010234666666666,2.26329999999976e-05,0.0011449589999999,0.9429855391477332,2.956945600614517e-09,0,0,1,0,0,1,0
604,0.4703588143489052,1,603,1.038746,34.17260366277003,3.8257,-0.05865,0.01544965,-4.899393939396907e-05,-1.7660000000002674e-06,-0.0001588229999999,0.9804901761821382,3.172144659220596e-09,0,0,1,0,0,1,0
357,0.3884026258163194,1,355,1.069185,34.69869582070245,3.8257,-0.05865,0.01656333,-0.0001859212121212,-1.4637999999997375e-05,-6.30059999999974e-05,0.990486857244496,3.2800207032936903e-09,0,0,1,0,0,1,0
974,0.8918423464629529,2,973,0.957035,37.67075601114197,3.8257,-0.05865,0.015805027,-0.0005873999999999,1.8490999999998956e-05,0.0003018199999999,0.900641342348828,3.953680384234572e-09,0,0,1,0,0,1,0
122,0.1699716713856944,0,120,1.080401,33.63355343996329,3.8257,-0.05865,0.01615615,-4.511515151513397e-05,-5.839000000000538e-06,8.382100000000128e-05,1.0004972848432765,3.0649259642228342e-09,0,0,1,0,0,1,0
1222,0.6056547619017577,1,1221,0.964934,34.03493465930351,3.7896,-0.0461,0.076289,-0.0061939272727272,9.299999999999586e-05,0.0230769999999999,0.8928200331059957,3.144446448073661e-09,1,0,0,0,1,0,0
831,0.4293843766144367,1,830,1.045004,36.29218224329895,3.8257,-0.05865,0.016028658,-4.376969696967392e-05,1.1765000000000386e-05,1.885400000000217e-05,0.9774065621609488,3.6271537050763352e-09,0,0,1,0,0,1,0
559,0.6499416569352399,1,557,1.046677,34.84436576811596,3.8257,-0.05865,0.017432857,-0.000198896969697,-4.190000000015015e-07,0.0006907799999999,0.9711704405853688,3.310466989511126e-09,0,0,1,0,0,1,0
1421,0.7248596222525531,2,1420,0.537643,34.03493465930351,3.8133,-0.1206,0.097413,-0.0001230303030302,-0.000269,0.061257,0.4339533246915513,3.144446448073661e-09,1,0,0,0,1,0,0
198,0.269230769227071,0,196,1.075116,33.842886300731216,3.8257,-0.05865,0.01627247,-8.703030303037643e-06,1.4275000000001092e-05,3.300800000000104e-05,0.9974754995421384,3.106170161584461e-09,0,0,1,0,0,1,0
837,0.8148148148068732,2,836,1.007411,37.53374333078399,3.8257,-0.05865,0.015977686,-0.0003859818181817,1.3096000000000637e-05,0.000261238,0.9406537444127702,3.920087893674365e-09,0,0,1,0,0,1,0
430,0.5766129032180562,1,429,1.007943,32.835281965350056,3.8257,-0.05865,0.017158946,-0.0001980303030302,2.339700000000139e-05,-0.0007747799999999,0.9707272583686622,2.912120125471362e-09,0,0,1,0,0,1,0
1596,0.9193083573434048,2,1595,1.279613,34.03493465930351,3.827,-0.0684,0.086214,-0.0018136787878787,-0.0020499999999999,0.050024,1.0116461456483687,3.144446448073661e-09,1,0,0,0,1,0,0
703,0.6737044145808666,2,702,0.394403,34.03493465930351,3.846,-0.0775,0.116153,-0.001207709090909,5.200000000001037e-05,0.085651,0.3896111721931958,3.144446448073661e-09,1,0,0,1,0,0,0
610,0.3108728943322569,0,609,1.050793,34.03493465930351,3.8314,-0.0628,0.079959,-0.0003729818181817,0.001361,0.043803,0.8481373623624029,3.144446448073661e-09,1,0,0,0,1,0,0
19,0.018367346938588,0,18,1.031193,31.89553441328413,3.8257,-0.05865,0.017038647,-4.879393939388784e-05,0.000116231,-0.0001968,1.006491681160948,2.741026596008282e-09,0,0,1,0,0,1,0
696,0.6844181459498578,2,694,1.03651,34.497670917404136,3.8257,-0.05865,0.017317161,-0.0001972545454545,-3.747999999997864e-06,0.00062933,0.9646117021672612,3.2384175204351303e-09,0,0,1,0,0,1,0
512,0.7684210526200237,2,511,0.948832,36.56513164522202,3.8257,-0.05865,0.014837694,-0.0003424606060605,-2.473299999999901e-05,0.001320698,0.8934177632353287,3.689813750135213e-09,0,0,1,0,0,1,0
28,0.0555555555544124,0,27,1.071731,30.07455400420872,3.8257,-0.05865,0.017285887,-8.393939393926444e-06,0.000146717,-0.00046364,1.007181730099644,2.43497561261519e-09,0,0,1,0,0,1,0
427,0.8783505154458072,2,426,0.951816,35.46401171368422,3.8257,-0.05865,0.018737454,-0.0015516242424242,1.5120999999999885e-05,0.001177698,0.8936282876762488,3.442832729083485e-09,0,0,1,0,0,1,0
589,0.3594132029317884,1,588,1.044651,36.350820868803176,3.8257,-0.05865,0.015268566,-1.910909090908911e-05,-9.681999999998706e-06,-0.0001990199999999,0.9850068643498858,3.640534078105865e-09,0,0,1,0,0,1,0
572,0.4991258741215111,1,571,1.043542,36.89591078301262,3.8257,-0.05865,0.015105894,-8.126666666666628e-05,-3.1100000000006123e-06,-2.7885000000000063e-05,0.9775871291571544,3.767049849959229e-09,0,0,1,0,0,1,0
71,0.1241007194222284,0,69,1.081066,33.634190279398005,3.8257,-0.05865,0.015061919,-8.76787878787343e-05,-3.18720000000005e-05,-0.000286855,0.9987315682454164,3.065050689279092e-09,0,0,1,0,0,1,0
113,0.0579410243142372,0,112,1.070771,35.01867695665838,3.8257,-0.05865,0.015877608,-2.8472727272763698e-05,1.6039000000002412e-05,-0.0001321959999999,1.0015067903774924,3.3472327689988083e-09,0,0,1,0,0,1,0
272,0.1383358856552407,0,271,1.165006,34.03493465930351,3.8295,-0.0665,0.082499,0.0073233575757576,-0.001099,0.046343,0.9403232758272784,3.144446448073661e-09,1,0,0,0,1,0,0
9,0.013182674199375,0,7,1.075653,32.42899572528521,3.8257,-0.05865,0.015380185,0.0003994999999999,-3.144100000000011e-05,-0.000360552,1.0028183064057503,2.8370070970074303e-09,0,0,1,0,0,1,0
111,0.2079395085026854,0,110,1.078447,33.40136582658957,3.8257,-0.05865,0.017229544,-6.356969696974842e-05,0.0002075679999999,-0.0002752079999999,1.004555887163781,3.019754568513872e-09,0,0,1,0,0,1,0
444,0.4060494958716219,1,443,1.047549,37.294871949443646,3.8257,-0.05865,0.015360852,-5.4024242424213336e-05,-8.046000000001136e-06,-0.000142355,0.9858217698790248,3.8621334633758336e-09,0,0,1,0,0,1,0
461,0.2057245080491694,0,460,1.061753,37.71946455334454,3.8257,-0.05865,0.015101932,-4.923636363633552e-05,1.5268000000000573e-05,-0.000496072,0.9908479226548208,3.965684690693203e-09,0,0,1,0,0,1,0
316,0.2729636048503209,0,315,1.041004,35.03883467938416,3.8257,-0.05865,0.015551585,-4.9054545454523056e-05,2.275300000000036e-05,-0.000188789,0.994821405875062,3.351507995941562e-09,0,0,1,0,0,1,0
721,0.9183673469270616,2,720,0.947229,35.69403447112318,3.8257,-0.05865,0.019022776,-0.0008510181818181,7.006000000000373e-06,0.000470482,0.902817596779236,3.493165085224514e-09,0,0,1,0,0,1,0
1294,0.5909506398510469,1,1293,1.025802,35.8462763544786,3.8257,-0.05865,0.015337907,-0.0001025636363635,1.431099999999949e-05,-1.9790999999999903e-05,0.963153669563258,3.526839942630402e-09,0,0,1,0,0,1,0
637,0.3741176470566228,1,636,1.126446,34.03493465930351,3.8209,-0.0451,0.100606,-0.0051644909090908,0.0010679999999999,0.045816,0.8848174078202286,3.144446448073661e-09,1,0,0,0,1,0,0
495,0.6333333333252137,1,494,0.778179,34.03493465930351,3.8255,-0.0611,0.181911,-0.000284303030303,0.0004109999999999,0.1178979999999999,0.7138850817659912,3.144446448073661e-09,1,0,0,1,0,0,0
672,0.9585121602151858,2,670,0.909006,34.62552829491519,3.8257,-0.05865,0.019064836,-0.0009364303030302,1.003600000000146e-05,0.002296936,0.8417712082809737,3.2648230875651196e-09,0,0,1,0,0,1,0
150,0.1803874091987846,0,149,1.065358,33.582295130375705,3.8257,-0.05865,0.015205232,-3.9757575757616536e-05,2.0919000000001187e-05,-0.0002801109999999,1.0015954331314207,3.0549019537294353e-09,0,0,1,0,0,1,0
762,0.8707093821410674,2,761,0.978638,35.727716317604745,3.8257,-0.05865,0.015728272,-0.0005015393939393,2.721100000000268e-05,0.000284805,0.9165319612422992,3.500590322946734e-09,0,0,1,0,0,1,0
169,0.158896289246823,0,167,1.085358,32.724994156393734,3.8257,-0.05865,0.017037416,-1.2181818182063723e-06,5.897300000000036e-05,5.918900000000116e-05,1.0022013455540022,2.8915558069200154e-09,0,0,1,0,0,1,0
816,0.8716577540013727,2,815,1.029956,34.03493465930351,3.8621,-0.0142,0.087772,0.0006640181818182,-3.199999999999037e-05,0.056549,0.9888628167856556,3.144446448073661e-09,1,0,0,1,0,0,0
128,0.0567978533092272,0,127,1.072961,36.269701088266814,3.8257,-0.05865,0.01525123,-1.4745454545408217e-05,1.7549999999999857e-05,-0.000346774,1.0013074396207398,3.622035584658382e-09,0,0,1,0,0,1,0
319,0.3849878934578088,1,318,1.05745,34.21389423215261,3.8257,-0.05865,0.015099539,-6.018181818178908e-05,6.5320000000000655e-06,-0.000385804,0.9941607335419838,3.180494678067584e-09,0,0,1,0,0,1,0
479,0.5139784946181293,1,478,1.06107,34.62634110151,3.8257,-0.05865,0.016012462,-7.478787878788621e-05,-6.172999999998208e-06,-0.0001694909999999,0.9887268349410344,3.2649915677162963e-09,0,0,1,0,0,1,0
167,0.1593090211117149,0,166,0.953048,34.03493465930351,3.8623,-0.0214,0.09253,-0.002994503030303,-7.599999999999274e-05,0.062028,0.9414688743148022,3.144446448073661e-09,1,0,0,1,0,0,0
437,0.9064449064260616,2,436,0.899223,31.62110776463693,3.8257,-0.05865,0.017920149,-0.0004493696969696,9.348400000000132e-05,0.000642044,0.8925387770983106,2.6927971858594752e-09,0,0,1,0,0,1,0
220,0.2514417531689568,0,218,1.084404,33.62984810194623,3.8257,-0.05865,0.016516231,-6.059999999997484e-05,-2.9687000000000463e-05,0.000139844,0.997014667388712,3.0642003638620796e-09,0,0,1,0,0,1,0
447,0.7978533094669435,2,446,1.007458,34.83731938072118,3.8257,-0.05865,0.021408392,-0.0008607212121211,1.4986999999997558e-05,0.0010349579999999,0.9368521385762044,3.308988415221165e-09,0,0,1,0,0,1,0
527,0.5367346938720742,1,526,0.994278,32.048557924378095,3.8257,-0.05865,0.017450787,-0.0001946424242423,-0.000352595,0.0002153399999999,0.9704609474282166,2.7682556459087237e-09,0,0,1,0,0,1,0
550,0.783977110146152,2,548,1.012663,34.746856615682525,3.8257,-0.05865,0.017730588,-0.0006861575757575,2.2105999999997437e-05,0.0009626879999999,0.937761199696631,3.290058799399837e-09,0,0,1,0,0,1,0
99,0.1156138259819354,0,97,1.081054,33.97516279588017,3.8257,-0.05865,0.016200978,-2.309696969699337e-05,-8.089999999998793e-06,2.637700000000104e-05,1.0018609030569596,3.132488447488485e-09,0,0,1,0,0,1,0
207,0.2718832891210626,0,205,1.089055,35.04193704834114,3.8257,-0.05865,0.016370302,2.3957575757546167e-05,-1.704099999999889e-05,-0.0002215259999999,0.9968548939991267,3.3521664086011317e-09,0,0,1,0,0,1,0
1532,0.9358190708989254,2,1531,0.925497,37.76881062711874,3.8257,-0.05865,0.015302655,-0.0003758606060606,1.6093999999999484e-05,-0.000164931,0.8726559376626513,3.977879432055055e-09,0,0,1,0,0,1,0
510,0.483349191241833,1,508,1.068553,33.60631096756255,3.8257,-0.05865,0.017163148,-2.4260606060563685e-05,-6.986600000000176e-05,0.000184921,0.9866838908413312,3.059594789341146e-09,0,0,1,0,0,1,0
485,0.2847058823512664,0,484,1.214709,34.03493465930351,3.8252,-0.038,0.097611,0.0015080909090909,-0.0010799999999999,0.042821,0.9541475300510652,3.144446448073661e-09,1,0,0,0,1,0,0
1920,0.9927573719555473,2,1919,0.887199,37.22955719454379,3.8257,-0.05865,0.01695493,-0.0005096787878788,6.745500000000099e-05,0.000945126,0.8298093830670806,3.846421297663193e-09,0,0,1,0,0,1,0
277,0.2996742670977234,0,276,1.049388,37.200312483024135,3.8257,-0.05865,0.015118934,-5.71818181818084e-05,2.9987000000000416e-05,-0.0001642039999999,0.9924454498683531,3.839404766391123e-09,0,0,1,0,0,1,0
418,0.4114737883243177,1,416,1.068777,34.57442756695157,3.8257,-0.05865,0.016655132,-5.5090909090850114e-05,4.93789999999987e-05,-0.0002826829999999,0.990256584634571,3.2542464833666553e-09,0,0,1,0,0,1,0
209,0.3898305084672348,1,207,1.0328,32.33538954782613,3.8257,-0.05865,0.015439685,-0.000336806060606,4.007000000000316e-06,-0.000301052,0.9628669718355816,2.819950117267297e-09,0,0,1,0,0,1,0
1530,0.9323170731650468,2,1529,0.93371,36.933300850798766,3.8257,-0.05865,0.015945245,-0.0004084181818182,0.0001744649999999,-0.0004842309999999,0.8761364457410205,3.775870918622505e-09,0,0,1,0,0,1,0
791,0.9316037735739198,2,790,0.942623,37.97458239668261,3.8257,-0.05865,0.015470326,-0.0008987818181817,1.5480000000000008e-05,0.0003558729999999,0.8898890639588618,4.0290944044632155e-09,0,0,1,0,0,1,0
138,0.2807377049122799,0,137,1.024918,32.6726730705219,3.8257,-0.05865,0.016948858,-0.0001658787878787,-0.0001156089999999,-0.0009152649999999,0.980383116547704,2.881845690560139e-09,0,0,1,0,0,1,0
93,0.0804195804188774,0,92,1.067501,35.580020782186565,3.8257,-0.05865,0.015028874,-1.5987878787868627e-05,4.4750999999999125e-05,-0.000104905,1.0000318511017203,3.4681352835422927e-09,0,0,1,0,0,1,0
102,0.0875216637774045,0,101,1.049433,33.94554662148691,3.8257,-0.05865,0.015606377,-4.300000000000336e-05,3.1692999999999305e-05,-0.000133997,1.002876465826917,3.126578556084286e-09,0,0,1,0,0,1,0
806,0.9447708578032342,2,804,0.923873,37.243613605347605,3.8257,-0.05865,0.018233174,-0.0007206484848484,1.0548000000002585e-05,0.001533897,0.859228912749306,3.849797869098946e-09,0,0,1,0,0,1,0
1500,0.6703935599254455,2,1499,1.024955,38.13006854046327,3.8257,-0.05865,0.015336562,-3.546666666668413e-05,-1.866600000000052e-05,-0.000261442,0.9565073351002276,4.068184955287094e-09,0,0,1,0,0,1,0
254,0.3119605425362273,0,253,1.060759,34.13415193621252,3.8257,-0.05865,0.015257989,-3.65090909090195e-05,-8.960000000002299e-07,-0.0001834799999999,0.9971629392250444,3.1643864315401223e-09,0,0,1,0,0,1,0
392,0.7533718689642895,2,391,0.997278,31.68205269120794,3.8257,-0.05865,0.018296853,-0.0005878303030302,-0.000200303,0.0003156439999999,0.930389507161629,2.703441648013386e-09,0,0,1,0,0,1,0
477,0.9754098360455858,2,476,0.849528,33.20870886697858,3.8257,-0.05865,0.020449022,-0.0019910242424242,-9.26940000000008e-05,0.002584899,0.8126141879004348,2.9827285813712313e-09,0,0,1,0,0,1,0
12,0.4074074072565157,1,11,1.810054375611175,34.20379110985749,3.414036913012559,-1.052957458644857,0.016776592,-0.0004892533899457,1.2765000000003121e-06,3.811000000000092e-05,0.9927311237350108,3.178449744572843e-09,0,1,0,0,0,0,1
224,0.255148741415845,0,223,1.064493,34.54947501107562,3.8257,-0.05865,0.015197821,-4.390909090907603e-05,7.681000000000701e-06,-0.000245646,0.9969384563226636,3.2490930977791753e-09,0,0,1,0,0,1,0
324,0.6199616122721696,1,323,1.055828,34.26620893466135,3.8257,-0.05865,0.017486811,-0.0002432363636363,0.000125133,0.0003435729999999,0.986828921788545,3.191102397858241e-09,0,0,1,0,0,1,0
331,0.3768613974756373,1,329,1.083017,30.274489672430352,3.8257,-0.05865,0.017198823,-9.077575757572382e-05,7.017999999997526e-06,0.0002465689999999,0.9893828010878472,2.467006636701904e-09,0,0,1,0,0,1,0
8,0.0040345821325415,0,7,1.268905,34.03493465930351,3.8242,-0.0617,0.086184,0.0002031309523808,-2.5999999999998247e-05,0.049994,1.0031805338363575,3.144446448073661e-09,1,0,0,0,1,0,0
1174,0.6760806916387546,2,1173,0.780711,34.03493465930351,3.8269,-0.0808,0.089211,-0.0003176363636363,0.046904,0.053021,0.6172204205609694,3.144446448073661e-09,1,0,0,0,1,0,0
415,0.4194528875337441,1,414,1.051282,37.35808434995315,3.8257,-0.05865,0.015666483,-4.745454545454369e-05,-4.923000000000427e-06,-0.000131417,0.9917006263678214,3.877394667088456e-09,0,0,1,0,0,1,0
446,0.5460122699319507,1,445,1.045235,35.686805154352584,3.8257,-0.05865,0.015425417,-0.0001369696969696,-8.89000000000445e-07,-0.0001999739999999,0.9793033986836248,3.4915732096970623e-09,0,0,1,0,0,1,0
99,0.0849956634858196,0,98,1.07093,35.196697151337005,3.8257,-0.05865,0.015519152,-8.329090909086193e-05,1.369999999990129e-07,-8.557399999999972e-05,1.000283946027838,3.3851586983950727e-09,0,0,1,0,0,1,0
302,0.3226152197178712,0,301,1.063343,33.21067085760167,3.8257,-0.05865,0.015552288,-3.887272727272558e-05,-1.7930000000016685e-06,-0.000208704,0.996128250190168,2.983103584338661e-09,0,0,1,0,0,1,0
1261,0.651836523535169,1,1260,1.025143,35.54819311269894,3.8257,-0.05865,0.016238293,-5.355757575756293e-05,1.7677000000000664e-05,0.000228489,0.9588302966815068,3.461176844023847e-09,0,0,1,0,0,1,0
309,0.5811320754607333,1,308,1.053632,33.280859055335924,3.8257,-0.05865,0.017492352,-0.0003021757575757,4.652499999999865e-05,-0.0001816209999999,0.976780837284157,2.9965468143936302e-09,0,0,1,0,0,1,0
306,0.2892483349163725,0,304,1.079627,32.856874375690595,3.8257,-0.05865,0.017169246,-4.155151515147104e-05,1.7209000000000668e-05,0.000191019,0.9969094364222962,2.9161616001309407e-09,0,0,1,0,0,1,0
696,0.7409381663034015,2,695,1.038507,34.819446941761974,3.8257,-0.05865,0.01558708,-0.0001701757575757,-4.675000000000859e-06,-0.0001573119999999,0.9718052060709108,3.3052408211935013e-09,0,0,1,0,0,1,0
509,0.5957696827192036,1,507,1.052212,35.34118501394055,3.8257,-0.05865,0.016970744,-2.452121212116726e-05,1.7624000000000806e-05,0.000271467,0.9785879365906056,3.416223850051837e-09,0,0,1,0,0,1,0
58,0.1172839506148707,0,57,1.070867,29.399657229617294,3.8257,-0.05865,0.017125221,-5.772121212119893e-05,-1.4869000000000687e-05,-0.000624306,1.0063697679423431,2.3295953496258208e-09,0,0,1,0,0,1,0
204,0.3738489871017707,1,203,1.069959,33.60144415424168,3.8257,-0.05865,0.01785839,-0.0005953999999999,7.844699999999885e-05,0.0001936869999999,0.9988302968973464,3.058643262767491e-09,0,0,1,0,0,1,0
560,0.5704081632594856,1,559,0.989837,32.33867817411993,3.8257,-0.05865,0.017403703,-0.0001263939393939,4.291299999999859e-05,0.0001682559999999,0.9661263276664108,2.8205478078211063e-09,0,0,1,0,0,1,0
663,0.7187839305025104,2,662,1.020486,38.3316174701789,3.8257,-0.05865,0.015256865,-0.0001106424242424,6.033699999999885e-05,-2.627300000000027e-05,0.9651117483279362,4.119361963757841e-09,0,0,1,0,0,1,0
979,0.7988552739100666,2,977,1.038424,29.778128116279085,3.8257,-0.05865,0.016604822,0.0001062666666666,-0.0005740659999999,0.000235118,0.9617503748646644,2.388174166954173e-09,0,0,1,0,0,1,0
98,0.1128084606332219,0,96,1.078127,33.90151854671602,3.8257,-0.05865,0.016686745,-2.521212121208786e-05,-2.1590000000015763e-06,-1.2531999999999127e-05,1.0026896445893223,3.117811280892756e-09,0,0,1,0,0,1,0
234,0.2765196662660725,0,232,1.075729,34.67176993339579,3.8257,-0.05865,0.016274426,5.703030303024593e-06,1.1306000000002592e-05,9.98250000000013e-05,0.9969259883267256,3.274420562655962e-09,0,0,1,0,0,1,0
771,0.6730769230710396,2,770,1.028328,37.247057254824085,3.8257,-0.05865,0.015089283,-0.0001549151515151,-1.517900000000058e-05,-4.449599999999977e-05,0.963334697934456,3.8506254932519555e-09,0,0,1,0,0,1,0
617,0.585156993334109,1,615,1.059917,33.22039920910772,3.8257,-0.05865,0.017336642,-9.641818181816692e-05,-1.1171000000000791e-05,0.000358415,0.9787095535072864,2.9849636279193e-09,0,0,1,0,0,1,0
428,0.7863720073520005,2,427,1.014701,34.26150517256632,3.8257,-0.05865,0.018363094,-0.0006798424242424,0.0002455409999999,0.0006983909999999,0.9472457366048924,3.19014733007757e-09,0,0,1,0,0,1,0
326,0.2535101404036388,0,325,1.052242,34.08186884417223,3.8257,-0.05865,0.01528923,-4.173939393939107e-05,-3.2864000000000504e-05,-0.000319243,0.9932292821981942,3.1538648428632834e-09,0,0,1,0,0,1,0
819,0.8057199210965905,2,817,1.00448,34.53985596692604,3.8257,-0.05865,0.017723221,-0.0004628,-4.879999999998774e-06,0.00103539,0.9348034872726462,3.2471084591029803e-09,0,0,1,0,0,1,0
215,0.4467640918487106,1,214,1.078245,32.68523171976639,3.8257,-0.05865,0.018355433,-0.0001187212121211,7.708000000002102e-06,0.000176575,1.003599291869342,2.8841737378791603e-09,0,0,1,0,0,1,0
805,0.8932146829711545,2,803,0.987766,36.07653085980392,3.8257,-0.05865,0.017017158,-0.0005929454545454,-2.154899999999918e-05,0.00046528,0.9166640372840272,3.5783242230158892e-09,0,0,1,0,0,1,0
72,0.1384015594514931,0,71,1.074382,32.53827332535097,3.8257,-0.05865,0.017026966,-4.8890909090891536e-05,7.298700000000005e-05,-0.0003236179999999,1.007708952571042,2.857036955930018e-09,0,0,1,0,0,1,0
1162,0.8842345772971498,2,1161,0.959345,36.63975214932476,3.8257,-0.05865,0.016072305,-0.000496812121212,1.2784999999997798e-05,0.0005036319999999,0.900532991397793,3.707112279368973e-09,0,0,1,0,0,1,0
659,0.7528604118906995,2,658,1.016469,35.501644600459024,3.8257,-0.05865,0.015312129,-0.0002630424242424,8.09200000000121e-06,-0.0001313379999999,0.9519621413760744,3.451022565848176e-09,0,0,1,0,0,1,0
803,0.9744835965859724,2,802,0.908908,37.59677268445992,3.8257,-0.05865,0.016412314,-0.0013398727272727,1.4540000000000386e-05,0.0006408279999999,0.8696410956099251,3.9355093837673196e-09,0,0,1,0,0,1,0
117,0.1525198938971814,0,115,1.091728,33.9033634121435,3.8257,-0.05865,0.016561564,-0.000107012121212,6.655000000001243e-06,-3.02639999999986e-05,0.9993015960772216,3.1181782039015e-09,0,0,1,0,0,1,0
33,0.0651731160882856,0,32,1.083447,32.905139571906275,3.8257,-0.05865,0.01717425,2.667878787884828e-05,5.281999999999856e-05,-0.000227421,1.008228139642008,2.925213671405688e-09,0,0,1,0,0,1,0
103,0.1137387387374578,0,101,1.082001,32.84636915932522,3.8257,-0.05865,0.016692992,-3.416363636363847e-05,-1.0679999999999024e-06,-4.000200000000079e-05,1.0024988325809967,2.914194698624004e-09,0,0,1,0,0,1,0
265,0.3384615384571992,1,264,0.986899,34.03493465930351,3.7193,-0.4727,0.159295,-0.002643709090909,-0.0232549999999999,0.0952819999999999,0.905360429039816,3.144446448073661e-09,1,0,0,1,0,0,0
1653,0.9007633587737144,2,1652,0.95405,32.33348014103542,3.8257,-0.05865,0.016031664,-0.0003235878787878,0.000243954,0.000466487,0.8945876532744975,2.8196031448276213e-09,0,0,1,0,0,1,0
887,0.4830970556135055,1,886,1.043753,33.14274479076275,3.8257,-0.05865,0.015758188,-5.1727272727270605e-05,3.5529999999998896e-06,0.0001930109999999,0.9786998028072076,2.9701452230926864e-09,0,0,1,0,0,1,0
289,0.339622641505429,1,288,1.05428,36.64597321748438,3.8257,-0.05865,0.014894699,-4.399999999999107e-05,-6.749999999985934e-07,-0.0002197539999999,0.9952995443040844,3.7085577275359355e-09,0,0,1,0,0,1,0
354,0.1826176927046941,0,353,1.063765,35.965734183622374,3.8257,-0.05865,0.015824895,-2.3121212121205645e-05,1.8339999999991696e-06,-0.000184909,0.9949539825657524,3.553466822354773e-09,0,0,1,0,0,1,0
807,0.6576797385567184,1,805,1.054702,32.40434361095104,3.8257,-0.05865,0.016869301,-0.0001227393939393,-1.1619999999989972e-06,8.187299999999967e-05,0.9780094341984594,2.832506005184151e-09,0,0,1,0,0,1,0
284,0.559288537538354,1,283,1.045983,32.68636485323974,3.8257,-0.05865,0.016989142,-0.0002179818181818,1.2691999999998175e-05,-0.000239687,0.982881977071979,2.8843838744567027e-09,0,0,1,0,0,1,0
480,0.5317018909840745,1,478,1.065577,35.42658705075186,3.8257,-0.05865,0.016481845,-8.037575757576578e-05,-3.120000000002288e-06,-7.00330000000006e-05,0.988873999365236,3.434705507772069e-09,0,0,1,0,0,1,0
119,0.2341269841223387,0,118,1.068215,33.56031750124894,3.8257,-0.05865,0.017075431,-8.018181818178908e-05,-5.299900000000149e-05,-0.000671947,1.0001610422052294,3.0506130611272504e-09,0,0,1,0,0,1,0
268,0.2651439920529777,0,267,1.063361,33.132354521746834,3.8257,-0.05865,0.015185887,-6.810303030303273e-05,-2.422999999999661e-06,-0.000248955,0.9969884855513876,2.9681675197668838e-09,0,0,1,0,0,1,0
121,0.1372549019592012,0,119,1.09485,31.956784922783584,3.8257,-0.05865,0.016267333,-4.135757575760429e-05,-1.5199000000000462e-05,-4.38380000000009e-05,1.00090139176351,2.7518965100439443e-09,0,0,1,0,0,1,0
589,0.7636363636264463,2,588,0.973191,37.365377790584056,3.8257,-0.05865,0.015034671,-0.0002453454545453,1.0599000000000023e-05,0.0010967019999999,0.9113307781125016,3.879158978360938e-09,0,0,1,0,0,1,0
620,0.6720955483097493,2,619,1.025048,38.1381751111303,3.8257,-0.05865,0.015157436,-9.678787878785804e-05,-2.7235000000000453e-05,-0.000125702,0.9694262022213478,4.0702323103566535e-09,0,0,1,0,0,1,0
177,0.3621399176880218,1,176,1.069451,32.46397366556291,3.8257,-0.05865,0.017869007,-7.897575757573109e-05,1.7741999999997676e-05,-3.915800000000094e-05,1.003142291396406,2.843404550524496e-09,0,0,1,0,0,1,0
309,0.2921027592740999,0,307,1.0795,32.92698440478385,3.8257,-0.05865,0.017142525,-4.343030303032601e-05,-9.712000000001997e-06,0.000164298,0.9967921667556192,2.92931893002633e-09,0,0,1,0,0,1,0
531,0.237030411447956,0,530,1.058817,37.2995296888801,3.8257,-0.05865,0.0152203,-6.149696969696648e-05,1.436700000000124e-05,-0.0003777039999999,0.988107992086304,3.863256128078827e-09,0,0,1,0,0,1,0
501,0.5843091334826194,1,499,1.058154,35.15288975216128,3.8257,-0.05865,0.016613575,-0.0002013757575757,2.477499999999772e-05,-0.000165064,0.9870360766082242,3.3757902441388117e-09,0,0,1,0,0,1,0
157,0.2888888888835391,0,156,1.072865,33.05534040000011,3.8257,-0.05865,0.016992051,5.314545454544836e-05,-3.350899999999754e-05,-0.0003170039999999,1.0043521160514353,2.953545341302461e-09,0,0,1,0,0,1,0
438,0.9754464285496552,2,437,0.858263,33.74550347747747,3.8257,-0.05865,0.021784788,-0.0023335333333333,2.811299999999975e-05,0.0038585159999999,0.8033763291897559,3.086921540448238e-09,0,0,1,0,0,1,0
650,0.8173803526345418,2,649,0.99767,36.68419766060112,3.8257,-0.05865,0.014995566,-0.0003765939393939,-0.0003767719999999,-0.0005582379999999,0.9428374050353586,3.7174501735144956e-09,0,0,1,0,0,1,0
315,0.3007662835220233,0,314,1.065908,34.55163908864079,3.8257,-0.05865,0.016012574,-3.951515151513241e-05,5.564000000003039e-06,-3.3169999999999034e-05,0.996951832594908,3.2495397487136294e-09,0,0,1,0,0,1,0
655,0.7531718569693983,2,653,1.036039,32.58463808803833,3.8257,-0.05865,0.016812149,-0.0002711575757575,1.5812999999999938e-05,0.0005009779999999,0.9471369384128192,2.865573625620577e-09,0,0,1,0,0,1,0
297,0.4974789915882776,1,296,1.031274,34.703605163997125,3.8257,-0.05865,0.017887261,-0.0002323212121211,4.673200000000072e-05,-0.0004996429999999,0.9682387524962376,3.2810426919119604e-09,0,0,1,0,0,1,0
806,0.4389312977075303,1,805,1.047285,33.32218434850983,3.8257,-0.05865,0.015707638,-5.503636363636083e-05,2.4151000000000037e-05,0.0001424609999999,0.9820116665369552,3.0044873210295e-09,0,0,1,0,0,1,0
401,0.3259803921541995,0,399,1.073664,33.50166704319849,3.8257,-0.05865,0.01642731,-4.673333333330394e-05,2.290699999999909e-05,-0.0003601179999999,0.9955926139888374,3.03919399192109e-09,0,0,1,0,0,1,0
167,0.1925320886792003,0,165,1.0775,34.37219608930222,3.8257,-0.05865,0.016812671,-5.454545457295581e-08,1.8211000000000616e-05,7.059400000000021e-05,0.9997698905495532,3.2126905578781812e-09,0,0,1,0,0,1,0
1253,0.9788897576154896,2,1252,1.301125,34.03493465930351,3.8217,-0.0667,0.09041,-0.0029300484848484,0.001155,0.052112,1.041938604400867,3.144446448073661e-09,1,0,0,0,1,0,0
772,0.7867346938695231,2,771,0.946688,32.36730987987362,3.8257,-0.05865,0.017330822,-0.000230303030303,-8.276999999999937e-05,9.537499999999824e-05,0.9240109239055108,2.825756280743473e-09,0,0,1,0,0,1,0
325,0.1653905053590332,0,324,1.137905,34.03493465930351,3.8301,-0.0614,0.082899,-0.0010718969696969,-0.0005639999999999,0.046743,0.9184489669411482,3.144446448073661e-09,1,0,0,0,1,0,0
203,0.4225941422505733,1,202,1.069308,33.36896604977387,3.8257,-0.05865,0.018037017,-0.0001369999999999,4.3413999999998565e-05,0.0002386729999999,1.0026545345094175,3.013499057016468e-09,0,0,1,0,0,1,0
119,0.1607142857120781,0,117,1.07863,33.130645378301885,3.8257,-0.05865,0.016300021,-7.338787878786316e-05,1.186999999999716e-06,6.0559000000001695e-05,1.0007357327684985,2.9678423114956593e-09,0,0,1,0,0,1,0
795,0.8537634408510348,2,794,1.006204,34.30992080935649,3.8257,-0.05865,0.016303776,-0.0004375939393939,1.601000000000033e-05,0.000121823,0.9376015684403562,3.199990089331566e-09,0,0,1,0,0,1,0
21,0.0214362272237788,0,20,1.07215,32.193384394532934,3.8257,-0.05865,0.015537633,3.1575757575758685e-05,5.797999999999567e-06,-0.000223359,1.0043785527730833,2.794249712253767e-09,0,0,1,0,0,1,0
143,0.1384015594528421,0,142,1.072963,36.37955272339402,3.8257,-0.05865,0.015599772,-5.506060606056599e-05,-7.025000000000781e-06,-0.000116676,1.0018618652827485,3.6471063654471483e-09,0,0,1,0,0,1,0
444,0.5268176400413966,1,442,1.062284,36.43911797209298,3.8257,-0.05865,0.016287381,-0.0001333393939393,-3.2271999999999856e-05,0.0001127799999999,0.984465907848229,3.660765574865037e-09,0,0,1,0,0,1,0
298,0.4758842443653395,1,296,1.072443,34.119936146502816,3.8257,-0.05865,0.017183196,-0.0001378424242424,1.7796000000000478e-05,0.0004395969999999,0.991371604314013,3.161522493276648e-09,0,0,1,0,0,1,0
298,0.1638168781016888,0,297,1.244325,34.03493465930351,3.8265,-0.0379,0.093899,0.0385033090909091,-0.002532,0.040297,0.950254493247242,3.144446448073661e-09,1,0,0,0,1,0,0
82,0.0616907844625918,0,81,1.066665,35.02468706064739,3.8257,-0.05865,0.015439141,-2.483030303032579e-05,-1.1990999999999393e-05,-0.0001295319999999,1.0012738100155072,3.348506932246925e-09,0,0,1,0,0,1,0
346,0.3251649387339758,0,345,1.055843,36.14234316789306,3.8257,-0.05865,0.01505039,-4.523636363633167e-05,-4.647999999999458e-06,-0.0001179079999999,0.9921247782421746,3.593163058037401e-09,0,0,1,0,0,1,0
384,0.6436974789807782,1,383,1.006177,34.90448358497725,3.8257,-0.05865,0.018250508,-0.0004015454545454,4.5140999999998543e-05,-0.000136396,0.9446757731411892,3.323105906573969e-09,0,0,1,0,0,1,0
295,0.5404411764606536,1,294,0.989024,33.973563266946904,3.8257,-0.05865,0.016770495,-0.0002893212121211,-3.671800000000156e-05,-0.000266254,0.928504102592989,3.132169006324275e-09,0,0,1,0,0,1,0
859,0.92258064515137,2,858,0.962389,34.06151714101803,3.8257,-0.05865,0.016793542,-0.0009520909090908,1.1582000000003034e-05,0.000611589,0.8967738508788933,3.149777712311934e-09,0,0,1,0,0,1,0
440,0.8283018867768245,2,439,0.9713,33.85382763829792,3.8257,-0.05865,0.018752897,-0.0010915393939393,1.6195999999999572e-05,0.001078924,0.9004540743391448,3.108339539207889e-09,0,0,1,0,0,1,0
1303,0.6646248085724114,2,1302,0.706348,34.03493465930351,3.8171,-0.1072,0.091113,-0.0002702545454545,0.0002479999999999,0.054957,0.5701219266115767,3.144446448073661e-09,1,0,0,0,1,0,0
1196,0.6591285162677378,1,1195,0.981505,34.03493465930351,3.8124,-0.0499,0.09953,-0.0002243575757575,-0.000247,0.045928,0.7495465705459863,3.144446448073661e-09,1,0,0,0,1,0,0
387,0.7877551020247396,2,386,0.952312,35.17230660682602,3.8257,-0.05865,0.018304057,-0.0006297272727272,-1.7144000000000187e-05,0.0009921519999999,0.8919944437211333,3.379939770779688e-09,0,0,1,0,0,1,0
961,0.8079191238348112,2,959,1.040107,30.27538940744187,3.8257,-0.05865,0.017538596,-7.041818181818608e-05,-0.000249557,0.0007962419999999,0.9714370839711624,2.4671516324064766e-09,0,0,1,0,0,1,0
84,0.1707818930006012,0,83,1.069202,29.37202328143213,3.8257,-0.05865,0.017137429,-9.537575757577335e-05,-2.605400000000105e-05,-0.000612098,1.0048050492017115,2.3253692908495184e-09,0,0,1,0,0,1,0
89,0.1003460207600882,0,87,1.096296,31.97180929895942,3.8257,-0.05865,0.016256355,-3.709696969694608e-05,-4.28900000000107e-06,-5.48159999999992e-05,1.0022233111246004,2.7545687422245307e-09,0,0,1,0,0,1,0
323,0.5071090047313253,1,321,1.057797,32.60086169719635,3.8257,-0.05865,0.016755704,-0.0001554969696969,-6.255999999999623e-06,-0.000246273,0.9832325744816124,2.8685661201333413e-09,0,0,1,0,0,1,0
153,0.2799263351697987,0,152,1.076429,33.54579670890415,3.8257,-0.05865,0.017681498,-0.0001342787878787,-0.0001956949999999,1.6795000000000004e-05,1.004870184426612,3.0477823233507118e-09,0,0,1,0,0,1,0
953,0.4351005484440809,1,952,1.037323,34.96834797673183,3.8257,-0.05865,0.01549321,-3.3060606060557566e-05,1.0030000000011555e-06,0.000135512,0.9739710528663108,3.3365799152530732e-09,0,0,1,0,0,1,0
472,0.2597904026461126,0,471,0.581052,34.03493465930351,3.7739,-0.0902,0.1248,-0.0834356787878787,0.0001509999999999,0.071198,0.4437323639807096,3.144446448073661e-09,1,0,0,0,1,0,0
1096,0.9216512215592112,2,1094,1.033223,31.84724658064521,3.8257,-0.05865,0.017129187,-0.0001001818181817,-1.0149000000000965e-05,0.0003868329999999,0.965007579231691,2.732484336748009e-09,0,0,1,0,0,1,0
7,0.0606060605999387,0,6,1.590369231400328,32.45692821941515,3.524673458789008,-1.83711254029409,0.016776592,-0.006969182500867,1.2765000000003121e-06,3.811000000000092e-05,0.9740522446978525,2.8421148994420714e-09,0,1,0,0,0,0,1
219,0.1700468018707484,0,218,1.056656,33.81639213470406,3.8257,-0.05865,0.015322045,-8.896969696966315e-06,-1.870699999999975e-05,-0.000286428,0.9973957325505114,3.100922700343983e-09,0,0,1,0,0,1,0
560,0.6435986159095317,1,558,1.057241,33.73551533674417,3.8257,-0.05865,0.016939947,-0.0001683151515151,3.962700000000041e-05,0.00056356,0.9720406637790984,3.084953360398298e-09,0,0,1,0,0,1,0
409,0.7298747763733475,2,408,1.033796,34.49330700147167,3.8257,-0.05865,0.021042973,-0.0005232303030302,4.72650000000012e-05,0.000669539,0.9613442877534604,3.237519661960806e-09,0,0,1,0,0,1,0
760,0.6956920256581514,2,759,1.021914,37.88957174787706,3.8257,-0.05865,0.015326948,-0.0001155272727272,-1.3047000000000404e-05,-0.0001762589999999,0.9616973221721884,4.007864692824496e-09,0,0,1,0,0,1,0
450,0.9697624189855344,2,449,0.854626,34.12146822766376,3.8257,-0.05865,0.021700216,-0.0020772666666666,0.000266481,0.003896018,0.7980751901043929,3.161831037143514e-09,0,0,1,0,0,1,0
171,0.3483606557305663,1,170,1.017874,32.518625817927145,3.8257,-0.05865,0.017139086,-0.0002048121212121,9.93500000000258e-06,-0.0007250369999999,0.9736451934426732,2.8534263582842103e-09,0,0,1,0,0,1,0
985,0.940726577428865,2,984,0.928901,32.6456129008767,3.8257,-0.05865,0.016007058,-0.000806503030303,2.4795000000001063e-05,0.000709552,0.8667215306683237,2.876835174312217e-09,0,0,1,0,0,1,0
507,0.7609022556276556,2,506,0.950392,34.94234743354854,3.8257,-0.05865,0.014875341,-0.0003804242424241,1.2280000000006869e-06,0.001358345,0.8948866552105648,3.3310884551756433e-09,0,0,1,0,0,1,0
109,0.1204954954941385,0,107,1.081803,32.943351632783944,3.8257,-0.05865,0.016687181,-3.0339393939397584e-05,-2.6750000000005936e-06,-4.5813000000002185e-05,1.002315381023326,2.9323981829731813e-09,0,0,1,0,0,1,0
865,0.985159817340352,2,863,0.975857,32.4062395293532,3.8257,-0.05865,0.018123459,-0.0006321878787878,-2.224799999999902e-05,0.001316238,0.8953021858299502,2.832851942463956e-09,0,0,1,0,0,1,0
270,0.5369261476938737,1,269,1.068197,32.676695358184794,3.8257,-0.05865,0.018750289,-0.0001220303030302,-1.843699999999962e-05,0.0004128639999999,0.9971621592607426,2.882591134391067e-09,0,0,1,0,0,1,0
281,0.3840877914899302,1,280,1.062186,35.20919826849076,3.8257,-0.05865,0.015939564,-4.47333333332887e-05,-1.6728000000000576e-05,-6.968099999999852e-05,0.9950248103741745,3.3878364071844092e-09,0,0,1,0,0,1,0
259,0.3408488063615272,1,257,1.084814,34.36721177946767,3.8257,-0.05865,0.016634962,-9.703030303036144e-05,-3.103100000000081e-05,4.313400000000023e-05,0.9929729398228452,3.2116723904748757e-09,0,0,1,0,0,1,0
683,0.7404994571037948,2,682,1.018036,38.39298004052755,3.8257,-0.05865,0.015224174,-0.0001342969696969,1.913800000000014e-05,-5.896399999999989e-05,0.9627946917652754,4.13505724630543e-09,0,0,1,0,0,1,0
30,0.0315315315311764,0,28,1.083719,32.7259989681697,3.8257,-0.05865,0.016550951,3.45757575758479e-05,4.950999999999567e-06,-0.0001820429999999,1.0040905991268447,2.891742574258265e-09,0,0,1,0,0,1,0
482,0.4160899653943245,1,481,1.043534,37.34108964996296,3.8257,-0.05865,0.015421147,-6.876969696968398e-05,3.2661999999999275e-05,-4.756300000000047e-05,0.9842515451821348,3.87328637548545e-09,0,0,1,0,0,1,0
294,0.3547215496325094,1,293,1.058916,34.201538108647505,3.8257,-0.05865,0.015088999,-5.445454545449179e-05,-5.128999999999551e-06,-0.0003963439999999,0.9955389922165052,3.177993884403622e-09,0,0,1,0,0,1,0
35,0.0294627383013044,0,34,1.051319,33.9343872706872,3.8257,-0.05865,0.015519634,6.448484848484421e-06,-1.4972000000000247e-05,-0.00022074,1.004678796242055,3.124354311817332e-09,0,0,1,0,0,1,0
749,0.7578520769933348,2,748,1.024889,37.84564068671947,3.8257,-0.05865,0.015784238,-0.0001221878787878,5.280999999999342e-06,-1.366200000000109e-05,0.9668034487963172,3.996933140608431e-09,0,0,1,0,0,1,0
364,0.7408163265154936,2,363,0.966723,35.10638755826935,3.8257,-0.05865,0.017929576,-0.0005821151515151,-8.361600000000163e-05,0.000617671,0.9054926795182936,3.3658709593043463e-09,0,0,1,0,0,1,0
322,0.456490727525585,1,320,1.066713,32.28466778903343,3.8257,-0.05865,0.016913025,-0.0001378606060605,1.2012000000002215e-05,0.000432341,0.9896839210563428,2.810746104120226e-09,0,0,1,0,0,1,0
431,0.2628361858174643,0,430,1.051106,36.28263938494111,3.8257,-0.05865,0.015237168,-3.668484848482484e-05,-7.644999999998833e-06,-0.0002304179999999,0.9910933174422376,3.624980360236382e-09,0,0,1,0,0,1,0
96,0.1693404634550919,0,95,1.071378,32.11204777060649,3.8257,-0.05865,0.017105786,-0.0001391878787879,0.000103656,-0.0007369149999999,0.999984132836162,2.779624204710442e-09,0,0,1,0,0,1,0
1,0.0,0,0,1.06916,34.5453551520618,3.8257,-0.05865,0.016009804,-9.664545454543671e-05,1.2765000000003121e-06,0.0,1.0,3.248242939138174e-09,0,0,1,0,0,1,0
966,0.9243295019068553,2,965,0.960208,35.92172360897751,3.8257,-0.05865,0.016236786,-0.0008507575757575,-3.3909000000002104e-05,0.0001910419999999,0.8980898213281928,3.543636053952075e-09,0,0,1,0,0,1,0
727,0.6346153846098374,1,726,1.032311,37.212888146883,3.8257,-0.05865,0.015108018,-8.693333333331726e-05,-1.309999999999159e-06,-2.5760999999999146e-05,0.9670659608212712,3.842420571991238e-09,0,0,1,0,0,1,0
364,0.7484536082319906,2,363,1.014695,34.454011317460335,3.8257,-0.05865,0.017729525,-0.0005320181818181,6.836899999999868e-05,0.000169769,0.9526632829913042,3.229444790391165e-09,0,0,1,0,0,1,0
42,0.0355285961868671,0,41,1.051289,33.81659200712801,3.8257,-0.05865,0.015536019,-1.6945454545394286e-05,4.7999999999021055e-08,-0.000204355,1.0046501271474344,3.100962257460943e-09,0,0,1,0,0,1,0
1043,0.4660107334505098,1,1042,1.040056,37.106666576389024,3.8257,-0.05865,0.015431028,-2.6103030302973693e-05,-1.8709999999999907e-05,-0.000166976,0.9705998730822352,3.817013950640979e-09,0,0,1,0,0,1,0
1249,0.6456285566443579,1,1248,1.025797,35.616577179020126,3.8257,-0.05865,0.016220216,-5.479393939389168e-05,-2.510400000000149e-05,0.000210412,0.9594419918440644,3.476143045464021e-09,0,0,1,0,0,1,0
499,0.8938848920702539,2,497,0.959984,35.42172254694323,3.8257,-0.05865,0.016805241,-0.0008063090909091,3.10929999999994e-05,0.0014564669999999,0.8868712232282835,3.4336503868679926e-09,0,0,1,0,0,1,0
259,0.461538461530205,1,258,1.072442,34.19984100402892,3.8257,-0.05865,0.020356942,-3.1272727272953028e-06,-6.649800000000164e-05,-1.6491999999999896e-05,0.9972818531382368,3.177650540127394e-09,0,0,1,0,0,1,0
424,0.4051724137892225,1,423,1.061635,35.39873261955563,3.8257,-0.05865,0.015877727,-4.770909090903502e-05,4.231999999999847e-06,-0.0001680169999999,0.9929552633031136,3.428667758817391e-09,0,0,1,0,0,1,0
110,0.1121495327091157,0,108,1.085423,33.490294445347736,3.8257,-0.05865,0.016817018,-3.2781818181815007e-05,-1.1435000000000611e-05,6.054999999999949e-05,1.0019569778723036,3.0369842294067887e-09,0,0,1,0,0,1,0
417,0.7863894139737923,2,416,0.985063,34.51624319235595,3.8257,-0.05865,0.018341843,-0.0008724242424241,0.0001791509999999,0.000837091,0.917570205932434,3.242241193164403e-09,0,0,1,0,0,1,0
158,0.1224648985949885,0,157,1.058995,33.73007164604241,3.8257,-0.05865,0.015322655,-1.930909090906474e-05,-3.760000000015834e-07,-0.000285818,0.9996035547920312,3.083881146412969e-09,0,0,1,0,0,1,0
202,0.4341252699690253,1,201,1.060298,32.85797700691776,3.8257,-0.05865,0.01794409,-0.0002055757575758,0.000420691,0.0001398919999999,0.9901378239338698,2.916368115941164e-09,0,0,1,0,0,1,0
465,0.3627834245475936,1,464,0.875,34.03493465930351,3.7975,-0.0403,0.084438,-0.0115816181818181,-0.002297,0.04614,0.7006984562211613,3.144446448073661e-09,1,0,0,0,1,0,0
870,0.6794370601979716,2,869,0.937125,34.03493465930351,3.8253,-0.0845,0.087253,0.0064316909090909,-0.0006619999999999,0.048955,0.7504480466128637,3.144446448073661e-09,1,0,0,0,1,0,0
43,0.0818713450276438,0,42,1.075316,32.62606956835132,3.8257,-0.05865,0.016989395,1.4218181818212357e-05,-5.6609999999998606e-05,-0.0003611889999999,1.0085849912255442,2.8732213592557943e-09,0,0,1,0,0,1,0
708,0.3657527159836226,1,707,1.05025,36.6054168310401,3.8257,-0.05865,0.015913932,-6.319999999996942e-05,1.5369999999993722e-06,-9.587200000000032e-05,0.9823132178532678,3.6991436494649027e-09,0,0,1,0,0,1,0
952,0.7517786561205394,2,951,1.011948,38.60295677231381,3.8257,-0.05865,0.014968734,-0.0001286666666666,7.00249999999996e-05,5.461499999999918e-05,0.954667924528302,4.189171352508821e-09,0,0,1,0,0,1,0
27,0.052631578946303,0,26,1.071497,32.17161718861514,3.8257,-0.05865,0.017239496,3.388484848481779e-05,-5.651799999999846e-05,-0.000411721,1.0085854725633865,2.7903288919185077e-09,0,0,1,0,0,1,0
1560,0.6972271914101198,2,1559,1.022845,38.24369009777703,3.8257,-0.05865,0.015353138,-3.10484848484474e-05,-1.727299999999994e-05,-0.0002448659999999,0.9545382433088208,4.096965033700761e-09,0,0,1,0,0,1,0
939,0.5406340057605727,1,938,0.86904,34.03493465930351,3.8268,-0.0871,0.086374,0.0094565515151515,-0.0014839999999999,0.050184,0.6870522309590934,3.144446448073661e-09,1,0,0,0,1,0,0
190,0.1813819577717718,0,189,0.949594,34.03493465930351,3.8651,-0.0232,0.093895,-0.0003720424242424,-0.0001379999999999,0.063393,0.9380568389379028,3.144446448073661e-09,1,0,0,1,0,0,0
143,0.3944444444334876,1,142,1.026265,33.92089150749592,3.8257,-0.05865,0.016899588,-0.0004852303030302,0.0001023879999999,-0.000154271,0.9646671441757984,3.1216662798086086e-09,0,0,1,0,0,1,0
892,0.985603543732164,2,890,0.967791,33.960564553941964,3.8257,-0.05865,0.017882202,-0.0005333939393939,-2.5034000000000167e-05,0.001289305,0.9000396177353536,3.129574123970937e-09,0,0,1,0,0,1,0
659,0.3629343629323611,1,658,1.153772,34.03493465930351,3.8229,-0.0403,0.094926,-0.0006082727272727,-0.001432,0.041324,0.8811018240273699,3.144446448073661e-09,1,0,0,0,1,0,0
984,0.9479267116591328,2,983,0.936268,33.62035395798639,3.8257,-0.05865,0.016750691,-0.0009891030303029,1.936700000000277e-05,0.000813279,0.8763534662213769,3.062341870543732e-09,0,0,1,0,0,1,0
514,0.6543367346855314,1,513,1.029197,35.17199065159715,3.8257,-0.05865,0.018244099,-0.0001307515151515,-1.5392999999998963e-05,-0.000308195,0.9809424776399364,3.3798722121698304e-09,0,0,1,0,0,1,0
525,0.9406474819974704,2,523,0.93311,35.60196250379203,3.8257,-0.05865,0.017488901,-0.0011722545454545,3.0034000000001695e-05,0.002140127,0.8620439581352852,3.472939679196434e-09,0,0,1,0,0,1,0
404,0.8207739307368478,2,403,0.984571,34.63807156261929,3.8257,-0.05865,0.018521138,-0.0013103030303029,-5.431800000000112e-05,0.0011194669999999,0.9162166563527994,3.267423950032041e-09,0,0,1,0,0,1,0
571,0.4846678023808802,1,569,1.070086,31.36260164168193,3.8257,-0.05865,0.017150914,-4.583636363635299e-05,1.2242999999998588e-05,0.0002829339999999,0.9908919347878828,2.648064708385502e-09,0,0,1,0,0,1,0
350,0.3026886383321536,0,349,1.059809,36.47297953912909,3.8257,-0.05865,0.015486383,-4.407878787880973e-05,-2.020100000000094e-05,-0.0001183429999999,0.989896565187096,3.668550984796355e-09,0,0,1,0,0,1,0
101,0.9803921567666284,2,100,1.4004552399066514,32.57629643048425,3.461590937144893,-1.8356063485512328,0.016776592,-0.0028343458049965,1.2765000000003121e-06,3.811000000000092e-05,0.8269241329363202,2.8640360731910316e-09,0,1,0,0,0,0,1
1248,0.9749804534716576,2,1247,1.314634,34.03493465930351,3.823,-0.065,0.09059,0.0031869454545455,8.400000000000074e-05,0.052292,1.052756587766686,3.144446448073661e-09,1,0,0,0,1,0,0
308,0.4334277620335208,1,306,1.069145,34.04852708510637,3.8257,-0.05865,0.016384698,-7.418181818178698e-05,5.823999999998025e-06,0.0003123689999999,0.9900737500277812,3.147171471444444e-09,0,0,1,0,0,1,0
197,0.3023255813906616,0,195,1.071459,33.49884310960139,3.8257,-0.05865,0.016802222,-2.9400000000009175e-05,-4.862200000000164e-05,0.0001942869999999,0.9968738922553472,3.038645150337345e-09,0,0,1,0,0,1,0
408,0.5576923076846471,1,406,1.059193,36.67986039581356,3.8257,-0.05865,0.015946057,-2.481818181819915e-05,1.7264999999998948e-05,-0.000293405,0.9827023937756824,3.7164402012386903e-09,0,0,1,0,0,1,0
1189,0.9391304347751848,2,1188,0.919745,40.892774527098624,3.8257,-0.05865,0.015329661,-0.0005408666666666,3.003700000000012e-05,0.0004155419999999,0.8676839622641509,4.8218612263830444e-09,0,0,1,0,0,1,0
517,0.6051703877719722,1,515,1.05054,34.574230590733485,3.8257,-0.05865,0.017250465,-0.0001964363636363,2.0828000000000516e-05,0.000551188,0.9770329276855758,3.2542057736724917e-09,0,0,1,0,0,1,0
347,0.3756786102022185,1,346,1.045411,37.29365318490313,3.8257,-0.05865,0.015146853,-5.602424242424239e-05,4.2042000000000815e-05,-0.0001362849999999,0.9886842523378628,3.861839750299836e-09,0,0,1,0,0,1,0
357,0.4371859296427489,1,348,0.353932,34.03493465930351,3.8755,-0.0754,0.0,0.0141338666666666,0.0,-0.121369,0.9514249923387508,3.144446448073661e-09,1,0,0,1,0,0,0
136,0.1443850267364237,0,135,0.967585,34.03493465930351,3.8607,-0.0191,0.094183,0.0064576848484848,0.001811,0.06296,0.9289802948665268,3.144446448073661e-09,1,0,0,1,0,0,0
577,0.5907692307631716,1,576,0.481744,34.03493465930351,3.8614,-0.0642,0.113392,-0.0019488909090908,0.00055,0.082947,0.4603717040129049,3.144446448073661e-09,1,0,0,1,0,0,0
915,0.5041367898482949,1,914,1.06718,34.03493465930351,3.8194,-0.0433,0.097307,-0.0003998848484848,-0.0004689999999999,0.043705,0.8149740542893471,3.144446448073661e-09,1,0,0,0,1,0,0
154,0.1631130063948495,0,153,1.07186,33.78150988277008,3.8257,-0.05865,0.015590259,-1.8999999999920417e-05,1.1690000000005168e-06,-0.0001541329999999,1.0030159913983887,3.094026025767499e-09,0,0,1,0,0,1,0
423,0.9356984478728226,2,422,0.892555,34.81633135074209,3.8257,-0.05865,0.021195028,-0.002303703030303,0.000219816,0.0032639,0.8382073141642203,3.304587916538797e-09,0,0,1,0,0,1,0
252,0.2780867630669846,0,250,1.077085,34.0255938626024,3.8257,-0.05865,0.016602021,-1.670303030298355e-05,-3.747999999999946e-05,5.014300000000249e-05,0.9995536236295504,3.142575023965146e-09,0,0,1,0,0,1,0
1130,0.627570872703571,1,1129,1.028535,33.32620358509828,3.8257,-0.05865,0.015755162,-5.476969696969527e-05,-1.2260000000000049e-05,-2.2946999999998857e-05,0.9623251079245736,3.005260610311886e-09,0,0,1,0,0,1,0
37,0.0409836065568971,0,35,1.077494,31.97985395914577,3.8257,-0.05865,0.016654454,1.986666666660799e-05,-1.172400000000115e-05,-0.000124185,1.0050762463014853,2.7560005219091596e-09,0,0,1,0,0,1,0
194,0.3697318007592005,1,193,1.04108,33.74960061351948,3.8257,-0.05865,0.017266344,-0.0002164727272727,-0.000271421,-0.00042232,0.9812095376417154,3.08772921410935e-09,0,0,1,0,0,1,0
1810,0.8973214285669776,2,1809,1.122775,34.03493465930351,3.8265,-0.0244,0.084156,-0.001059812121212,0.0007889999999999,0.0309439999999999,1.0388648474098583,3.144446448073661e-09,1,0,0,0,1,0,0
517,0.5872291904151969,1,515,1.051977,35.66963933996028,3.8257,-0.05865,0.016887741,-0.0002258121212121,1.372399999999968e-05,-0.0002334449999999,0.98226927838979,3.487795952424019e-09,0,0,1,0,0,1,0
466,0.4390934844151172,1,465,1.012711,32.42723390657772,3.8257,-0.05865,0.017077392,-0.000132206060606,-0.000337888,3.6830000000001584e-05,0.9836433552101836,2.836685203297945e-09,0,0,1,0,0,1,0
189,0.2276029055662518,0,188,1.063839,33.58568645645011,3.8257,-0.05865,0.015203949,-4.363030303022438e-05,1.1129999999987678e-06,-0.000281394,1.0001673465512038,3.055564246587515e-09,0,0,1,0,0,1,0
362,0.6928982725394837,2,361,1.04398,34.46213362346624,3.8257,-0.05865,0.017631233,-0.0003798484848485,-8.807900000000132e-05,0.0004879949999999,0.9757551966502168,3.2311123595033332e-09,0,0,1,0,0,1,0
1478,0.8146718146673212,2,1477,0.93992,34.03493465930351,3.8103,-0.0546,0.101709,-0.000533212121212,-0.000819,0.048107,0.7177893261751936,3.144446448073661e-09,1,0,0,0,1,0,0
436,0.8630952380781132,2,435,0.9388,34.73015193622622,3.8257,-0.05865,0.019450637,-0.0009655393939393,5.287899999999873e-05,0.0017032589999999,0.8789908271483451,3.2865739441996732e-09,0,0,1,0,0,1,0
301,0.1654715940421099,0,300,1.245568,34.03493465930351,3.826,-0.0345,0.093209,0.0038764181818181,-0.0010919999999999,0.039607,0.9512037358768656,3.144446448073661e-09,1,0,0,0,1,0,0
1092,0.890522875809718,2,1090,1.036181,31.73606988857146,3.8257,-0.05865,0.017128937,-5.444242424238145e-05,4.501999999999978e-06,0.000341509,0.9608351871307668,2.712907725413682e-09,0,0,1,0,0,1,0
1894,0.966309341495833,2,1893,1.245386,34.03493465930351,3.8285,-0.0564,0.085356,0.0007532363636364,-0.0002279999999999,0.0492,1.0052012120018532,3.144446448073661e-09,1,0,0,0,1,0,0
224,0.3049450549408661,0,222,1.073597,33.91556135789475,3.8257,-0.05865,0.016300142,-3.1860606060659446e-05,-4.820100000000119e-05,6.0680000000000456e-05,0.9960661955379152,3.1206052141101806e-09,0,0,1,0,0,1,0
157,0.2994241842552894,0,156,1.076278,33.88162786134452,3.8257,-0.05865,0.017273024,-5.8575757575712416e-05,-0.0001323609999999,0.0001297859999999,1.0059425003738598,3.1138577085501763e-09,0,0,1,0,0,1,0
251,0.5543237250431414,1,250,1.050661,33.271187613839345,3.8257,-0.05865,0.018508838,-0.0004236909090908,0.0007147709999999,0.0005777099999999,0.9866862377187892,2.9946912054070635e-09,0,0,1,0,0,1,0
445,0.5109573241002197,1,443,1.076127,34.164070785847294,3.8257,-0.05865,0.016101975,-9.74787878787903e-05,-5.039599999999769e-05,-0.0002091959999999,0.9837850043515466,3.1704215471720407e-09,0,0,1,0,0,1,0
728,0.5536938309173367,1,727,1.037301,36.80227359011089,3.8257,-0.05865,0.015633488,-6.35212121212062e-05,1.046600000000064e-05,6.481500000000105e-05,0.9737099505495126,3.745040000549142e-09,0,0,1,0,0,1,0
1540,0.7961717537465278,2,1539,1.001519,37.0674317874601,3.8257,-0.05865,0.016037537,-0.0001643333333333,2.614400000000225e-05,2.773300000000201e-05,0.9367344457330988,3.807667741624237e-09,0,0,1,0,0,1,0
1221,0.6781545302908385,2,1220,1.022034,33.358774134414965,3.8257,-0.05865,0.015718477,-6.846060606058189e-05,1.8180000000006524e-06,-5.9631999999996965e-05,0.956242596851428,3.0115336842693e-09,0,0,1,0,0,1,0
311,0.2423768569175733,0,310,1.158749,34.03493465930351,3.8267,-0.069,0.08808,-0.0002549333333333,0.001399,0.049782,0.9279241547975022,3.144446448073661e-09,1,0,0,0,1,0,0
1163,0.9493049877273156,2,1161,0.997261,30.103053840521515,3.8257,-0.05865,0.017020535,-0.0003484727272726,3.9419999999998345e-06,0.000650831,0.9236267079612084,2.439518502707345e-09,0,0,1,0,0,1,0
551,0.4757785467086871,1,550,1.039245,37.04479679349925,3.8257,-0.05865,0.015510046,-7.644242424241181e-05,1.986099999999949e-05,4.1335999999999457e-05,0.9802062003469056,3.8022851483983325e-09,0,0,1,0,0,1,0
506,0.9655831739777136,2,505,0.860359,30.328466317738847,3.8257,-0.05865,0.020513307,-0.0018059878787878,-3.2754999999998896e-05,0.003076492,0.8086240423918141,2.475718747684077e-09,0,0,1,0,0,1,0
374,0.7270955165550274,2,373,1.018279,33.83775669992606,3.8257,-0.05865,0.017583719,-0.0004773575757575,-5.377599999999844e-05,0.000233135,0.9550875428991626,3.105153565691229e-09,0,0,1,0,0,1,0
800,0.7893175074105904,2,798,1.019686,34.728807953757226,3.8257,-0.05865,0.017179731,-0.000212903030303,-3.666800000000012e-05,0.000241916,0.9447721795656971,3.286293712673921e-09,0,0,1,0,0,1,0
952,0.9396636992983218,2,950,0.936439,35.67549170916331,3.8257,-0.05865,0.017679552,-0.0005207696969696,4.614000000000007e-06,0.000741737,0.8676411317408711,3.4890833267841077e-09,0,0,1,0,0,1,0
950,0.7419859264992809,2,949,0.869278,34.03493465930351,3.8264,-0.0876,0.086937,-0.0003910121212121,-0.001392,0.048639,0.6961162887165927,3.144446448073661e-09,1,0,0,0,1,0,0
180,0.3537549407044712,1,179,1.063276,32.31113869172293,3.8257,-0.05865,0.016900683,-0.0001416424242424,-1.535000000000425e-06,-0.000328146,0.9991317421537306,2.8155461636954572e-09,0,0,1,0,0,1,0
272,0.2559017941430038,0,271,1.027499,32.56205030358793,3.8257,-0.05865,0.016895056,-1.2248484848458364e-05,-0.000386994,-0.000145506,0.9980068981526896,2.8614119097128757e-09,0,0,1,0,0,1,0
737,0.3363802559399617,1,736,1.044984,35.66371547907542,3.8257,-0.05865,0.015346196,-1.6521212121214863e-05,6.200999999999082e-06,-1.150200000000004e-05,0.9811641761615706,3.4864932857674243e-09,0,0,1,0,0,1,0
951,0.902949571827755,2,949,0.965552,33.56445172530863,3.8257,-0.05865,0.018143076,-0.0006108969696969,-7.180999999998466e-06,0.001164849,0.8915744976333687,3.051419433958878e-09,0,0,1,0,0,1,0
461,0.4397705544891035,1,460,1.057516,33.13490164945266,3.8257,-0.05865,0.015143375,-8.836969696967728e-05,-7.957999999998883e-06,-0.000154131,0.98672720368074,2.9686522353759273e-09,0,0,1,0,0,1,0
149,0.2840690978832232,0,148,1.07674,34.02226543849368,3.8257,-0.05865,0.017265363,-5.568484848482795e-05,-0.000116789,0.0001221249999999,1.0063743083595036,3.1419084174945435e-09,0,0,1,0,0,1,0
566,0.5266106442527861,1,564,1.055275,31.252810976878592,3.8257,-0.05865,0.016503446,-0.0001279575757575,1.5650000000019817e-06,6.58670000000007e-05,0.9806231048937532,2.62926919416082e-09,0,0,1,0,0,1,0
292,0.895384615357065,2,291,0.891751,29.992724515711515,3.8257,-0.05865,0.021592971,-0.0013298666666666,0.000577014,0.0040508699999999,0.8349282856626565,2.4219741896490714e-09,0,0,1,0,0,1,0
1368,0.835574572122032,2,1367,0.985492,37.18256361916461,3.8257,-0.05865,0.0151847,-0.0002365999999999,1.240800000000021e-05,-0.0002828859999999,0.9292255353815748,3.835151973165702e-09,0,0,1,0,0,1,0
298,0.2575888985233514,0,297,1.062453,36.32169004757002,3.8257,-0.05865,0.015484178,-5.539999999997792e-05,1.8505000000000257e-05,-0.0001205479999999,0.992366148402897,3.6338813777248147e-09,0,0,1,0,0,1,0
644,0.6170825335833294,1,643,0.536913,34.03493465930351,3.8624,-0.0601,0.111399,-0.0021734363636363,-0.00078,0.080897,0.5303897366291974,3.144446448073661e-09,1,0,0,1,0,0,0
38,0.0728346456678575,0,37,1.082856,32.868326846472975,3.8257,-0.05865,0.016955657,2.9206060606057416e-05,-3.7630999999999776e-05,-0.000366336,1.007999910636325,2.918307215469023e-09,0,0,1,0,0,1,0
224,0.1934084995646712,0,223,1.06618,36.18071264015672,3.8257,-0.05865,0.015451919,1.6636363636359476e-05,-7.919000000000329e-06,-0.0001528069999999,0.9958472893428704,3.601839753625946e-09,0,0,1,0,0,1,0
351,0.3624091381063093,1,349,1.075733,35.29226633630684,3.8257,-0.05865,0.016736872,-7.18303030303291e-05,-3.5593999999999903e-05,-1.95960000000002e-05,0.9930121120314448,3.4056777191953464e-09,0,0,1,0,0,1,0
147,0.0892420537891855,0,146,1.061559,35.37056002985299,3.8257,-0.05865,0.015288728,-8.387878787832518e-06,-2.029700000000072e-05,-0.000178858,1.0009495055405109,3.422570735554058e-09,0,0,1,0,0,1,0
7,0.004084967320228,0,5,1.08117,31.67556792206573,3.8257,-0.05865,0.016659617,0.0005619428571427,-2.4199999999998528e-05,-0.0001278109999999,1.0025528158402548,2.7023072424502964e-09,0,0,1,0,0,1,0
941,0.743083003946695,2,940,1.013427,38.65204924310428,3.8257,-0.05865,0.014905186,-0.0001240606060605,-1.4433999999998934e-05,-8.932999999999164e-06,0.95606320754717,4.201914395780928e-09,0,0,1,0,0,1,0
485,0.7020348837107262,2,483,1.017856,34.183745980657655,3.8257,-0.05865,0.016357921,-0.0001804484848485,1.5017000000002584e-05,-0.003528211,0.9546845249819448,3.1743959823181662e-09,0,0,1,0,0,1,0
1135,0.8866301798210585,2,1134,1.302986,34.03493465930351,3.8229,-0.0624,0.092052,0.0047018484848484,-0.0013589999999999,0.0537539999999999,1.0434288899174695,3.144446448073661e-09,1,0,0,0,1,0,0
173,0.0769230769227329,0,172,1.069879,36.03379146139538,3.8257,-0.05865,0.015331396,-0.0001067454545454,-1.2190999999999938e-05,-0.0002666079999999,0.998431259098884,3.568717152878394e-09,0,0,1,0,0,1,0
189,0.3622350674304,1,188,1.053009,34.08293058393106,3.8257,-0.05865,0.017019801,-0.0002465757575757,-4.091999999997209e-06,-0.0002448279999999,0.9785446850980906,3.154078197362629e-09,0,0,1,0,0,1,0
337,0.3824200913198354,1,335,1.084784,33.95900877922077,3.8257,-0.05865,0.016726257,8.230909090909568e-05,-4.797999999999955e-05,-8.096399999999934e-05,0.9952375054473728,3.1292636801048822e-09,0,0,1,0,0,1,0
414,0.8497942386656421,2,413,0.963685,34.40564829610708,3.8257,-0.05865,0.019477315,-0.0015363454545454,4.156999999999772e-05,0.0011981199999999,0.9013275544714476,3.219531492683188e-09,0,0,1,0,0,1,0
657,0.2998171846421398,0,656,1.04789,36.03343479044809,3.8257,-0.05865,0.015212107,-0.0001090242424242,-2.834799999999922e-05,-0.0001455909999999,0.9838926993695102,3.568637076939582e-09,0,0,1,0,0,1,0
32,0.0357568533964748,0,30,1.082787,33.84199212844911,3.8257,-0.05865,0.016044743,8.484848484821805e-06,2.5919999999991783e-06,-0.000129858,1.0034669513625925,3.1059929309951115e-09,0,0,1,0,0,1,0
566,0.696670776810152,2,565,1.036718,34.72353769747893,3.8257,-0.05865,0.015290199,-0.0001229333333333,-9.361999999998871e-06,-0.0001512699999999,0.974563277829846,3.285195027337241e-09,0,0,1,0,0,1,0
364,0.6685082872805063,2,363,1.044191,34.040971046603445,3.8257,-0.05865,0.017847866,-1.9418181818149457e-05,-0.0002209879999999,0.000183163,0.9747753012475588,3.145656367541676e-09,0,0,1,0,0,1,0
431,0.6777251184727058,2,429,1.042807,34.04554352135931,3.8257,-0.05865,0.016718052,-0.0003165151515151,7.506000000000873e-06,-0.000283925,0.9692992240453006,3.146573141987312e-09,0,0,1,0,0,1,0
759,0.8524774774678775,2,757,1.02373,34.72468711965811,3.8257,-0.05865,0.017167851,-0.0002766484848485,-8.277999999996982e-06,0.000434857,0.9485094097677764,3.2854346181741293e-09,0,0,1,0,0,1,0
244,0.1350750416890768,0,243,1.067789,33.559636838687034,3.8257,-0.05865,0.015578026,1.206060606105752e-06,1.3835000000000236e-05,-0.0002000829999999,0.9990522098573918,3.050480317488847e-09,0,0,1,0,0,1,0
201,0.2269099201798528,0,199,1.072648,33.41647414862392,3.8257,-0.05865,0.017123675,-8.22121212120939e-05,-1.3006999999998908e-05,2.4890000000013512e-06,1.001570544723175,3.022675557439385e-09,0,0,1,0,0,1,0
164,0.307547169805518,0,163,1.080347,32.80086116496606,3.8257,-0.05865,0.017205918,-6.139999999996669e-05,-3.3372999999999736e-05,-0.0004680549999999,1.0015472643365304,2.9056879490283046e-09,0,0,1,0,0,1,0
1744,0.8645833333290448,2,1743,0.9017,34.03493465930351,3.7775,-0.062,0.080349,0.0002485272727272,-0.0021489999999999,0.027137,0.8343118014824602,3.144446448073661e-09,1,0,0,0,1,0,0
1690,0.9734870316946772,2,1689,1.329783,34.03493465930351,3.8255,-0.0576,0.084062,0.0128867939393939,-0.000269,0.047872,1.051309924562133,3.144446448073661e-09,1,0,0,0,1,0,0
268,0.5680851063708918,1,267,1.021606,33.60921196755995,3.8257,-0.05865,0.016901892,-0.000263109090909,7.397700000000285e-05,-0.0001283659999999,0.955472940428258,3.060162099768076e-09,0,0,1,0,0,1,0
585,0.7732095490613633,2,583,1.028737,34.6236281927481,3.8257,-0.05865,0.017409269,-0.0005313515151514,9.38400000000117e-06,0.000817441,0.9416434551863584,3.264429261092625e-09,0,0,1,0,0,1,0
429,0.4925028835006632,1,427,1.077101,33.70115067444021,3.8257,-0.05865,0.016142359,-0.0001851393939394,2.216399999999813e-05,-0.000168812,0.9846754258299022,3.0781903501982316e-09,0,0,1,0,0,1,0
456,0.8363970588081544,2,455,0.922426,32.21578793805873,3.8257,-0.05865,0.01828422,-0.0006319454545454,0.0001265239999999,0.001247471,0.8659813364877297,2.7982903213409636e-09,0,0,1,0,0,1,0
11,0.0061124694376154,0,10,1.063688,34.69647601781169,3.8257,-0.05865,0.015333442,0.0002892727272727,1.566999999999194e-06,-0.000134144,1.0029569507200025,3.2795586959390314e-09,0,0,1,0,0,1,0
373,0.4572864321550592,1,364,0.1343,34.03493465930351,4.0366,-0.1049,0.0,0.0148874545454545,0.0,-0.121369,0.361019564410944,3.144446448073661e-09,1,0,0,1,0,0,0
387,0.4282536151231562,1,385,1.071691,35.35134096164644,3.8257,-0.05865,0.016404804,-0.0001656909090909,6.282999999999289e-06,-0.000147074,0.9945478977621788,3.418416989830025e-09,0,0,1,0,0,1,0
876,0.9378349410403232,2,875,0.951646,33.02117892289132,3.8257,-0.05865,0.016039953,-0.0009643878787878,-5.995000000001693e-06,0.0002789609999999,0.891491705668324,2.9470800598927283e-09,0,0,1,0,0,1,0
866,0.9863013698517544,2,864,0.976,32.38499062841018,3.8257,-0.05865,0.018112607,-0.000593703030303,-1.0852000000002164e-05,0.0013053859999999,0.8954333814995757,2.828976948571001e-09,0,0,1,0,0,1,0
691,0.8777070063582457,2,689,0.962948,33.71627066155419,3.8257,-0.05865,0.017395921,-0.0008427030303029,1.8848000000001863e-05,0.000820843,0.9138045073967124,3.081164341392073e-09,0,0,1,0,0,1,0
211,0.0959780621567825,0,210,1.06358,35.551046446853924,3.8257,-0.05865,0.015187089,2.728484848489045e-05,1.2430000000014652e-06,-0.0001706089999999,0.9986244712664722,3.461800152914845e-09,0,0,1,0,0,1,0
1284,0.7076668505200902,2,1283,1.006042,34.03493465930351,3.8188,-0.043,0.096742,-0.0008150606060605,-0.000576,0.04314,0.7682847575154739,3.144446448073661e-09,1,0,0,0,1,0,0
568,0.6192560174986952,1,566,1.050127,33.607684916097455,3.8257,-0.05865,0.017163631,-4.958787878785877e-05,-2.1707000000002752e-05,0.000537295,0.972831635252637,3.0598634626178727e-09,0,0,1,0,0,1,0
347,0.6372007366365157,1,346,1.053055,33.82098897708683,3.8257,-0.05865,0.017907934,-0.0002702848484848,-0.0001280739999999,0.000243231,0.983050040514856,3.1018325844576653e-09,0,0,1,0,0,1,0
645,0.7594339622551953,2,644,1.017858,37.49022415106413,3.8257,-0.05865,0.014937616,-0.000217206060606,1.2875000000000731e-05,-0.0001768369999999,0.960915130293913,3.909471633984389e-09,0,0,1,0,0,1,0
1694,0.8642164369532199,2,1693,0.449391,34.03493465930351,3.8015,-0.1141,0.098509,-0.0061179757575757,0.000307,0.062353,0.362721580186966,3.144446448073661e-09,1,0,0,0,1,0,0
1570,0.904322766565393,2,1569,1.314088,34.03493465930351,3.8238,-0.0573,0.088149,0.0077526121212121,0.0004429999999999,0.051959,1.0389016524861607,3.144446448073661e-09,1,0,0,0,1,0,0
389,0.3486073674721598,1,388,1.052079,37.79049777869313,3.8257,-0.05865,0.014986185,-2.361818181816068e-05,-8.920999999998541e-06,3.7613000000000577e-05,0.9904026644726314,3.983249537455175e-09,0,0,1,0,0,1,0
42,0.4823529411197232,1,41,1.1404596305913128,10.060276330893911,3.382778882292665,-1.6737250543608966,0.016776592,-0.0030485451062271,1.2765000000003121e-06,3.811000000000092e-05,1.4523002746026326,5.994929038490149e-10,0,1,0,0,0,0,1
340,0.6766467065733204,2,339,1.050911,32.67034477351096,3.8257,-0.05865,0.018955262,-0.0003440484848484,-2.8403999999999235e-05,0.0006178369999999,0.981025674057188,2.8814142703120023e-09,0,0,1,0,0,1,0
763,0.6660839160780937,2,762,1.029192,37.22338600055339,3.8257,-0.05865,0.015113086,-8.915151515146858e-05,-8.285000000000237e-06,-2.0693000000000447e-05,0.964144090636994,3.844939718726608e-09,0,0,1,0,0,1,0
753,0.8785046728869333,2,752,0.975702,32.351758504230105,3.8257,-0.05865,0.015028587,-0.0005852606060606,-5.163000000000736e-06,3.614199999999943e-05,0.9159800976342471,2.8229262158588133e-09,0,0,1,0,0,1,0
696,0.7719688542739491,2,694,1.034479,34.261560360544195,3.8257,-0.05865,0.017139714,-0.0002476909090909,1.3504000000000987e-05,0.000587836,0.96001451419217,3.190158534143508e-09,0,0,1,0,0,1,0
415,0.390934844188943,1,414,1.016414,31.89699958919965,3.8257,-0.05865,0.017119914,-9.159999999994989e-05,-0.0006517579999999,7.935200000000128e-05,0.9872400687289896,2.741286164598258e-09,0,0,1,0,0,1,0
805,0.3988095238075456,1,804,1.012939,34.03493465930351,3.8121,-0.0359,0.075268,-0.0014717878787878,-0.002376,0.022056,0.9372373981167148,3.144446448073661e-09,1,0,0,0,1,0,0
93,0.1862348178099952,0,92,1.070003,32.04803961675128,3.8257,-0.05865,0.017248701,-3.496969696969294e-05,-0.0001065599999999,-0.0004025159999999,1.0071791907949728,2.7681630093754063e-09,0,0,1,0,0,1,0
537,0.4958371877844973,1,536,0.820504,34.03493465930351,3.8688,-0.0252,0.098948,-0.0019918303030302,-0.000173,0.067033,0.8123721547311412,3.144446448073661e-09,1,0,0,1,0,0,0
118,0.0924901185763439,0,117,1.060431,37.66029138265053,3.8257,-0.05865,0.01452475,-1.0987878787826864e-05,-3.534500000000086e-05,-0.000389369,1.0004066037735848,3.951105613868016e-09,0,0,1,0,0,1,0
79,0.1741071428532565,0,78,1.079779,32.40604074713533,3.8257,-0.05865,0.017862173,9.787878787901148e-06,-9.751700000000182e-05,-6.409900000000149e-05,1.0107261869102893,2.8328156700397333e-09,0,0,1,0,0,1,0
431,0.5205811137951504,1,430,1.031406,37.14189339185728,3.8257,-0.05865,0.01509393,-8.408484848486318e-05,1.118500000000036e-05,-0.0002749199999999,0.982237171660994,3.825422934268035e-09,0,0,1,0,0,1,0
54,0.0418972332012498,0,53,1.062182,36.89670951332016,3.8257,-0.05865,0.014679217,-3.3939393939732877e-06,0.000195057,-0.000234902,1.0020584905660377,3.7672380931310175e-09,0,0,1,0,0,1,0
260,0.3685714285661632,1,258,1.06771,33.12908346642127,3.8257,-0.05865,0.017182026,2.1272727272761835e-05,1.168999999999823e-05,0.0001229869999999,0.9971645936571324,2.967545145782867e-09,0,0,1,0,0,1,0
969,0.96799999999032,2,968,0.928885,36.68393988782136,3.8257,-0.05865,0.016632598,-0.0012309212121212,1.0283999999999294e-05,0.0007131419999999,0.8803529050503824,3.717390141855139e-09,0,0,1,0,0,1,0
1051,0.9980970504186673,2,1049,0.883019,33.82132083917527,3.8257,-0.05865,0.020096213,-0.0009626727272727,0.001150174,0.003117986,0.8153649118076702,3.1018982814432246e-09,0,0,1,0,0,1,0
456,0.2310817673934429,0,455,1.101835,34.03493465930351,3.8276,-0.0686,0.082593,-0.0014235333333332,0.0031599999999999,0.045015,0.8994615483830941,3.144446448073661e-09,1,0,0,0,1,0,0
682,0.5555555555510168,1,680,1.059967,31.730953604938293,3.8257,-0.05865,0.016941616,-2.1284848484809056e-05,7.314000000001319e-06,0.0001541879999999,0.9828915901733746,2.7120098628460756e-09,0,0,1,0,0,1,0
490,0.4556489262329071,1,488,1.062526,33.525521896551695,3.8257,-0.05865,0.016038295,-8.423636363639375e-05,6.046000000002605e-06,-0.0003992839999999,0.9873611571868376,3.043833821343576e-09,0,0,1,0,0,1,0
1099,0.4910554561695391,1,1098,1.038276,37.16421855854367,3.8257,-0.05865,0.01543131,-3.644848484849657e-05,1.9730000000005997e-06,-0.000166694,0.9689387435141288,3.830760765871804e-09,0,0,1,0,0,1,0
20,0.0256776034233141,0,18,1.08183,31.87398337376456,3.8257,-0.05865,0.016342651,4.220606060611033e-05,-8.086000000000898e-06,-0.0001380329999999,1.0037092979239808,2.737211193499269e-09,0,0,1,0,0,1,0
1414,0.8311764705833461,2,1413,0.965396,34.03493465930351,3.805,-0.0542,0.102506,0.0021344363636363,0.000738,0.047716,0.7583134799537815,3.144446448073661e-09,1,0,0,0,1,0,0
289,0.5294117646961505,1,288,0.990963,33.011137028162715,3.8257,-0.05865,0.016747465,-0.0002938303030303,-9.852000000001164e-06,-0.000289284,0.930324452205261,2.9451819850981462e-09,0,0,1,0,0,1,0
624,0.9598765431950635,2,622,0.910908,34.440840709371294,3.8257,-0.05865,0.018266341,-0.0010649151515151,1.6469999999969842e-06,0.002154889,0.8527192884738342,3.2267424098143556e-09,0,0,1,0,0,1,0
46,0.978260869352552,2,45,1.52573884649634,58.41948951650429,3.045560216794941,-3.9670120080133584,0.016776592,-0.0173011808897263,1.2765000000003121e-06,3.811000000000092e-05,1.69893249119745,1.326901753763772e-08,0,1,0,0,0,0,1
1126,0.8105187319826332,2,1125,0.98964,36.2029778396184,3.8257,-0.05865,0.014930648,-0.0001202909090908,-1.05900000000117e-06,-4.106000000000075e-05,0.9434676372982604,3.60688331728472e-09,0,0,1,0,0,1,0
275,0.2461814914622984,0,274,1.057233,37.44584635889132,3.8257,-0.05865,0.014976373,-5.6696969696904575e-05,-1.3174000000001213e-05,2.7800999999999174e-05,0.9952545200202586,3.898672476132464e-09,0,0,1,0,0,1,0
405,0.4981504315598255,1,404,1.051945,34.44544977941462,3.8257,-0.05865,0.01526926,-7.178181818182173e-05,-9.712999999999736e-06,-0.0001722089999999,0.9888773680950048,3.2276878801390876e-09,0,0,1,0,0,1,0
290,0.3546012269895141,1,289,1.058639,35.260095079203346,3.8257,-0.05865,0.015417996,-6.010303030300121e-05,-2.2358999999999574e-05,-0.0002073949999999,0.9918618977349916,3.3987580152134853e-09,0,0,1,0,0,1,0
255,0.2829977628603691,0,253,1.077913,32.256437551789126,3.8257,-0.05865,0.01732141,-2.51939393939724e-05,5.820599999999815e-05,0.0001617489999999,0.9982626235310784,2.805635120854817e-09,0,0,1,0,0,1,0
627,0.7984693877449175,2,626,1.001934,35.48534778362993,3.8257,-0.05865,0.018449428,-0.0003914181818181,-4.363999999999757e-06,-0.000102866,0.9549577198453668,3.447473836181265e-09,0,0,1,0,0,1,0
512,0.58466819221299,1,511,1.042286,34.536380005262686,3.8257,-0.05865,0.015283949,-0.0001593333333332,3.5149999999990744e-06,-0.000159518,0.9761407504668644,3.2463915528645563e-09,0,0,1,0,0,1,0
1327,0.7370761534144687,2,1326,1.014198,34.46676626917327,3.8257,-0.05865,0.015541396,-8.458787878790153e-05,1.1530000000000916e-05,-0.0002367129999999,0.9489110237443416,3.232063821843716e-09,0,0,1,0,0,1,0
1620,0.8929950358472533,2,1619,0.955666,34.03493465930351,3.815,-0.0464,0.099776,-0.0589139151515152,0.000255,0.046174,0.7298140843779711,3.144446448073661e-09,1,0,0,0,1,0,0
18,0.034979423867593,0,17,1.071827,30.64656305665029,3.8257,-0.05865,0.017145906,9.083636363636154e-05,-6.591499999999972e-05,-0.000603621,1.0072719481171215,2.527625429336401e-09,0,0,1,0,0,1,0
932,0.4163685152038624,1,931,1.043899,37.047993261284645,3.8257,-0.05865,0.015426882,8.423636363638195e-05,1.777099999999976e-05,-0.000171122,0.9741862331553994,3.803044853231796e-09,0,0,1,0,0,1,0
372,0.7713097712937358,2,371,0.924445,31.597118523915405,3.8257,-0.05865,0.017362656,-0.0003436666666666,2.21640000000016e-05,8.455100000000215e-05,0.917573293604198,2.688617636363716e-09,0,0,1,0,0,1,0
549,0.9210084033458654,2,548,0.89387,29.460562676933662,3.8257,-0.05865,0.020277957,-0.001156006060606,6.347799999999876e-05,0.001891053,0.8392333886957413,2.3389340167027204e-09,0,0,1,0,0,1,0
283,0.3022508038552813,0,282,1.064326,33.28526959867109,3.8257,-0.05865,0.015529904,-2.9030303030316245e-05,8.709000000000841e-06,-0.000231088,0.997049113984764,2.997393385099986e-09,0,0,1,0,0,1,0
14,0.0119156736937496,0,13,1.065281,35.20802981303255,3.8257,-0.05865,0.015369873,9.711515151509716e-05,-8.201000000001082e-06,-0.000133334,1.0025089049185263,3.387586046368077e-09,0,0,1,0,0,1,0
887,0.8420551855295714,2,885,1.006314,34.0708455740579,3.8257,-0.05865,0.0,8.487878787876587e-05,-0.017601818,-0.016978227,0.929213443720717,3.151650504091056e-09,0,0,1,0,0,1,0
686,0.3478923311307877,1,685,0.988599,34.03493465930351,3.8312,-0.0704,0.080954,0.007635696969697,0.001319,0.043376,0.8070235446051165,3.144446448073661e-09,1,0,0,0,1,0,0
634,0.5490026019033044,1,633,1.043266,37.05578452521118,3.8257,-0.05865,0.015551748,-7.087878787875336e-05,-5.7180000000000425e-06,-5.2977999999998665e-05,0.9744448574945872,3.804897174079762e-09,0,0,1,0,0,1,0
1432,0.7802617230055602,2,1431,1.006488,34.316275073360146,3.8257,-0.05865,0.015532717,-0.0001582606060605,-5.0240000000010415e-06,-3.245999999999978e-05,0.9437573900413422,3.201283914685186e-09,0,0,1,0,0,1,0
607,0.4942810457475958,1,605,1.063229,31.526060607040925,3.8257,-0.05865,0.017002251,-0.0001101575757575,7.434000000000607e-06,0.0002148229999999,0.9859163941221252,2.676271686163069e-09,0,0,1,0,0,1,0
407,0.8353909464848684,2,406,0.989894,33.35285094488196,3.8257,-0.05865,0.018728288,-0.0010745454545454,3.4026999999998975e-05,0.0008201229999999,0.9285180297176348,3.010392006418997e-09,0,0,1,0,0,1,0
140,0.1868279569867361,0,139,1.043553,32.757596222521755,3.8257,-0.05865,0.017022286,-9.544848484848096e-05,-6.735999999999895e-05,-0.0009114399999999,1.0050224493373063,2.897621180359834e-09,0,0,1,0,0,1,0
406,0.8617021276412403,2,405,0.935132,34.41381090576925,3.8257,-0.05865,0.018779356,-0.0011295636363636,-4.214999999999775e-05,0.001749098,0.8745967836216288,3.221202719687746e-09,0,0,1,0,0,1,0
465,0.7798319327600028,2,464,0.967044,34.52254434785766,3.8257,-0.05865,0.018815693,-0.0005162363636363,-2.926499999999707e-05,0.000428789,0.9079347255617533,3.2435393998501314e-09,0,0,1,0,0,1,0
944,0.817157712297945,2,943,0.998684,35.16446701468051,3.8257,-0.05865,0.015758442,-0.0001357333333333,6.796999999999359e-06,1.806799999999956e-05,0.9543788697305008,3.378263840796036e-09,0,0,1,0,0,1,0
1395,0.7748749305126467,2,1394,1.00743,34.58411502619986,3.8257,-0.05865,0.015522244,-0.0001192424242423,-2.019000000000673e-06,-0.0002558649999999,0.9425787002644082,3.2562491852256716e-09,0,0,1,0,0,1,0
292,0.4375939849558256,1,291,1.003978,35.881027105516125,3.8257,-0.05865,0.014168339,-0.0001886242424241,1.7882999999999788e-05,0.000651343,0.9453430945599208,3.534567281118996e-09,0,0,1,0,0,1,0
364,0.396061269142275,1,362,1.068978,35.06992765759846,3.8257,-0.05865,0.016504489,-1.1606060606061138e-05,-2.727099999999885e-05,-0.0001218469999999,0.9902950936306688,3.358112078371143e-09,0,0,1,0,0,1,0
335,0.3840830449782689,1,333,1.078994,35.05345140693434,3.8257,-0.05865,0.016342875,6.385454545458725e-05,-5.710000000012927e-07,-3.351199999999943e-05,0.9920406453908468,3.354611104528953e-09,0,0,1,0,0,1,0
518,0.9904214559197236,2,517,0.832435,33.92460599116842,3.8257,-0.05865,0.021593254,-0.0015476787878787,0.0003891099999999,0.0039045899999999,0.7845633010592666,3.1224059085895197e-09,0,0,1,0,0,1,0
36,0.3535353534996429,1,35,1.4960918298136696,33.78697527817091,3.5065859365661325,-1.7879098523188452,0.016776592,-0.0036053928349295,1.2765000000003121e-06,3.811000000000092e-05,0.9163102355928928,3.095105694717948e-09,0,1,0,0,0,0,1
406,0.8333333333161865,2,405,0.975858,34.56165607277296,3.8257,-0.05865,0.019257115,-0.0013475272727272,4.819000000000004e-05,0.00097792,0.9127128726206154,3.251607904417966e-09,0,0,1,0,0,1,0
671,0.8111380145180249,2,670,0.994837,37.90090478374098,3.8257,-0.05865,0.015166968,-0.0002691878787878,1.6289999999995195e-06,-0.000201882,0.947411476318451,4.0106890860795905e-09,0,0,1,0,0,1,0
584,0.6810747663471837,2,583,1.043029,34.77518519019197,3.8257,-0.05865,0.015316843,-0.0001649696969696,1.6089999999999854e-05,-0.000392973,0.9733134756776376,3.2959761616720822e-09,0,0,1,0,0,1,0
1062,0.8295543393211138,2,1061,0.920818,34.03493465930351,3.8264,-0.0838,0.086326,0.0095450666666666,-0.001349,0.048028,0.7373894297836083,3.144446448073661e-09,1,0,0,0,1,0,0
478,0.5360360360299996,1,476,1.066274,36.92960114036693,3.8257,-0.05865,0.016204637,8.050909090914357e-05,-5.181599999999967e-05,-0.000528357,0.9879274050684514,3.774997257452521e-09,0,0,1,0,0,1,0
247,0.4406474820064631,1,245,1.050429,33.81610971866031,3.8257,-0.05865,0.015244206,-0.0001544969696969,-3.008099999999951e-05,-0.000104568,0.9704278947820616,3.1008668076406802e-09,0,0,1,0,0,1,0
494,0.7151162790593732,2,492,1.015879,33.99285499207917,3.8257,-0.05865,0.016407764,-0.0002052303030302,1.0868999999996689e-05,-0.003478368,0.952830224073084,3.1360236992270543e-09,0,0,1,0,0,1,0
690,0.68899999999311,2,689,1.028302,36.74298436574457,3.8257,-0.05865,0.0158113,-9.436969696968664e-05,-3.604000000000801e-06,-0.0001081559999999,0.9745755965153045,3.731163504946022e-09,0,0,1,0,0,1,0
905,0.4131627056653877,1,904,1.038833,34.97531511564633,3.8257,-0.05865,0.015496741,-3.7303030303014857e-05,8.743999999999766e-06,0.000139043,0.9753888333356804,3.338052793615746e-09,0,0,1,0,0,1,0
443,0.9020408163081216,2,442,0.901419,35.02878508659397,3.8257,-0.05865,0.019523347,-0.0012621878787878,3.2186999999999494e-05,0.002211442,0.8443249055610559,3.3493759777939037e-09,0,0,1,0,0,1,0
630,0.7615012106445339,2,629,1.026779,34.828173064260696,3.8257,-0.05865,0.015087341,-0.0001863272727272,2.62900000000052e-06,-0.0003980019999999,0.9653254185309044,3.3070700876766838e-09,0,0,1,0,0,1,0
842,0.9013933547598992,2,841,0.980493,33.079771066062044,3.8257,-0.05865,0.01581056,-0.0006496424242424,1.3000000000096268e-07,4.956799999999984e-05,0.9185152640434068,2.958176813390545e-09,0,0,1,0,0,1,0
81,0.0779092702161941,0,79,1.07795,33.39265368698812,3.8257,-0.05865,0.016662873,4.513939393939761e-05,1.096300000000272e-05,-2.4957999999998537e-05,1.0031771853153362,3.0180713471986992e-09,0,0,1,0,0,1,0
276,0.4462540716539698,1,274,1.064854,34.4363964831244,3.8257,-0.05865,0.016678667,-0.0001289333333333,7.19900000000287e-06,0.000418313,0.9924535230406608,3.225830989769673e-09,0,0,1,0,0,1,0
526,0.564516129026188,1,525,1.057232,34.27169012964836,3.8257,-0.05865,0.016058007,-9.741818181819224e-05,2.314999999999262e-06,-0.0001239459999999,0.9851505076558376,3.192215642082601e-09,0,0,1,0,0,1,0
1444,0.7868047982508899,2,1443,1.004523,34.240185526536486,3.8257,-0.05865,0.015538851,-0.0001688909090908,4.223999999998854e-06,-2.6326000000000127e-05,0.9419148610976972,3.185821733644291e-09,0,0,1,0,0,1,0
226,0.3172804532532963,0,224,1.075021,34.33592288593158,3.8257,-0.05865,0.016179441,-7.800000000036024e-06,8.789999999998105e-06,0.0001071119999999,0.995515175985124,3.2052874815342692e-09,0,0,1,0,0,1,0
1841,0.8228980321966776,2,1840,1.009543,35.87461098775275,3.8257,-0.05865,0.015925881,-6.17454545454546e-05,0.0001077679999999,0.0003278769999999,0.9421245660532308,3.5331394209656142e-09,0,0,1,0,0,1,0
856,0.945736434098054,2,854,0.987355,33.969804575195354,3.8257,-0.05865,0.01781901,-0.0006196303030302,7.347000000001297e-06,0.001226113,0.918234016196772,3.1314184748938635e-09,0,0,1,0,0,1,0
377,0.216714697405091,0,376,1.124944,34.03493465930351,3.827,-0.0731,0.083742,0.0009489696969697,0.000237,0.047552,0.8893667551597697,3.144446448073661e-09,1,0,0,0,1,0,0
46,0.0502283105017097,0,44,1.095205,31.98116753860126,3.8257,-0.05865,0.01670735,-2.7987878787887323e-05,-2.623999999999682e-06,-9.987100000000138e-05,1.004798275189798,2.7562343748199007e-09,0,0,1,0,0,1,0
441,0.8695652173741193,2,440,0.946795,33.410906516151165,3.8257,-0.05865,0.018696083,-0.0014253575757575,6.82719999999977e-05,0.0014672539999999,0.8896776921631272,3.0215988361893743e-09,0,0,1,0,0,1,0
360,0.1640767824489759,0,359,1.058942,35.45089841389501,3.8257,-0.05865,0.015254094,-0.0001357454545454,1.9926999999999445e-05,-0.000103604,0.9942697256923416,3.43998305447008e-09,0,0,1,0,0,1,0
252,0.2853881278506234,0,250,1.087803,32.02514991165756,3.8257,-0.05865,0.017037591,-1.6933333333312726e-05,5.880600000000152e-05,0.00023037,0.9980072937452696,2.76407473498979e-09,0,0,1,0,0,1,0
487,0.5646100116348707,1,485,1.067388,35.461291336492884,3.8257,-0.05865,0.016475206,-5.062424242424921e-05,6.681700000000027e-05,-0.000355644,0.987256351013628,3.4422413849672103e-09,0,0,1,0,0,1,0
227,0.6953846153632189,2,226,0.95516,30.917750273596983,3.8257,-0.05865,0.019434731,-0.0007915939393939,-2.497900000000136e-05,0.0018926299999999,0.8942968399626612,2.5726477778208475e-09,0,0,1,0,0,1,0
285,0.3302217036134163,1,283,1.07164,34.87677891076356,3.8257,-0.05865,0.016906841,-4.192121212124288e-05,-4.858700000000271e-05,0.0001647639999999,0.9943326269220634,3.3172760217489903e-09,0,0,1,0,0,1,0
475,0.2119856887289267,0,474,1.061186,37.69366524789498,3.8257,-0.05865,0.015141121,-2.458181818185742e-05,1.687700000000021e-05,-0.0004568829999999,0.9903187875620588,3.959322341821068e-09,0,0,1,0,0,1,0
220,0.4219653179109447,1,219,1.05721,31.44394068921084,3.8257,-0.05865,0.017388295,-0.0002732181818181,-0.0002007469999999,-0.0005929139999999,0.9863018043778624,2.662067249243258e-09,0,0,1,0,0,1,0
427,0.3472222222193855,1,425,1.072719,33.58453062732343,3.8257,-0.05865,0.016372288,-3.387878787855895e-06,4.476299999999975e-05,-0.00041514,0.9947163295830834,3.055338509966376e-09,0,0,1,0,0,1,0
36,0.0744680851047985,0,35,1.07398,32.667066015347245,3.8257,-0.05865,0.016177751,-0.0001392606060605,4.060700000000153e-05,-0.0008525069999999,1.0044565405461017,2.8808068333713763e-09,0,0,1,0,0,1,0
969,0.8146588036999608,2,967,1.039369,29.665698307622417,3.8257,-0.05865,0.017644722,2.4727272727675663e-06,0.000301423,0.000902368,0.9707478081870646,2.370635771161146e-09,0,0,1,0,0,1,0
231,0.3479576399342215,1,230,0.984181,31.301174075050657,3.8257,-0.05865,0.017771142,-0.0002329757575757,0.0005771689999999,0.000671681,0.9630657827139956,2.637533845030648e-09,0,0,1,0,0,1,0
137,0.1928571428543877,0,135,1.072827,32.26804881140752,3.8257,-0.05865,0.017169066,1.0321212121197968e-05,1.564999999998512e-06,0.0001100269999999,1.0019435048087968,2.807736286041422e-09,0,0,1,0,0,1,0
783,0.7431018077950229,2,781,1.034859,33.701849133843226,3.8257,-0.05865,0.017560374,-0.0002186424242424,5.8380000000010646e-06,0.000582147,0.9555714172270062,3.078327675262603e-09,0,0,1,0,0,1,0
935,0.5151682294511023,1,934,1.101059,34.03493465930351,3.8234,-0.0418,0.095348,-0.0002756848484848,-0.001183,0.041746,0.8408464525588694,3.144446448073661e-09,1,0,0,0,1,0,0
425,0.5810439560359747,1,423,1.056293,36.092842153554514,3.8257,-0.05865,0.016095441,-9.216969696968375e-05,-1.6261000000000053e-05,-0.000144021,0.9800118199690676,3.581996829956935e-09,0,0,1,0,0,1,0
76,0.0690943043877769,0,74,1.080543,30.819317383912274,3.8257,-0.05865,0.016303962,-0.0001956424242423,7.121000000002292e-06,-0.0001336169999999,1.0041036048719156,2.556223343685691e-09,0,0,1,0,0,1,0
18,0.034979423867593,0,17,1.079734,33.14937143802916,3.8257,-0.05865,0.018041365,0.0001934848484848,-1.3488999999998474e-05,-0.00023783,1.009867338082126,2.9714071696165006e-09,0,0,1,0,0,1,0
618,0.6295918367282695,1,617,0.979161,32.55170914384923,3.8257,-0.05865,0.017216573,-0.000191909090909,-0.000238116,-1.8874000000002056e-05,0.9557060618305544,2.859508401771633e-09,0,0,1,0,0,1,0
1018,0.8797577854595178,2,1017,0.964103,37.672068315471016,3.8257,-0.05865,0.015786143,-0.0006391393939393,2.373199999999853e-05,0.0003174329999999,0.9093329661177612,3.954003376397076e-09,0,0,1,0,0,1,0
49,0.0880733944937968,0,48,1.08499,32.87258245278243,3.8257,-0.05865,0.017621333,-2.920606060609409e-05,-0.000118656,-9.000500000000064e-05,1.0084590510731124,2.919104862715329e-09,0,0,1,0,0,1,0
153,0.1625668449180474,0,152,0.967113,34.03493465930351,3.8612,-0.0223,0.094544,-4.6193939393931386e-05,0.00077,0.063321,0.928527126721943,3.144446448073661e-09,1,0,0,1,0,0,0
910,0.5556234718792444,1,909,1.029659,35.779805981592126,3.8257,-0.05865,0.015458423,-5.247272727266589e-05,-2.162999999999471e-06,-9.162999999999533e-06,0.9708708295302824,3.5121014942969036e-09,0,0,1,0,0,1,0
197,0.3698113207477394,1,196,1.076052,33.14797767252931,3.8257,-0.05865,0.017223381,-0.0001305575757575,-0.000133924,-0.0004505919999999,0.9975655385573824,2.9711417076997543e-09,0,0,1,0,0,1,0
64,0.0961240310062616,0,62,1.07813,32.98912836330274,3.8257,-0.05865,0.016571406,-5.830909090904283e-05,4.459000000001795e-06,-3.652900000000042e-05,1.0030805186733769,2.941025843818855e-09,0,0,1,0,0,1,0
432,0.3950504124620069,1,431,1.048159,37.396551496646815,3.8257,-0.05865,0.015321785,-5.119999999997822e-05,-2.7056000000001e-05,-0.000181422,0.9863958253930164,3.886708134689324e-09,0,0,1,0,0,1,0
513,0.4178250204381208,1,511,1.069007,30.14354257567319,3.8257,-0.05865,0.016591502,-1.8824242424233687e-05,-5.344499999999919e-05,0.000221798,0.990075232258644,2.445985534176729e-09,0,0,1,0,0,1,0
90,0.1812627291205445,0,89,1.083305,33.532327139607894,3.8257,-0.05865,0.017426116,-9.933333333417071e-06,0.0001971439999999,2.444499999999794e-05,1.008095998064405,3.0451586240140237e-09,0,0,1,0,0,1,0
490,0.7845659163861002,2,488,1.029198,37.09722939842207,3.8257,-0.05865,0.017029028,-0.0004733999999999,-9.15329999999978e-05,0.000285429,0.9513957127947812,3.814764021636966e-09,0,0,1,0,0,1,0
167,0.2232746955314847,0,165,1.077152,33.50528640842491,3.8257,-0.05865,0.016875638,-8.163636363590566e-06,-1.194300000000037e-05,-0.000106862,1.0004969269480235,3.039897558650462e-09,0,0,1,0,0,1,0
782,0.753134040494184,2,781,1.032956,34.24214433858914,3.8257,-0.05865,0.016073359,-0.0001647393939394,2.7583999999997166e-05,0.0001359469999999,0.9668541176822968,3.1862189421441274e-09,0,0,1,0,0,1,0
141,0.6763285023827861,2,140,0.909862,29.852612228729285,3.8257,-0.05865,0.017272655,-0.0004467212121212,-0.0002686719999999,0.000561129,0.936010386147414,2.3998574206336507e-09,0,0,1,0,0,1,0
482,0.5823244551987612,1,481,1.045768,34.575323735155685,3.8257,-0.05865,0.015105352,-9.129090909082096e-05,3.27000000001354e-07,-0.0003799909999999,0.9831779110073604,3.2544317030377877e-09,0,0,1,0,0,1,0
28,0.2727272726997245,0,27,1.4627604396099307,33.18991802149879,3.427340316812041,-1.7502670210777267,0.016776592,0.0036349758724718,1.2765000000003121e-06,3.811000000000092e-05,0.9430038732796454,2.9791391572899513e-09,0,1,0,0,0,0,1
134,0.1255901794133561,0,133,1.033091,32.76366674108819,3.8257,-0.05865,0.017374499,-3.93636363636121e-05,0.000219953,0.000333937,1.0034383920757688,2.8987518167472156e-09,0,0,1,0,0,1,0
218,0.2363238512009154,0,216,1.076598,33.129884106481484,3.8257,-0.05865,0.016795857,-6.269090909088498e-05,-9.221999999999704e-06,0.000169521,0.9973542179657494,2.967697470355467e-09,0,0,1,0,0,1,0
379,0.5817901234478119,1,377,1.048794,35.509411592488284,3.8257,-0.05865,0.016250135,-0.0001805212121211,4.4386000000000425e-05,0.000138683,0.9817971446464696,3.452715028118177e-09,0,0,1,0,0,1,0
381,0.4341351660889561,1,379,1.081573,33.43234134633672,3.8257,-0.05865,0.016680803,3.2363636363608e-05,-2.7301000000000408e-05,-0.0002714509999999,0.9880636447267088,3.0257459962094963e-09,0,0,1,0,0,1,0
548,0.6232876712257616,1,546,1.068763,32.16736598906106,3.8257,-0.05865,0.017374957,-0.0001172303030302,-5.162999999999002e-06,0.0005677359999999,0.9805390031881464,2.7895637213497504e-09,0,0,1,0,0,1,0
447,0.5479115479048168,1,446,1.043137,35.517179146878405,3.8257,-0.05865,0.014907681,-0.0001277272727272,-2.601999999999119e-06,-0.0003507409999999,0.9802039834467828,3.4544083577956203e-09,0,0,1,0,0,1,0
113,0.3111111111024691,0,112,1.040912,34.07235578294578,3.8257,-0.05865,0.016317839,-0.0004293757575757,-5.490299999999851e-05,-0.00073602,0.9784350108191536,3.151953790156902e-09,0,0,1,0,0,1,0
43,0.819999999836,2,41,1.2283577755407058,8.337878264565942,3.3979955411966936,-0.980223364990889,0.016776592,0.0013295173619863,1.2765000000003121e-06,3.811000000000092e-05,0.9316959364434194,5.264464091007013e-10,0,1,0,0,0,0,1
273,0.1511951083927115,0,272,1.065604,33.75026528791913,3.8257,-0.05865,0.015550118,-0.0001112606060606,1.0378999999999595e-05,-0.0002279909999999,0.9970078648804924,3.087860260110068e-09,0,0,1,0,0,1,0
342,0.1895497498599802,0,341,1.064445,33.7190710499686,3.8257,-0.05865,0.015588387,-1.847272727272026e-05,-5.253000000000202e-06,-0.0001897219999999,0.9959234731970936,3.081715440466564e-09,0,0,1,0,0,1,0
766,0.7341650671714572,2,765,0.201192,34.03493465930351,3.8707,-0.1083,0.125,-0.0010525696969696,-0.000485,0.094498,0.1987476032279,3.144446448073661e-09,1,0,0,1,0,0,0
360,0.6741996233394689,2,358,0.987046,32.791824006237015,3.8257,-0.05865,0.016145293,-0.0003351272727272,6.873900000000169e-05,0.000404556,0.9202110699868548,2.904001301794049e-09,0,0,1,0,0,1,0
29,0.055335968378353,0,28,1.07272,32.07499659268495,3.8257,-0.05865,0.016808925,3.980606060608233e-05,2.870899999999829e-05,-0.000419904,1.0080060139071605,2.772984695539662e-09,0,0,1,0,0,1,0
396,0.4696066746070368,1,394,1.066777,36.46909083738316,3.8257,-0.05865,0.016181096,-3.876969696965936e-05,-7.46240000000023e-05,6.494999999998724e-06,0.9886297711126312,3.667656145001745e-09,0,0,1,0,0,1,0
313,0.641975308628766,1,312,1.024528,29.33777090145674,3.8257,-0.05865,0.017701445,-0.0003389393939393,0.000184461,-4.8082000000001374e-05,0.9628217188599826,2.320140646119857e-09,0,0,1,0,0,1,0
373,0.5392441860386737,1,371,1.032817,34.07376015497074,3.8257,-0.05865,0.016015345,-0.0001103999999999,3.5485000000001765e-05,-0.003870787,0.9687169963514262,3.1522358451623804e-09,0,0,1,0,0,1,0
661,0.7710280373741702,2,660,1.025366,34.68045297414337,3.8257,-0.05865,0.015398806,-0.0002860363636363,-1.2083000000001272e-05,-0.00031101,0.9568310615540668,3.27622555366312e-09,0,0,1,0,0,1,0
484,0.8961038960872708,2,483,0.928121,33.10346636250874,3.8257,-0.05865,0.019163866,-0.0015924606060605,3.5300000000015874e-06,0.001731936,0.8627848887310627,2.962675107303437e-09,0,0,1,0,0,1,0
267,0.5095785440515407,1,266,1.025017,33.243785616643045,3.8257,-0.05865,0.017898465,-0.0002533151515151,0.0003105459999999,0.0002098009999999,0.9660702891659606,2.9894393300666287e-09,0,0,1,0,0,1,0
528,0.9393939393771944,2,527,0.878404,33.19513235844161,3.8257,-0.05865,0.020675862,-0.0013667515151514,-3.7996000000001945e-05,0.002833161,0.8198694225752405,2.980134809934573e-09,0,0,1,0,0,1,0
499,0.5732410611237228,1,497,1.070715,33.5239572317881,3.8257,-0.05865,0.016240597,-9.458181818175888e-05,-6.042000000001241e-06,-7.057400000000033e-05,0.9788374057469668,3.043529295265914e-09,0,0,1,0,0,1,0
779,0.8447339847899594,2,778,1.000027,38.364724330002645,3.8257,-0.05865,0.015451357,-0.0002600242424242,7.975999999999817e-06,0.000168219,0.94576290742366,4.127823370651322e-09,0,0,1,0,0,1,0
799,0.6714406065655313,2,797,1.04714,32.871268714020474,3.8257,-0.05865,0.016643861,7.041212121216298e-05,1.939499999999844e-05,-9.849300000000158e-05,0.9780057514366916,2.918858601914239e-09,0,0,1,0,0,1,0
55,0.049486461250705,0,53,1.080925,30.84170025912064,3.8257,-0.05865,0.016272884,7.806060606076641e-06,-9.182999999999414e-06,-0.0001646949999999,1.00445858156147,2.559949830137593e-09,0,0,1,0,0,1,0
213,0.2898351648311836,0,211,1.074011,33.288908451219505,3.8257,-0.05865,0.016395958,-0.0001181575757575,-3.271000000002605e-06,0.0001564959999999,0.9964502981434114,2.998091997253168e-09,0,0,1,0,0,1,0
22,0.0326264274056667,0,20,1.088218,32.373783848901034,3.8257,-0.05865,0.017311731,-7.757575757511888e-06,-3.540999999999267e-06,-0.0001246669999999,1.003180403551727,2.826935175496909e-09,0,0,1,0,0,1,0
280,0.5693877550904206,1,279,1.006101,34.79028238015924,3.8257,-0.05865,0.017118333,-0.0003348606060606,9.85410000000006e-05,-0.0001935719999999,0.94237655497597,3.2991336109940313e-09,0,0,1,0,0,1,0
422,0.5683355886255976,1,420,1.061441,35.417883019792654,3.8257,-0.05865,0.016664512,-5.651515151513991e-05,4.463799999999962e-05,-0.000317988,0.985903993713642,3.4328177909157684e-09,0,0,1,0,0,1,0
381,0.727969348645058,2,380,0.986683,33.50317425873647,3.8257,-0.05865,0.018746745,-0.0005288727272727,0.0,0.0010580809999999,0.929940802079514,3.0394869610810315e-09,0,0,1,0,0,1,0
552,0.5233111322500161,1,550,1.065089,32.98096071836341,3.8257,-0.05865,0.017401051,-8.803636363633118e-05,4.127999999999077e-06,0.000422824,0.9834852914289725,2.9394847972140517e-09,0,0,1,0,0,1,0
265,0.4844036697158825,1,264,1.073441,33.25486931783602,3.8257,-0.05865,0.01819559,-6.338181818178805e-05,0.000167046,0.000484252,0.997724672340734,2.9915626386209e-09,0,0,1,0,0,1,0
472,0.66572237959397,2,470,1.053448,35.66666916743339,3.8257,-0.05865,0.016317936,-0.0002098545454544,1.8500000000011565e-06,0.000245607,0.9755376602979634,3.487142752067001e-09,0,0,1,0,0,1,0
29,0.0242844752816627,0,28,1.073783,34.90323932070757,3.8257,-0.05865,0.015461363,-5.575757575719655e-06,-8.285000000000237e-06,-0.0001433629999999,1.0029487421377772,3.3228438793837157e-09,0,0,1,0,0,1,0
296,0.3144989338985661,0,295,1.067493,34.46213025291547,3.8257,-0.05865,0.015562804,-3.8860606060594496e-05,-1.239199999999996e-05,-0.0001815879999999,0.998929477455862,3.2311116673442012e-09,0,0,1,0,0,1,0
140,0.2774451097749013,0,139,1.08008,32.22806166919192,3.8257,-0.05865,0.018441331,1.0496969696984398e-05,-3.370000000030293e-07,0.0001039059999999,1.0082549426504126,2.800506185032636e-09,0,0,1,0,0,1,0
272,0.4972477064128945,1,271,1.073389,33.895081991453,3.8257,-0.05865,0.018000832,-6.423030303032909e-05,-0.000160567,0.000289494,0.9976763402172528,3.116531425915444e-09,0,0,1,0,0,1,0
442,0.4716577540056507,1,441,0.857315,34.03493465930351,3.8678,-0.0159,0.095103,-0.0001097393939393,-0.000172,0.0638799999999999,0.8231098471901656,3.144446448073661e-09,1,0,0,1,0,0,0
294,0.2726423902869034,0,292,1.071681,31.179828759363293,3.8257,-0.05865,0.016337421,-2.3587878787846782e-05,5.300600000000128e-05,-0.0001001579999999,0.995868517377596,2.616841501598957e-09,0,0,1,0,0,1,0
259,0.4742647058736348,1,258,0.997097,32.32181383075849,3.8257,-0.05865,0.016797153,-0.0029204666666666,-2.072600000000216e-05,-0.000239596,0.9360831033252596,2.81748400620544e-09,0,0,1,0,0,1,0
318,0.6107899807204087,1,317,1.021709,34.42656969729719,3.8257,-0.05865,0.01773156,-0.0002568181818181,2.3735000000000422e-05,0.000466931,0.9494580878861292,3.223816537076358e-09,0,0,1,0,0,1,0
61,0.1061151079117605,0,59,1.081884,32.91193626622763,3.8257,-0.05865,0.015180826,-0.0001537878787878,2.614999999999215e-06,-0.000167948,0.9994872690285552,2.9264904073254437e-09,0,0,1,0,0,1,0
227,0.2289766970594835,0,226,1.060113,36.785710240632135,3.8257,-0.05865,0.015633501,-6.765454545454516e-05,8.687000000000278e-06,-0.0001643989999999,1.000031129726059,3.7411587379875396e-09,0,0,1,0,0,1,0
120,0.1347031963454942,0,118,1.093561,32.05822910701105,3.8257,-0.05865,0.01684482,-3.347272727269822e-05,-1.0591000000000766e-05,3.759899999999927e-05,1.003289983715223,2.7699846763523636e-09,0,0,1,0,0,1,0
189,0.201069518714427,0,188,0.976303,34.03493465930351,3.8624,-0.0194,0.095803,-0.000192109090909,0.0005259999999999,0.06458,0.9373504641133076,3.144446448073661e-09,1,0,0,1,0,0,0
164,0.1412478336209597,0,163,1.047198,34.50682934490219,3.8257,-0.05865,0.015561704,-2.569090909087133e-05,-9.153999999999066e-06,-0.00017867,1.0007406182776946,3.2403025575801823e-09,0,0,1,0,0,1,0
99,0.092365692741825,0,98,1.066512,34.93021858695506,3.8257,-0.05865,0.015055103,-7.24848484848046e-05,9.999999999999593e-06,-0.0001131949999999,1.0021499233244129,3.328529550757573e-09,0,0,1,0,0,1,0
550,0.54899999999451,1,549,1.03843,35.795909011444124,3.8257,-0.05865,0.015931092,-8.76666666666725e-05,3.971000000001917e-06,1.1636000000002368e-05,0.984174431917265,3.5156669310036276e-09,0,0,1,0,0,1,0
723,0.7110453648845064,2,721,1.031953,34.36753871287133,3.8257,-0.05865,0.01741424,-0.0002344848484848,7.034800000000133e-05,0.000726409,0.9603708019089168,3.2117391657544303e-09,0,0,1,0,0,1,0
1647,0.9149527515235412,2,1646,0.944754,34.11874601494723,3.8257,-0.05865,0.015595702,-0.0003442727272727,-3.924800000000214e-05,-0.0001824069999999,0.8839373429316187,3.161282832859484e-09,0,0,1,0,0,1,0
19,0.0105882352940553,0,18,1.264713,34.03493465930351,3.8255,-0.0364,0.096483,0.0001466727272727,1.2999999999999123e-05,0.041693,0.9934254090267484,3.144446448073661e-09,1,0,0,0,1,0,0
160,0.2181069958817817,0,159,1.0676,34.25871612935707,3.8257,-0.05865,0.016006932,-5.8321212121223465e-05,9.4100000000083e-07,-2.3129999999968454e-06,1.000096487390597,3.1895811545004763e-09,0,0,1,0,0,1,0
343,0.3713355048819616,1,342,1.045683,37.306875366737295,3.8257,-0.05865,0.015151,-5.347878787877348e-05,5.295500000000036e-05,-0.000132138,0.9889414929031866,3.865027266932211e-09,0,0,1,0,0,1,0
114,0.1627906976720524,0,112,1.063009,32.396051955951314,3.8257,-0.05865,0.015914358,-0.0001249151515151,3.069000000001376e-06,-0.003971774,0.997035182006622,2.8309935206864767e-09,0,0,1,0,0,1,0
107,0.0916955017293106,0,106,1.061281,35.90793336239007,3.8257,-0.05865,0.015394961,-3.9933333333269575e-05,2.385400000000024e-05,-7.374899999999969e-05,1.000990350216132,3.5405607118187366e-09,0,0,1,0,0,1,0
403,0.4299465240595728,1,402,0.874465,34.03493465930351,3.866,-0.0252,0.095861,-0.0009530909090909,-0.0005899999999999,0.064638,0.8395755965113735,3.144446448073661e-09,1,0,0,1,0,0,0
206,0.2490886998754667,0,205,1.045618,35.20287209387485,3.8257,-0.05865,0.01559938,-8.082424242421102e-05,-2.531000000000061e-06,-0.000172106,1.0004449109364848,3.386481118534841e-09,0,0,1,0,0,1,0
598,0.3292884721437987,0,597,1.188332,34.03493465930351,3.8264,-0.0382,0.09432,-0.000334606060606,0.001089,0.040718,0.9074942820159376,3.144446448073661e-09,1,0,0,0,1,0,0
556,0.3264705882333737,0,555,1.172523,34.03493465930351,3.8236,-0.0403,0.098552,0.0001775757575757,1.9000000000005124e-05,0.043762,0.9210106489521892,3.144446448073661e-09,1,0,0,0,1,0,0
1718,0.9544191217289916,2,1717,0.917084,33.2224558643719,3.8257,-0.05865,0.015794581,-0.0004389818181817,-0.000305379,1.6472000000000014e-05,0.8580485440708382,2.985356990118454e-09,0,0,1,0,0,1,0
812,0.9999999999876696,2,811,0.880592,34.97813030718099,3.8257,-0.05865,0.018491434,-0.0013202969696969,0.000215082,0.003049965,0.8277975553146948,3.338648100804189e-09,0,0,1,0,0,1,0
796,0.7614942528662693,2,795,1.031911,35.72931530063496,3.8257,-0.05865,0.015930261,-0.000152006060606,-2.9028000000000387e-05,-0.0001154829999999,0.96515418077812,3.500943174155994e-09,0,0,1,0,0,1,0
50,0.0502564102558948,0,49,1.03435,34.03493465930351,3.8594,-0.0145,0.086859,7.62666666666555e-05,-0.0007679999999999,0.056414,0.9884616560782246,3.144446448073661e-09,1,0,0,1,0,0,0
596,0.6363636363568304,1,595,0.592862,34.03493465930351,3.8623,-0.0457,0.109561,-0.0013068121212121,0.068167,0.078338,0.56920799265714,3.144446448073661e-09,1,0,0,1,0,0,0
730,0.6996161228339769,2,729,0.353361,34.03493465930351,3.8401,-0.0898,0.117763,-0.0011858424242424,-0.0001269999999999,0.087261,0.3490678149440037,3.144446448073661e-09,1,0,0,1,0,0,0
1021,0.5561613958530198,1,1020,1.037629,33.15148312293673,3.8257,-0.05865,0.015770622,-4.524848484849993e-05,1.8660000000000204e-05,0.000205445,0.9729574886846218,2.971809409801204e-09,0,0,1,0,0,1,0
263,0.1355406104493764,0,262,1.066792,35.80783039621218,3.8257,-0.05865,0.015794767,-4.225454545452658e-05,-4.026700000000008e-05,-0.0002150369999999,0.9977851771484154,3.518308584616789e-09,0,0,1,0,0,1,0
238,0.1853010164176286,0,237,1.171612,34.03493465930351,3.8252,-0.0682,0.088896,0.0002368848484848,0.0004429999999999,0.050598,0.9382248225030712,3.144446448073661e-09,1,0,0,0,1,0,0
194,0.2598105548002732,0,192,1.075964,33.45355102396315,3.8257,-0.05865,0.016909452,-1.5096969696958245e-05,-5.604300000000215e-05,-7.304800000000264e-05,0.9993934704727864,3.029854624926034e-09,0,0,1,0,0,1,0
307,0.3885350318421842,1,305,1.071929,33.37530736721616,3.8257,-0.05865,0.016684603,-0.0001463878787879,3.3829999999991645e-06,0.0002348759999999,0.9878482925772843,3.014722475372102e-09,0,0,1,0,0,1,0
134,0.1444201312894483,0,132,1.080427,32.89487874791478,3.8257,-0.05865,0.016692759,-4.5224242424214776e-05,1.8570000000009408e-06,6.642300000000295e-05,1.000901381624414,2.923287158276277e-09,0,0,1,0,0,1,0
636,0.7423887587735083,2,634,1.035814,32.72761391409265,3.8257,-0.05865,0.017272711,-0.0002277939393939,4.824000000000495e-06,0.0004940719999999,0.9661975351941884,2.8920427717399533e-09,0,0,1,0,0,1,0
807,0.8059999999919399,2,806,1.014947,36.78137612497256,3.8257,-0.05865,0.015843559,-0.0001398727272727,2.2970000000017976e-06,-7.589699999999838e-05,0.9619183644069724,3.740143727490709e-09,0,0,1,0,0,1,0
587,0.8865355521802339,2,586,0.909387,32.73584408203988,3.8257,-0.05865,0.0174086,-2.008484848484492e-05,-6.588700000000058e-05,0.0003091389999999,0.8898764586442254,2.8935730880194863e-09,0,0,1,0,0,1,0
642,0.7334096109755903,2,641,1.020727,35.61922530729722,3.8257,-0.05865,0.015259852,-0.0002264848484848,-1.2976999999999086e-05,-0.0001836149999999,0.9559499214244372,3.4767237679264543e-09,0,0,1,0,0,1,0
528,0.6844155844066959,2,527,0.988247,37.55861457216959,3.8257,-0.05865,0.014780879,-0.0002186545454545,-1.6936999999999855e-05,0.00084291,0.9254297537455086,3.9261666948123766e-09,0,0,1,0,0,1,0
207,0.3238546603424351,0,205,1.070219,32.39001965116278,3.8257,-0.05865,0.016677884,-0.0001191515151515,3.1440000000000634e-06,-0.000324093,0.9947789440026176,2.829893621254838e-09,0,0,1,0,0,1,0
426,0.7826887660997663,2,425,1.016496,34.42699522131141,3.8257,-0.05865,0.018158192,-0.0007152363636363,-0.0001816039999999,0.0004934889999999,0.9489214086474012,3.223903744438918e-09,0,0,1,0,0,1,0
946,0.5212355212326463,1,945,1.091998,34.03493465930351,3.8189,-0.0452,0.096512,-0.0011440848484848,-0.000488,0.04291,0.8339268327141237,3.144446448073661e-09,1,0,0,0,1,0,0
822,0.6984667802325515,2,820,1.060952,31.914899829514187,3.8257,-0.05865,0.017084155,-5.351515151537977e-06,4.6976000000000656e-05,0.0002161749999999,0.9824339165236008,2.7444591307689482e-09,0,0,1,0,0,1,0
266,0.3080513418867205,0,264,1.07255,34.297608382136325,3.8257,-0.05865,0.0169985,-0.0001002969696969,6.599999999995498e-08,0.0002564229999999,0.9951769801474928,3.197484426809224e-09,0,0,1,0,0,1,0
431,0.822179732297855,2,430,0.981392,29.93946177584908,3.8257,-0.05865,0.018416803,-0.0010246545454545,-1.3578999999999676e-05,0.0009799879999999,0.9223791071064372,2.4135451481889053e-09,0,0,1,0,0,1,0
2032,0.908318425756224,2,2031,0.999123,35.71311404026622,3.8257,-0.05865,0.015931353,-8.42181818181488e-05,8.456599999999773e-05,0.0003333489999999,0.9324004255477994,3.4973694813189954e-09,0,0,1,0,0,1,0
270,0.3102652825800431,0,269,0.852602,34.03493465930351,3.8247,-0.003,0.095806,-0.0036608121212121,0.0016759999999999,0.048994,0.7858611685394501,3.144446448073661e-09,1,0,0,1,0,0,0
586,0.649610678524476,1,584,1.054483,33.85441903451573,3.8257,-0.05865,0.016993316,-0.0001954181818181,-1.5939999999971257e-06,0.000441438,0.9785785743054254,3.108456836168e-09,0,0,1,0,0,1,0
440,0.8458574180954556,2,439,0.955578,31.54944571014496,3.8257,-0.05865,0.019374324,-0.0010149999999999,0.0001209169999999,0.0013931149999999,0.891486370374655,2.680329092272068e-09,0,0,1,0,0,1,0
42,0.0570613409406981,0,40,1.081816,32.06824883047789,3.8257,-0.05865,0.016410358,-5.315151515095455e-06,8.680000000010901e-07,-7.032599999999903e-05,1.0036963088867283,2.7717770428684127e-09,0,0,1,0,0,1,0
941,0.5184776613319444,1,940,1.095414,34.03493465930351,3.8213,-0.0422,0.094983,-0.0004176909090908,-0.001124,0.041381,0.8365355316866049,3.144446448073661e-09,1,0,0,0,1,0,0
218,0.3085714285670204,0,216,1.069667,32.64294220508168,3.8257,-0.05865,0.017242664,-6.051515151514636e-05,-3.350199999999776e-05,0.0001836249999999,0.9989922913557464,2.8763410873638863e-09,0,0,1,0,0,1,0
314,0.3365591397813273,1,313,1.069798,34.122139193563726,3.8257,-0.05865,0.01607669,-4.003030303028751e-05,-2.016999999999991e-06,-0.0001052629999999,0.9968597647339468,3.16196617062079e-09,0,0,1,0,0,1,0
817,0.9116331096094896,2,815,0.989381,33.56061900302415,3.8257,-0.05865,0.017842362,-0.0006569212121211,6.313000000000846e-06,0.000682701,0.9162725310222644,3.0506718620268624e-09,0,0,1,0,0,1,0
518,0.6843501326169185,2,516,1.052543,35.27924701033836,3.8257,-0.05865,0.016828105,-0.0002401818181817,-6.0291999999999984e-05,0.000236277,0.9634340237127812,3.4028758756156206e-09,0,0,1,0,0,1,0
175,0.2061978545863385,0,173,1.07833,34.62275081453868,3.8257,-0.05865,0.016203728,-4.041212121208208e-05,-2.367399999999784e-05,2.912700000000032e-05,0.9993364509020004,3.2642474248603903e-09,0,0,1,0,0,1,0
361,0.3727933540978941,1,359,1.075855,36.13585543139014,3.8257,-0.05865,0.016570851,2.696969696955516e-06,-4.6657999999998034e-05,-0.0001856169999999,0.9931247305693792,3.5916978060467474e-09,0,0,1,0,0,1,0
961,0.5336297943272172,1,960,1.039135,33.25835685359133,3.8257,-0.05865,0.015798716,-4.967878787875544e-05,-1.8463999999999287e-05,2.0607000000002346e-05,0.9722427540367624,2.992231027163369e-09,0,0,1,0,0,1,0
594,0.5183566433521123,1,593,1.04223,37.14177666312136,3.8257,-0.05865,0.015052502,-0.0001014484848484,-3.112999999999033e-06,-8.127699999999939e-05,0.9763580513495967,3.825395042570633e-09,0,0,1,0,0,1,0
338,0.4244332493649315,1,337,1.048518,35.6400485927304,3.8257,-0.05865,0.015161142,-7.706666666666325e-05,-6.131999999998972e-06,-0.0003926619999999,0.9908907657370316,3.4812932540323933e-09,0,0,1,0,0,1,0
753,0.4423529411738685,1,752,1.073545,34.03493465930351,3.8237,-0.0466,0.100362,-0.0007542666666666,0.000644,0.045572,0.8432639505829549,3.144446448073661e-09,1,0,0,0,1,0,0
393,0.4458380843734796,1,391,1.063206,36.022810112558105,3.8257,-0.05865,0.016496126,7.836363636414734e-06,4.013000000000627e-06,-0.00062506,0.9927542050821409,3.566252477219973e-09,0,0,1,0,0,1,0
480,0.6570644718702735,1,479,1.044851,35.600376168281414,3.8257,-0.05865,0.016046753,-9.833939393939236e-05,-5.556000000000311e-06,3.750800000000207e-05,0.9787858888596408,3.472592132378189e-09,0,0,1,0,0,1,0
71,0.1440329218077359,0,70,1.075381,32.125528778709146,3.8257,-0.05865,0.017857378,-1.3769696969698236e-05,0.0001128139999999,-5.078700000000005e-05,1.008704616166761,2.782043520525062e-09,0,0,1,0,0,1,0
218,0.2675709001200053,0,217,1.062375,34.07194622248436,3.8257,-0.05865,0.015253785,-2.8084848484845075e-05,-1.3333999999998528e-05,-0.0001876839999999,0.9986820546035496,3.1518715380309404e-09,0,0,1,0,0,1,0
133,0.2495274102032225,0,132,1.076182,33.539497218855246,3.8257,-0.05865,0.017024077,-0.0001026424242424,0.0001351079999999,-0.0004806749999999,1.0024460764040255,3.0465550109029084e-09,0,0,1,0,0,1,0
495,0.4527956003624859,1,494,1.044792,37.331052926822295,3.8257,-0.05865,0.015387359,-6.144848484850199e-05,-2.888900000000069e-05,-0.0001158479999999,0.983227227170706,3.870861936067041e-09,0,0,1,0,0,1,0
1003,0.5114854517584917,1,1002,0.845006,34.03493465930351,3.8238,-0.1044,0.085521,-0.0014270606060605,-0.000694,0.049365,0.6820383843634327,3.144446448073661e-09,1,0,0,0,1,0,0
390,0.7203703703570302,2,389,1.023801,33.893747837984534,3.8257,-0.05865,0.017576722,-0.0005214666666666,0.000134648,0.0002676669999999,0.9584213305174234,3.116266199729713e-09,0,0,1,0,0,1,0
384,0.3908163265266243,1,383,1.015661,31.56018931563978,3.8257,-0.05865,0.017776366,-3.502424242421449e-05,0.0001885369999999,0.0005409189999999,0.9913317365222704,2.682195002043291e-09,0,0,1,0,0,1,0
376,0.6944444444315844,2,375,1.031549,33.89566681317003,3.8257,-0.05865,0.017476989,-0.0003487575757575,0.0002520329999999,0.0001679339999999,0.9656745452230636,3.1166476933175702e-09,0,0,1,0,0,1,0
626,0.5998080614145892,1,625,0.585325,34.03493465930351,3.8669,-0.051,0.110093,-0.0051331636363636,0.0010819999999999,0.079591,0.5782135515297357,3.144446448073661e-09,1,0,0,1,0,0,0
788,0.8972602739623601,2,786,1.017581,33.96592540271043,3.8257,-0.05865,0.017440107,-0.0004174848484848,-1.204399999999925e-05,0.0006328859999999,0.9335819628890571,3.1306440553280952e-09,0,0,1,0,0,1,0
334,0.4106041923500542,1,333,1.056182,34.25247195313646,3.8257,-0.05865,0.015282033,-4.910909090909927e-05,-1.8945999999998853e-05,-0.0001594359999999,0.9928603457303552,3.1883139142140315e-09,0,0,1,0,0,1,0
147,0.1586433260376516,0,145,1.079791,32.76746336842098,3.8257,-0.05865,0.016710453,-4.901818181822072e-05,-1.5518999999998562e-05,8.411700000000161e-05,1.0003121948688871,2.8994591414400442e-09,0,0,1,0,0,1,0
1322,0.728626585765424,2,1321,1.000552,34.03493465930351,3.8168,-0.0418,0.097237,0.0018622969696969,-0.0007409999999999,0.043635,0.7640922055954149,3.144446448073661e-09,1,0,0,0,1,0,0
233,0.1184277692694312,0,232,1.161739,34.03493465930351,3.8284,-0.0664,0.081271,-0.0012154,-0.000824,0.0451149999999999,0.9376863485134898,3.144446448073661e-09,1,0,0,0,1,0,0
28,0.0268123138031101,0,27,1.071144,32.01061692264732,3.8257,-0.05865,0.015224768,1.877575757579364e-05,-1.005400000000066e-05,-0.000210074,1.004285688837051,2.7614818498324323e-09,0,0,1,0,0,1,0
295,0.5987780040611247,1,294,1.055818,34.15926972900497,3.8257,-0.05865,0.017440487,-0.0002327151515151,6.177500000000002e-05,3.881600000000055e-05,0.9825172970533358,3.169452400854149e-09,0,0,1,0,0,1,0
1285,0.97791317592553,2,1284,0.89801,37.097363251225104,3.8257,-0.05865,0.016740806,-0.0005693575757575,3.689999999999943e-05,0.001172133,0.8429580928707943,3.814795925328494e-09,0,0,1,0,0,1,0
639,0.4988272087529412,1,638,1.034703,34.03493465930351,3.8271,-0.0766,0.085364,-0.0022865636363636,-0.0011359999999999,0.047066,0.8285883368541762,3.144446448073661e-09,1,0,0,0,1,0,0
145,0.1414441147364842,0,143,1.080469,32.15199872128058,3.8257,-0.05865,0.016957859,-2.640606060601159e-05,-1.5002999999999544e-05,2.004400000000031e-05,1.0010896021747568,2.786799349257325e-09,0,0,1,0,0,1,0
53,0.1065573770469967,0,52,1.04264,32.689223616011844,3.8257,-0.05865,0.016595591,-0.0001829696969696,-0.000121603,-0.0012685319999999,0.9973350576702704,2.884914085499516e-09,0,0,1,0,0,1,0
336,0.33499999999665,1,335,1.048928,35.9610455838307,3.8257,-0.05865,0.01573338,-5.523030303028084e-05,3.0870000000002285e-05,-0.0001860759999999,0.9941239356741552,3.552418353101748e-09,0,0,1,0,0,1,0
721,0.9729364005281064,2,719,0.906864,33.82291631968142,3.8257,-0.05865,0.018716205,-0.0011792787878787,1.4223000000000707e-05,0.0017337049999999,0.8423274014807495,3.102214147738552e-09,0,0,1,0,0,1,0
81,0.0874861572526302,0,79,1.082023,33.21088145242364,3.8257,-0.05865,0.016624101,-3.81333333333118e-05,3.2970999999999695e-05,3.1203999999999954e-05,1.0062746680852173,2.983143838669779e-09,0,0,1,0,0,1,0
328,0.6139359698566114,1,326,0.998257,32.86616657921808,3.8257,-0.05865,0.015900359,-0.0003072787878787,8.181200000000055e-05,0.0001596219999999,0.9306629499454612,2.9179023818749764e-09,0,0,1,0,0,1,0
123,0.1386025200442313,0,121,1.094328,30.38697678957345,3.8257,-0.05865,0.01698342,-6.937575757575295e-05,-1.4039999999999886e-05,3.116599999999914e-05,0.9997158880690348,2.4851938771733606e-09,0,0,1,0,0,1,0
733,0.597222222217343,1,731,1.058519,33.274959504734866,3.8257,-0.05865,0.016669111,-1.209696969694282e-05,-7.73000000000093e-06,-0.0001183169999999,0.9815488813696372,2.9954147756296383e-09,0,0,1,0,0,1,0
1943,0.8875685557546272,2,1942,0.989034,33.5272372652509,3.8257,-0.05865,0.015495948,-0.0001421393939394,-7.649599999999881e-05,0.00013825,0.928631184597834,3.044167709924986e-09,0,0,1,0,0,1,0
851,0.9792387543139648,2,849,0.900145,33.91025415684313,3.8257,-0.05865,0.018736359,-0.0010490909090908,6.035700000000047e-05,0.002359972,0.8276046268518119,3.119549038501824e-09,0,0,1,0,0,1,0
874,0.9540481400333256,2,872,0.916611,33.31433922872929,3.8257,-0.05865,0.018544203,-0.000794012121212,3.425799999999882e-05,0.001917867,0.8491431779399585,3.0029784578746397e-09,0,0,1,0,0,1,0
829,0.7818696883778861,2,828,0.954641,32.96826283525709,3.8257,-0.05865,0.017346308,-0.0002411515151514,8.967200000000244e-05,0.000305746,0.9272401270068212,2.9370904391615463e-09,0,0,1,0,0,1,0
749,0.8172866520698328,2,747,1.001267,34.59785747964253,3.8257,-0.05865,0.017388102,-0.0004653151515151,2.15699999999916e-06,0.000761766,0.9275680112353096,3.2590920795817493e-09,0,0,1,0,0,1,0
195,0.3737957610717958,1,194,1.051689,34.1061496226013,3.8257,-0.05865,0.017031146,-0.0001709333333333,-4.144000000000023e-05,-0.0002334829999999,0.977318029880206,3.1587472586908203e-09,0,0,1,0,0,1,0
398,0.3638863428014309,1,397,1.049513,37.27202908538598,3.8257,-0.05865,0.015345619,-3.668484848487149e-05,1.4896000000000352e-05,-0.000157588,0.9876700404191544,3.8566318346102935e-09,0,0,1,0,0,1,0
339,0.6588693956986575,1,338,1.0338,33.40881200076227,3.8257,-0.05865,0.017387811,-0.0003506181818181,2.845599999999962e-05,3.722700000000079e-05,0.9696453544157884,3.02119386823007e-09,0,0,1,0,0,1,0
876,0.758232235695336,2,875,1.006801,35.35187200547439,3.8257,-0.05865,0.015726566,-0.0001113818181818,-2.078200000000044e-05,-1.380800000000057e-05,0.9621357710983034,3.4185317015561835e-09,0,0,1,0,0,1,0
676,0.6244218316315965,1,675,0.543723,34.03493465930351,3.864,-0.0628,0.11244,-0.0025461636363636,-0.0001479999999999,0.080525,0.53833427391808,3.144446448073661e-09,1,0,0,1,0,0,0
428,0.4970828471353899,1,426,1.062736,37.26924441651376,3.8257,-0.05865,0.016558381,1.6715151515177668e-05,-4.291000000000017e-05,-0.000183696,0.986070955362478,3.855961637089108e-09,0,0,1,0,0,1,0
338,0.6493256261917278,1,337,1.014117,34.335953380601964,3.8257,-0.05865,0.017885096,-0.0003858242424242,-8.127000000000134e-06,0.0006204669999999,0.9424029618147806,3.205293698819854e-09,0,0,1,0,0,1,0
176,0.322283609570492,0,175,1.076636,33.93023417409588,3.8257,-0.05865,0.017666779,-4.333939393941536e-05,-0.0002272359999999,2.076000000000161e-06,1.005063423486667,3.123526893403871e-09,0,0,1,0,0,1,0
276,0.2558356675979847,0,274,1.072982,31.86632567955797,3.8257,-0.05865,0.016201831,2.421212121210461e-05,-1.3339999999986696e-06,-0.000235748,0.9970774824904496,2.7358566225559248e-09,0,0,1,0,0,1,0
932,0.4816347646120971,1,931,1.04041,35.7946664244887,3.8257,-0.05865,0.016125169,-4.4539393939404895e-05,-1.3719999999998315e-05,0.000115365,0.9731097310037786,3.515391689230835e-09,0,0,1,0,0,1,0
356,0.6774809160176053,2,355,1.026109,31.964383308972447,3.8257,-0.05865,0.018076861,-0.0004349515151514,-0.000111131,0.000353003,0.963583963759569,2.753247666041597e-09,0,0,1,0,0,1,0
51,0.025866528711713,0,50,1.072234,34.83864791899019,3.8257,-0.05865,0.015809143,-7.678787878828441e-06,-4.620999999999792e-06,-0.0002006609999999,1.002875154326761,3.3092671428659812e-09,0,0,1,0,0,1,0
242,0.1246766683904569,0,241,1.067455,35.82579968219038,3.8257,-0.05865,0.015831802,-4.503030303031164e-05,1.849599999999979e-05,-0.000178002,0.998405290134311,3.5222937551146507e-09,0,0,1,0,0,1,0
544,0.9981617646875338,2,543,0.827736,34.35616616935479,3.8257,-0.05865,0.02080211,-0.0017810181818181,7.559499999999775e-05,0.0037653609999999,0.777085563003436,3.209417086191123e-09,0,0,1,0,0,1,0
275,0.3036707452691471,0,273,1.07579,33.682461740295714,3.8257,-0.05865,0.016715823,-8.393939393938546e-05,7.978000000002233e-06,0.000163945,0.9983518410937242,3.074517935350533e-09,0,0,1,0,0,1,0
575,0.4872448979550405,1,573,1.065517,31.3406711494465,3.8257,-0.05865,0.017197616,-1.673333333333528e-05,-6.35900000000092e-06,0.0001587849999999,0.9909011523285108,2.644300714951931e-09,0,0,1,0,0,1,0
451,0.9183673469200332,2,450,0.890046,35.17719161388709,3.8257,-0.05865,0.019779302,-0.0014279454545454,7.642399999999855e-05,0.0024673969999999,0.8336722488598483,3.3809844536551563e-09,0,0,1,0,0,1,0
1186,0.8537463976883737,2,1185,0.979122,37.792891625422925,3.8257,-0.05865,0.014715025,-0.0002635757575757,1.439999999987979e-07,-0.000256683,0.9334403621182928,3.9838426925300965e-09,0,0,1,0,0,1,0
288,0.3352803738278588,1,287,1.060136,31.995570641439013,3.8257,-0.05865,0.014666796,-8.529090909087935e-05,4.797999999998567e-06,-0.000325649,0.9952459631993992,2.7587996890890277e-09,0,0,1,0,0,1,0
903,0.8623326959764597,2,902,0.985336,32.72657888904425,3.8257,-0.05865,0.015436112,-0.0004505151515151,8.111999999999356e-06,0.0001386059999999,0.919378842462871,2.891850370799082e-09,0,0,1,0,0,1,0
37,0.0297619047616516,0,35,1.081803,31.191736043755697,3.8257,-0.05865,0.016912961,-1.938181818181885e-05,2.5919999999991783e-06,-0.00012587,1.0060466790228968,2.618865508521151e-09,0,0,1,0,0,1,0
179,0.1936542669563057,0,177,1.078679,33.06516566413658,3.8257,-0.05865,0.016673744,4.133333333382653e-06,3.346100000000199e-05,4.7408000000002254e-05,0.999282044440986,2.9554071937218726e-09,0,0,1,0,0,1,0
1572,0.7978669375276899,2,1571,0.421643,34.03493465930351,3.7775,-0.0729,0.094357,-0.0146985393939393,-0.0007049999999999,0.0567789999999999,0.3442000532247505,3.144446448073661e-09,1,0,0,0,1,0,0
723,0.8258877434040562,2,721,1.015959,30.568841167311483,3.8257,-0.05865,0.017828735,-0.0006486242424242,-3.121600000000058e-05,0.0008764809999999,0.928122422095321,2.514853341485165e-09,0,0,1,0,0,1,0
53,0.0955882352923605,0,52,1.065601,32.63430719262871,3.8257,-0.05865,0.015676988,-0.0002280121212121,-2.387800000000148e-05,-0.001359761,1.000395238363469,2.8747441050912007e-09,0,0,1,0,0,1,0
361,0.9999999999722222,2,360,0.825514,34.259705442185535,3.8257,-0.05865,0.021720689,-0.0020351939393939,0.0002774409999999,0.00466683,0.7759654990252421,3.1897819746106514e-09,0,0,1,0,0,1,0
700,0.7475935828797049,2,699,0.379471,34.03493465930351,3.8468,-0.0841,0.120473,-0.002069303030303,-5.3999999999998494e-05,0.08925,0.3643308665112582,3.144446448073661e-09,1,0,0,1,0,0,0
146,0.1391554702481847,0,145,0.969557,34.03493465930351,3.8631,-0.0224,0.091548,-0.0007796787878787,-0.000113,0.061046,0.9577772970239028,3.144446448073661e-09,1,0,0,1,0,0,0
651,0.6040892193252408,1,650,1.038439,34.108915383455304,3.8257,-0.05865,0.01531495,-8.440000000000198e-05,-2.998999999999884e-05,-0.0002233259999999,0.9788514198185458,3.159303832376274e-09,0,0,1,0,0,1,0
443,0.8185185185033608,2,442,0.983161,34.44199294167845,3.8257,-0.05865,0.018192489,-0.0010064424242423,0.0002000069999999,0.0008834339999999,0.9203765905022954,3.226978746863357e-09,0,0,1,0,0,1,0
962,0.9222648752310724,2,961,1.014611,34.03493465930351,3.8623,-0.0187,0.089651,0.002137812121212,0.001458,0.0591489999999999,1.0022839101885903,3.144446448073661e-09,1,0,0,1,0,0,0
1511,0.7811691670937343,2,1510,1.006125,37.17002076377545,3.8257,-0.05865,0.016032739,-0.0001456666666666,1.9227999999999607e-05,2.2935000000001704e-05,0.9410425006547194,3.8321491361835414e-09,0,0,1,0,0,1,0
225,0.2439824945268711,0,223,1.076338,33.04940100365292,3.8257,-0.05865,0.016770801,-1.217575757572374e-05,7.935999999999707e-05,0.0001444649999999,0.9971133554556286,2.952420357903973e-09,0,0,1,0,0,1,0
20,0.4130434781710775,1,19,1.7715725869786123,46.637301691869546,3.6458870173477007,-0.9776620652375614,0.016776592,0.1304776637922481,1.2765000000003121e-06,3.811000000000092e-05,14.8823723983327,6.801645724995748e-09,0,1,0,0,0,0,1
443,0.66868381239533,2,442,0.946836,32.58206711941847,3.8257,-0.05865,0.017550204,-0.0001854969696969,0.000116225,0.000450743,0.9265220050395088,2.865099660071622e-09,0,0,1,0,0,1,0
311,0.5904761904649433,1,310,1.055527,33.73339096895973,3.8257,-0.05865,0.01767407,-0.000220606060606,-4.445700000000122e-05,-0.0001059509999999,0.9911516972627824,3.084534895473843e-09,0,0,1,0,0,1,0
400,0.3390119250397018,1,398,1.077676,33.04679298119962,3.8257,-0.05865,0.016587606,-4.189090909090089e-05,8.02779999999996e-05,-0.0002803739999999,0.9979202201640488,2.9519264929582767e-09,0,0,1,0,0,1,0
689,0.7020408163193669,2,688,0.96559,32.58660483027968,3.8257,-0.05865,0.017287195,-0.0001851212121211,0.000219174,5.1748000000000766e-05,0.9424601431664098,2.865936247826226e-09,0,0,1,0,0,1,0
630,0.3120039682524206,0,629,1.01606,34.03493465930351,3.8097,-0.0346,0.075198,0.0053073999999999,-0.00081,0.021986,0.9401251513965494,3.144446448073661e-09,1,0,0,0,1,0,0
166,0.2481203007481485,0,165,1.030462,34.33173792420881,3.8257,-0.05865,0.013948771,-0.0002003333333333,1.1382000000000753e-05,0.000431775,0.970280360631812,3.204434349806775e-09,0,0,1,0,0,1,0
26,0.0138966092272712,0,25,1.071985,32.55802405578357,3.8257,-0.05865,0.01562288,1.474545454547097e-05,2.876000000000614e-06,-0.0001552289999999,1.002978100714632,2.860670658850481e-09,0,0,1,0,0,1,0
408,0.8238866396594354,2,407,0.974632,33.25570556770108,3.8257,-0.05865,0.018732134,-0.001055406060606,-0.0001165999999999,0.001080917,0.9174077727659512,2.99172289424025e-09,0,0,1,0,0,1,0
298,0.2573656845731598,0,297,1.041857,35.11266833982425,3.8257,-0.05865,0.015513657,-5.201212121209707e-05,-8.322999999999317e-06,-0.000226717,0.9956365637987696,3.367209169815183e-09,0,0,1,0,0,1,0
735,0.7017208412934827,2,734,1.033513,33.142430005071986,3.8257,-0.05865,0.015153272,-0.0001301818181818,-1.0454999999999492e-05,-0.000144234,0.9643309344328526,2.970085288812202e-09,0,0,1,0,0,1,0
256,0.1295073641435779,0,255,1.140111,34.03493465930351,3.8285,-0.0646,0.082854,-0.0005824484848484,-0.0015529999999999,0.045276,0.9307074157097912,3.144446448073661e-09,1,0,0,0,1,0,0
835,0.83399999999166,2,834,1.009624,36.47746111778807,3.8257,-0.05865,0.015939433,-0.0002084484848484,-2.382700000000057e-05,1.9977000000000883e-05,0.9568734788575416,3.669582496023096e-09,0,0,1,0,0,1,0
1137,0.9826989619292156,2,1136,0.894702,38.61568637340877,3.8257,-0.05865,0.016507972,-0.0006693818181818,4.197799999999807e-05,0.0010392619999999,0.8438745895941545,4.19247227294663e-09,0,0,1,0,0,1,0
594,0.5888778550090479,1,593,1.044941,33.46795405770449,3.8257,-0.05865,0.015253217,-3.788484848486664e-05,9.1269999999994e-06,-0.000181625,0.9797182190061064,3.0326475615577723e-09,0,0,1,0,0,1,0
384,0.4249165739663524,1,382,1.07188,35.48612924156793,3.8257,-0.05865,0.016364696,-0.0001343333333332,3.500000000000031e-05,-0.0001871819999999,0.9947232930511912,3.447643928560435e-09,0,0,1,0,0,1,0
259,0.3181257706495915,0,258,1.060442,34.12715471857294,3.8257,-0.05865,0.015268981,-6.128484848481175e-05,2.292999999998699e-06,-0.000172488,0.9968649444385432,3.1629764686822636e-09,0,0,1,0,0,1,0
498,0.5911799761550515,1,496,1.056039,33.786282225471766,3.8257,-0.05865,0.016860854,-0.0004659393939393,-0.0008340699999999,0.000686253,0.9786783881317386,3.094968765955372e-09,0,0,1,0,0,1,0
474,0.2782352941160104,0,473,1.207309,34.03493465930351,3.8249,-0.0362,0.098742,-0.0057999272727273,0.0013569999999999,0.043952,0.94833486897555,3.144446448073661e-09,1,0,0,0,1,0,0
645,0.6341222879621882,1,643,1.04392,34.32829019685052,3.8257,-0.05865,0.017269179,-0.0001440666666666,2.953999999999457e-06,0.0005813479999999,0.9715077019290188,3.2037316612656372e-09,0,0,1,0,0,1,0
321,0.6165703275411065,1,320,1.020076,34.39964126298271,3.8257,-0.05865,0.017705303,-0.000356109090909,2.5234999999998453e-05,0.0004406739999999,0.9479405666961248,3.218302099432398e-09,0,0,1,0,0,1,0
57,0.106870229005594,0,56,1.07597,31.2479906170034,3.8257,-0.05865,0.017531045,7.572727272734508e-05,0.0003674609999999,-0.000192813,1.0104067282193057,2.6284467316232514e-09,0,0,1,0,0,1,0
864,0.4797109505254046,1,863,1.043933,33.439858277621376,3.8257,-0.05865,0.015781693,-6.266060606061929e-05,1.8271999999999733e-05,3.58400000000092e-06,0.9767318923430158,3.027201564381344e-09,0,0,1,0,0,1,0
700,0.5707277187197815,1,698,1.060125,30.075043681945743,3.8257,-0.05865,0.01668648,-4.276363636355808e-05,-8.478999999998738e-06,0.000316776,0.9818490483207268,2.4350536032546754e-09,0,0,1,0,0,1,0
193,0.3958762886516314,1,192,1.060709,33.96905098309378,3.8257,-0.05865,0.017071076,-0.0001686727272727,2.4605999999999933e-05,-0.0004886799999999,0.9958642924607132,3.131268017886901e-09,0,0,1,0,0,1,0
214,0.3992467043239313,1,212,1.031568,32.34663823171894,3.8257,-0.05865,0.015460409,-0.0003262727272726,1.611099999999921e-05,-0.000280328,0.9617183931085276,2.821994977635639e-09,0,0,1,0,0,1,0
518,0.9961464354336004,2,517,0.828468,34.313918454605265,3.8257,-0.05865,0.021435045,-0.0015187333333333,7.071599999999845e-05,0.004170416,0.7698822689776107,3.200804016278598e-09,0,0,1,0,0,1,0
318,0.6289682539557744,1,317,1.019008,34.25194770411979,3.8257,-0.05865,0.01779831,-0.0004593333333333,1.194900000000068e-05,5.093200000000006e-05,0.9540889271312109,3.188207539729697e-09,0,0,1,0,0,1,0
440,0.3730834752949482,1,438,1.076145,32.90546470349909,3.8257,-0.05865,0.01664729,-8.321212121205348e-06,4.3503999999999765e-05,-0.00022069,0.996502525182374,2.925274734873988e-09,0,0,1,0,0,1,0
677,0.5862966175144294,1,676,1.040234,37.07898753653217,3.8257,-0.05865,0.015595623,-7.242424242422441e-05,1.866099999999968e-05,-9.102999999999887e-06,0.9716128694800986,3.810418328546956e-09,0,0,1,0,0,1,0
1197,0.9329173166853908,2,1196,0.947721,34.16572155294558,3.8257,-0.05865,0.01542563,-0.000663503030303,-2.910900000000112e-05,-0.000182843,0.8945701165265737,3.1707548341933837e-09,0,0,1,0,0,1,0
341,0.3116406966057595,0,340,1.053502,36.92158982828804,3.8257,-0.05865,0.015377604,-5.195757575758403e-05,-7.908000000000914e-06,-0.000125603,0.9914239870508132,3.773106062531711e-09,0,0,1,0,0,1,0
486,0.5687426556924942,1,484,1.055048,36.11181067459558,3.8257,-0.05865,0.016750105,-0.0002119393939394,1.0833000000001758e-05,5.082800000000276e-05,0.9812254995419606,3.586271983730336e-09,0,0,1,0,0,1,0
295,0.2324110671918386,0,294,1.052936,39.39830292422609,3.8257,-0.05865,0.014304599,-2.152727272722702e-05,4.998999999998588e-06,-0.00060952,0.9933358490566038,4.399946701924235e-09,0,0,1,0,0,1,0
148,0.1851385390404894,0,147,1.06005,34.94775012345669,3.8257,-0.05865,0.01522724,-2.403030303031139e-05,-4.246000000001152e-06,-0.0003265639999999,1.001788959483328,3.332228865350429e-09,0,0,1,0,0,1,0
1989,0.8890876565255408,2,1988,1.00184,35.75336628862756,3.8257,-0.05865,0.015966428,-4.4684848484827294e-05,4.082099999999991e-05,0.000368424,0.9349359811863078,3.506254411675207e-09,0,0,1,0,0,1,0
152,0.1356693620832375,0,151,1.062561,36.62354675295544,3.8257,-0.05865,0.015012192,2.4145454545500235e-05,-3.177000000000041e-06,6.362000000000034e-05,1.0002701751148952,3.703349372256454e-09,0,0,1,0,0,1,0
252,0.2910360884715828,0,250,1.080754,33.29977553721373,3.8257,-0.05865,0.016737945,-1.946060606054875e-05,1.670000000023042e-07,-9.290500000000076e-05,0.9996189299330536,3.000179206347324e-09,0,0,1,0,0,1,0
642,0.685561497318871,2,641,0.398316,34.03493465930351,3.8435,-0.0839,0.120259,-0.0085224242424242,0.00064,0.089036,0.3824239887245621,3.144446448073661e-09,1,0,0,1,0,0,0
843,0.9142236699140692,2,842,0.975353,38.350578227941135,3.8257,-0.05865,0.015781123,-0.000536206060606,7.743000000001027e-06,0.000497985,0.9224277834942348,4.124206024429569e-09,0,0,1,0,0,1,0
26,0.0558035714273258,0,25,1.078943,32.097049358044174,3.8257,-0.05865,0.017678592,4.787878787880157e-05,1.8224000000000712e-05,-0.00024768,1.009943649842744,2.776934795471577e-09,0,0,1,0,0,1,0
491,0.920903954784917,2,489,0.92374,35.63574045779215,3.8257,-0.05865,0.016978489,-0.0007318969696969,-6.407999999999414e-06,0.0012377519999999,0.8611916504293187,3.4803474299777557e-09,0,0,1,0,0,1,0
1058,0.4727191413216783,1,1057,1.039553,37.03305851508972,3.8257,-0.05865,0.015445527,-3.504848484845252e-05,8.00800000000032e-06,-0.0001524769999999,0.9701304639964164,3.799496478030422e-09,0,0,1,0,0,1,0
287,0.50980392155954,1,286,1.046213,32.54150738956122,3.8257,-0.05865,0.017572381,-0.0001844181818181,0.000125766,-0.0002703199999999,0.9764960635433244,2.8576316690574637e-09,0,0,1,0,0,1,0
102,0.055708769994177,0,101,1.280238,34.03493465930351,3.8262,-0.0324,0.094569,0.0001150181818181,0.0017989999999999,0.040967,0.9776801976379664,3.144446448073661e-09,1,0,0,0,1,0,0
68,0.1076672104387003,0,66,1.086306,32.593298560111855,3.8257,-0.05865,0.017480517,-4.54848484848723e-05,3.11500000000145e-06,4.411900000000218e-05,1.001417814684799,2.8671707271537942e-09,0,0,1,0,0,1,0
173,0.3385826771586893,1,172,1.074313,33.41457268581079,3.8257,-0.05865,0.017007155,-0.0001232424242423,-3.4912000000001525e-05,-0.000314838,1.0000474744522283,3.022307795899534e-09,0,0,1,0,0,1,0
265,0.2419798350115309,0,264,1.057092,36.81682686905497,3.8257,-0.05865,0.015342637,-6.616969696972148e-05,-3.974000000000338e-06,-0.00016057,0.9948024449118448,3.748453226880658e-09,0,0,1,0,0,1,0
1598,0.8877153974380895,2,1597,0.961543,34.650452866012,3.8257,-0.05865,0.015423147,-0.0003051393939393,-2.2630000000000917e-05,-0.0003549619999999,0.899645584495538,3.269993052823679e-09,0,0,1,0,0,1,0
700,0.6280323450078344,1,699,1.034379,38.2342464117467,3.8257,-0.05865,0.01508285,-8.084242424242164e-05,1.450300000000078e-05,0.0001342779999999,0.9737402967595932,4.094566034221185e-09,0,0,1,0,0,1,0
897,0.8515699333886626,2,895,0.993264,33.269386721469985,3.8257,-0.05865,0.01799351,-0.0005147393939393,1.0032000000000096e-05,0.001015283,0.9171632929322402,2.9943457915857327e-09,0,0,1,0,0,1,0
182,0.3358070500865341,1,181,1.014768,36.91352920932472,3.8257,-0.05865,0.013781473,-0.0002382787878787,-4.169000000000048e-06,0.0006088389999999,0.965274514541404,3.771204085608616e-09,0,0,1,0,0,1,0
758,0.7193149381472949,2,756,1.040404,33.82998663081386,3.8257,-0.05865,0.017464297,-0.0001993818181817,-2.0360000000003986e-06,0.00048607,0.9606915770831064,3.103614244805315e-09,0,0,1,0,0,1,0
1140,0.6282404853798773,1,1139,0.998661,34.03493465930351,3.8135,-0.0483,0.10022,-0.001027109090909,0.0004699999999999,0.046618,0.7626481043785057,3.144446448073661e-09,1,0,0,0,1,0,0
679,0.9671428571290408,2,677,0.906661,32.94061881228277,3.8257,-0.05865,0.019549405,-0.0011190363636363,1.943800000000009e-05,0.0024903659999999,0.8467563735937376,2.93188384092922e-09,0,0,1,0,0,1,0
772,0.3824404761885792,1,771,1.200862,34.03493465930351,3.8239,-0.028,0.083805,-3.676363636360798e-05,-1.2999999999999123e-05,0.030593,1.111116045859854,3.144446448073661e-09,1,0,0,0,1,0,0
109,0.221311475405301,0,108,1.030734,32.37646843959246,3.8257,-0.05865,0.016913842,-0.0002411757575757,4.744899999999802e-05,-0.000950281,0.9859463988842826,2.82742416282869e-09,0,0,1,0,0,1,0
922,0.456845238092972,1,921,0.991634,34.03493465930351,3.8021,-0.0448,0.076263,-0.0101528121212121,8.099999999999774e-05,0.0230509999999999,0.9175246189988444,3.144446448073661e-09,1,0,0,0,1,0,0
279,0.4026162790639154,1,277,1.042004,32.53552338946377,3.8257,-0.05865,0.016173275,-0.0001422787878787,-3.417999999998089e-06,-0.003712857,0.9773338210604312,2.856531356786565e-09,0,0,1,0,0,1,0
180,0.1835897435878606,0,179,0.978786,34.03493465930351,3.864,-0.0187,0.088654,0.0009977151515151,-0.0008289999999999,0.058209,0.9353627210385084,3.144446448073661e-09,1,0,0,1,0,0,0
376,0.37499999999625,1,375,1.047319,35.94649956533623,3.8257,-0.05865,0.015761608,-4.438787878785188e-05,2.6814000000000004e-05,-0.0001578479999999,0.9925990022063674,3.549167324325884e-09,0,0,1,0,0,1,0
1251,0.9520182787437014,2,1250,0.91662,36.95226788401645,3.8257,-0.05865,0.016356893,-0.000506206060606,1.1739999999999667e-05,0.00078822,0.8604272191704184,3.780352701607955e-09,0,0,1,0,0,1,0
1057,0.8042650418826789,2,1056,1.002441,36.17758712241862,3.8257,-0.05865,0.015963089,-0.000255212121212,-2.4120000000002477e-06,0.0003944159999999,0.9409870197163636,3.601132260887885e-09,0,0,1,0,0,1,0
490,0.7960848286982694,2,488,1.006044,36.7953673170499,3.8257,-0.05865,0.017542817,-0.0006132848484848,-1.6886000000000678e-05,0.0001064189999999,0.9274278002300952,3.743421226114568e-09,0,0,1,0,0,1,0
1034,0.512400793648252,1,1033,1.177201,34.03493465930351,3.8245,-0.0267,0.083365,-0.0001774606060606,-0.001564,0.0301529999999999,1.0892233414849215,3.144446448073661e-09,1,0,0,0,1,0,0
339,0.7027027026880935,2,338,0.936883,31.580917771300467,3.8257,-0.05865,0.017337082,-0.0003781878787878,-2.4322000000000232e-05,5.897700000000172e-05,0.9299188378235396,2.6857983428690507e-09,0,0,1,0,0,1,0
444,0.8842315369084983,2,443,0.947674,33.16639311386451,3.8257,-0.05865,0.020153001,-0.001758412121212,4.865399999999867e-05,0.0018155759999999,0.8846539094523435,2.9746509023405143e-09,0,0,1,0,0,1,0
1846,0.9544749094622118,2,1845,0.921863,36.92910063604855,3.8257,-0.05865,0.016057996,-0.0003957212121212,-0.0001253949999999,4.8192000000002455e-05,0.8622310973100377,3.774879080724016e-09,0,0,1,0,0,1,0
1176,0.6531406336817502,1,1175,1.025467,33.38433826502989,3.8257,-0.05865,0.015750773,-7.663636363637351e-05,-6.726000000002036e-06,-2.7335999999999333e-05,0.9594546043139888,3.016465559326328e-09,0,0,1,0,0,1,0
263,0.3723252496380552,1,261,1.071526,32.245354754253334,3.8257,-0.05865,0.016814448,-0.0001023999999999,3.9999999978945774e-09,0.000333764,0.9941493665060976,2.8036309036185132e-09,0,0,1,0,0,1,0
602,0.4901960784273677,1,600,1.063847,32.073094006535925,3.8257,-0.05865,0.016805068,1.195757575762592e-05,1.6389999999998073e-05,1.7639999999999323e-05,0.986489456304936,2.7726441402502956e-09,0,0,1,0,0,1,0
131,0.0792682926824435,0,130,1.068355,33.84018716726681,3.8257,-0.05865,0.015813885,-6.206060606056015e-05,3.267000000001241e-06,-0.0006155909999999,1.0024790914627109,3.1056352039608362e-09,0,0,1,0,0,1,0
146,0.2584670231682983,0,145,1.06615,32.58853474942352,3.8257,-0.05865,0.017103424,-0.0001250666666666,-5.945400000000045e-05,-0.000739277,0.9951045132747492,2.8662921207675355e-09,0,0,1,0,0,1,0
784,0.812045690541931,2,782,1.003443,35.27659116960148,3.8257,-0.05865,0.017572928,-0.0003586909090908,7.191100000000089e-05,0.00081646,0.9262810127914352,3.4023045755238807e-09,0,0,1,0,0,1,0
616,0.9999999999837134,2,614,0.881109,34.73620330760494,3.8257,-0.05865,0.020129407,-0.0012961515151515,0.0002038499999999,0.0038690529999999,0.8212015273763668,3.287835971206006e-09,0,0,1,0,0,1,0
685,0.6377217553628598,1,683,1.043452,31.45215748796921,3.8257,-0.05865,0.016460288,-0.0001515878787878,9.153000000001328e-06,2.270899999999923e-05,0.9696364834262128,2.663485467533902e-09,0,0,1,0,0,1,0
1730,0.8576388888846348,2,1729,0.619592,34.03493465930351,3.7603,-0.0116,0.081202,-0.0429553212121211,0.0320019999999999,0.0279899999999999,0.5732870330532556,3.144446448073661e-09,1,0,0,0,1,0,0
322,0.2805944055919528,0,321,1.057391,36.78673963143751,3.8257,-0.05865,0.014981704,-2.5242424242413504e-05,-4.696000000000214e-06,-0.0001520749999999,0.990560832325496,3.741399848264061e-09,0,0,1,0,0,1,0
148,0.1149335418286557,0,147,1.176637,34.03493465930351,3.8228,-0.0701,0.088765,-0.0006243575757575,0.0020189999999999,0.050467,0.9422488336373698,3.144446448073661e-09,1,0,0,0,1,0,0
424,0.3588435374119146,1,422,1.072793,33.59418339909093,3.8257,-0.05865,0.016498141,5.749696969696862e-05,3.714500000000232e-05,-0.0005406899999999,0.99766762980784,3.0572241827519004e-09,0,0,1,0,0,1,0
268,0.1455834242085846,0,267,1.066524,33.752951481457,3.8257,-0.05865,0.015428128,-3.3418181818134175e-05,5.7799999999986335e-06,-0.000137049,1.000051572056947,3.0883899160386424e-09,0,0,1,0,0,1,0
1183,0.681268011523451,2,1182,0.766617,34.03493465930351,3.8251,-0.0945,0.086739,0.0035102424242423,-0.000795,0.050549,0.60607787920138,3.144446448073661e-09,1,0,0,0,1,0,0
490,0.372429550644536,1,489,1.050169,36.64224134973304,3.8257,-0.05865,0.015491625,-5.6151515151524416e-05,3.120000000005757e-07,-7.70479999999997e-05,0.9857890863487369,3.707690577615921e-09,0,0,1,0,0,1,0
45,0.0665658093787206,0,44,1.018705,31.767064136585432,3.8257,-0.05865,0.017177438,-0.0001508787878787,0.000213746,7.797699999999991e-05,0.9968490838368764,2.718352654890289e-09,0,0,1,0,0,1,0
529,0.5659163987077608,1,528,1.051897,33.328627293821995,3.8257,-0.05865,0.015625942,-3.478787878786399e-05,-6.782000000000316e-06,-0.00013505,0.9854057608789332,3.0057270111199755e-09,0,0,1,0,0,1,0
653,0.3596249310515189,1,652,1.158281,34.03493465930351,3.8236,-0.0396,0.094927,-0.0006166242424242,-0.000655,0.041325,0.8845452150305658,3.144446448073661e-09,1,0,0,0,1,0,0
432,0.8551587301417627,2,431,0.94263,34.721089799185926,3.8257,-0.05865,0.019303188,-0.0009377454545454,5.4596000000000505e-05,0.0015558099999999,0.8825768250903755,3.284684828442266e-09,0,0,1,0,0,1,0
298,0.3528009535118855,1,296,1.072047,34.47344674720153,3.8257,-0.05865,0.016435154,-0.0001191515151515,1.55330000000016e-05,0.000260553,0.9935137148925997,3.233436315073526e-09,0,0,1,0,0,1,0
828,0.9462242562820798,2,827,0.931018,35.463926973766576,3.8257,-0.05865,0.016460972,-0.0009295575757575,2.263300000000107e-05,0.001017505,0.8719340077657755,3.442814307302191e-09,0,0,1,0,0,1,0
1042,0.5385411277778658,1,1041,1.035706,35.51937954833237,3.8257,-0.05865,0.016193954,-3.669090909087109e-05,3.004000000000895e-06,0.00018415,0.9687100153391448,3.454888181546721e-09,0,0,1,0,0,1,0
2,0.0370370370233196,0,1,1.804783321452588,30.02321400619552,3.677932362103996,-0.9969604106618356,0.016776592,-9.664545454543671e-05,1.2765000000003121e-06,3.811000000000092e-05,1.0000546075658434,2.426811177474602e-09,0,1,0,0,0,0,1
634,0.5374149659818247,1,632,1.062832,31.488137327883724,3.8257,-0.05865,0.017183589,-5.459393939393805e-05,2.7052999999999106e-05,0.0001447579999999,0.9884041770629804,2.6697035825485023e-09,0,0,1,0,0,1,0
375,0.3240901213143493,0,374,1.038239,35.08103192315105,3.8257,-0.05865,0.015563527,-4.608484848485511e-05,-2.7314999999999975e-05,-0.000176847,0.992179070987545,3.360473429573154e-09,0,0,1,0,0,1,0
133,0.1264367816079843,0,132,1.071748,34.97663847320767,3.8257,-0.05865,0.015539009,-1.6945454545468388e-05,-9.224999999999858e-06,-0.000506735,1.0024140288654626,3.338332622128607e-09,0,0,1,0,0,1,0
1448,0.8043357420744618,2,1447,1.000567,34.30359731344519,3.8257,-0.05865,0.0155256,-0.0001505515151515,-1.1699999999999905e-06,-0.0002525089999999,0.9361574922202616,3.1987029948907926e-09,0,0,1,0,0,1,0
639,0.9593984962261743,2,638,0.898222,36.35808958601388,3.8257,-0.05865,0.015446172,-0.0005632727272727,9.531999999999596e-06,0.0019291759999999,0.8457635178079612,3.642195760979299e-09,0,0,1,0,0,1,0
968,0.9280230326206524,2,967,1.012234,34.03493465930351,3.8636,-0.0137,0.088326,-8.355757575755075e-05,0.001253,0.057824,0.9999357897222066,3.144446448073661e-09,1,0,0,1,0,0,0
266,0.1909221902003536,0,265,1.041821,36.209434809973565,3.8257,-0.05865,0.014672944,-3.1945454545431805e-05,-1.383999999999934e-05,-0.000298764,0.993214095385909,3.608347149552655e-09,0,0,1,0,0,1,0
1726,0.9405670665161364,2,1725,0.928659,32.62015104438304,3.8257,-0.05865,0.015906658,-0.0003702727272726,-4.316000000000736e-06,0.000341481,0.8707791787665653,2.8721277523710923e-09,0,0,1,0,0,1,0
210,0.1066870852470307,0,209,1.14111,34.03493465930351,3.8279,-0.0683,0.082915,-0.0018873636363636,0.0005549999999999,0.046759,0.9210358515572158,3.144446448073661e-09,1,0,0,0,1,0,0
221,0.1720093823286004,0,220,1.164402,34.03493465930351,3.8251,-0.0757,0.085787,-0.0006701272727272,-0.000877,0.047489,0.9324510672238088,3.144446448073661e-09,1,0,0,0,1,0,0
942,0.6779538904850292,2,941,1.007812,36.22343833712301,3.8257,-0.05865,0.014961133,-7.917575757577962e-05,8.862000000000106e-06,-1.0575000000000516e-05,0.9607918096285863,3.611523661075559e-09,0,0,1,0,0,1,0
933,0.7269890795575118,2,932,1.019144,33.94385089239712,3.8257,-0.05865,0.015589107,-8.998787878788001e-05,-2.4034000000000905e-05,-1.9365999999999828e-05,0.961987511975949,3.126240477485837e-09,0,0,1,0,0,1,0
546,0.5810234541515882,1,545,1.054332,34.45116622961139,3.8257,-0.05865,0.015647732,-7.356969696966473e-05,5.379999999999274e-06,-9.66599999999984e-05,0.9866137893410016,3.2288608556821144e-09,0,0,1,0,0,1,0
272,0.5553278688410793,1,271,0.995397,32.72354640179192,3.8257,-0.05865,0.017541254,-0.0001683878787878,5.225299999999864e-05,-0.0003228689999999,0.952144867259854,2.891286727541194e-09,0,0,1,0,0,1,0
243,0.3252688171999291,0,242,1.032857,32.963430559301635,3.8257,-0.05865,0.017015893,-9.614545454547088e-05,-2.2220999999999352e-05,-0.0009178329999999,0.9947213720387772,2.936179708275929e-09,0,0,1,0,0,1,0
1362,0.6947422154124822,2,1361,0.566213,34.03493465930351,3.811,-0.1097,0.09571,-0.0006907757575757,-0.001388,0.059554,0.4570133226575578,3.144446448073661e-09,1,0,0,0,1,0,0
116,0.1064425770298184,0,114,1.079274,30.82853794547136,3.8257,-0.05865,0.016299363,-2.5133333333356124e-05,-1.5420999999998103e-05,-0.000138216,1.0029243760262496,2.5577578681098173e-09,0,0,1,0,0,1,0
504,0.5653153153089492,1,502,1.062246,33.89570133759126,3.8257,-0.05865,0.016962364,-5.466060606059817e-05,-7.575199999999838e-05,0.0002293699999999,0.984195370349781,3.1166545571802807e-09,0,0,1,0,0,1,0
644,0.6125954198414829,1,642,1.049496,33.9218568990654,3.8257,-0.05865,0.017329631,-9.070303030304348e-05,-3.3287999999999374e-05,0.000472758,0.9726913206316076,3.121858493652776e-09,0,0,1,0,0,1,0
579,0.673278879805446,2,577,1.043709,35.34001259749048,3.8257,-0.05865,0.017289273,-0.0001165151515151,0.000102099,0.0005471959999999,0.968416550065507,3.415970752320391e-09,0,0,1,0,0,1,0
76,0.7575757574992348,2,75,1.3340066759761655,33.61961195858584,3.4754777099091454,-1.6937809113323188,0.016776592,-0.0037398038638037,1.2765000000003121e-06,3.811000000000092e-05,0.8170380635648888,3.062196665671157e-09,0,1,0,0,0,0,1
354,0.4502551020350733,1,353,1.043583,34.6633340274862,3.8257,-0.05865,0.018316597,-6.36606060605764e-05,8.323000000001052e-06,-0.000235697,0.9946539813494576,3.2726677998541463e-09,0,0,1,0,0,1,0
285,0.5211009174216311,1,284,1.071628,33.63063178506982,3.8257,-0.05865,0.018166762,-0.0001383939393939,7.951100000000086e-05,0.0004554239999999,0.9960395542662858,3.064353816283984e-09,0,0,1,0,0,1,0
435,0.2412451361854294,0,434,1.061697,34.140161531182535,3.8257,-0.05865,0.01556501,-4.97575757576033e-05,1.4855000000001116e-05,-0.0002130989999999,0.993352370223858,3.165597835526743e-09,0,0,1,0,0,1,0
1491,0.908536585360314,2,1490,0.948087,36.90752597991562,3.8257,-0.05865,0.015769001,-0.0003620727272727,8.549000000000057e-06,-0.0006604749999999,0.8896269445901477,3.769788127345275e-09,0,0,1,0,0,1,0
400,0.7885375493915309,2,399,0.996206,33.11421455703292,3.8257,-0.05865,0.017871713,-0.0007998727272727,1.5839999999999604e-05,0.0006428839999999,0.936107874459688,2.964717559590929e-09,0,0,1,0,0,1,0
450,0.2322814278311832,0,449,1.060495,36.34540146339796,3.8257,-0.05865,0.015808448,-3.2945454545454285e-05,1.2840999999999547e-05,-0.0002013559999999,0.9918955067529648,3.639295604266087e-09,0,0,1,0,0,1,0
241,0.2658509454920372,0,239,1.077287,33.62892345751635,3.8257,-0.05865,0.016644465,-7.08424242424228e-05,-1.2320999999999166e-05,9.25870000000016e-05,0.9997410831447912,3.064019318783246e-09,0,0,1,0,0,1,0
378,0.4336793540895769,1,376,1.076366,35.15658433831777,3.8257,-0.05865,0.016323168,-5.636969696965569e-05,5.605799999999772e-05,-5.321900000000018e-05,0.9896244291597212,3.376579452362541e-09,0,0,1,0,0,1,0
57,0.0729442970812606,0,55,1.095877,33.791140462511386,3.8257,-0.05865,0.016423224,7.671515151517564e-05,0.000208235,-0.0001686039999999,1.0030993390334564,3.095928738846173e-09,0,0,1,0,0,1,0
71,0.7070707069992859,2,70,1.354703921319241,33.887639684793655,3.4781127815565127,-1.7034912994217155,0.016776592,-0.0021424509863383,1.2765000000003121e-06,3.811000000000092e-05,0.8297144898232953,3.115052173787422e-09,0,1,0,0,0,0,1
770,0.8858131487787103,2,768,0.973741,35.87372690220824,3.8257,-0.05865,0.016792409,-0.0006695212121211,-2.2649999999978243e-06,0.000481238,0.8901847030343809,3.532942714758242e-09,0,0,1,0,0,1,0
674,0.6446360153194959,1,673,1.045267,36.514516104432566,3.8257,-0.05865,0.015799785,-7.673333333331813e-05,2.3876999999998535e-05,-0.000245959,0.9776461488242716,3.6781213026779734e-09,0,0,1,0,0,1,0
1257,0.6411434405276103,1,1256,0.757842,34.03493465930351,3.8239,-0.1657,0.047532,-0.0009490303030302,-0.041257,0.0113759999999999,0.6116848084898244,3.144446448073661e-09,1,0,0,0,1,0,0
358,0.3942414174928655,1,356,1.07268,35.705980619132,3.8257,-0.05865,0.016337598,-5.109090909047651e-06,0.0001184789999999,-0.000255299,0.9975857361272829,3.4957970211522996e-09,0,0,1,0,0,1,0
690,0.59757155246663,1,689,1.039364,37.13047275887663,3.8257,-0.05865,0.015601446,-7.624242424237969e-05,1.133099999999984e-05,-3.2799999999996027e-06,0.9708002607820096,3.822694899872687e-09,0,0,1,0,0,1,0
824,0.4179786693731946,1,823,0.943791,34.03493465930351,3.8264,-0.0823,0.079575,-0.0012672424242423,-0.0019929999999999,0.041997,0.7704454062632144,3.144446448073661e-09,1,0,0,0,1,0,0
1775,0.98610339076717,2,1774,0.89146,33.56381877422443,3.8257,-0.05865,0.016180016,-0.0004577393939393,-0.000482753,0.0004019069999999,0.8340740380351085,3.0512959656013435e-09,0,0,1,0,0,1,0
1710,0.7810786105997208,2,1709,1.007864,33.87351557753328,3.8257,-0.05865,0.015703687,2.923636363640684e-05,6.840500000000055e-05,0.000345989,0.9463111887291148,3.112246563099753e-09,0,0,1,0,0,1,0
750,0.6496097137844787,1,749,1.034505,36.70651059884507,3.8257,-0.05865,0.015722353,-8.901212121217269e-05,2.7666000000002577e-05,0.000117627,0.9662617945015346,3.722649839878365e-09,0,0,1,0,0,1,0
103,0.189239332092964,0,102,1.033286,35.928614625892216,3.8257,-0.05865,0.013602708,-0.0002430121212121,3.863999999999257e-06,0.0004300739999999,0.98288933237196,3.5451737071228924e-09,0,0,1,0,0,1,0
534,0.6136101499352524,1,532,1.060875,33.89687845895509,3.8257,-0.05865,0.01689728,-0.0001262484848484,1.2919999999999598e-05,0.000520893,0.975381809054559,3.116888590930524e-09,0,0,1,0,0,1,0
342,0.515885022685085,1,341,0.963899,31.830333269925585,3.8257,-0.05865,0.017636552,-0.0002421272727272,0.0003786999999999,0.000537091,0.9432189250678864,2.7294979839713332e-09,0,0,1,0,0,1,0
395,0.7229357798032489,2,394,1.041596,33.69205885426734,3.8257,-0.05865,0.01835192,-0.0004492363636363,0.000230605,0.000640582,0.9681258940281012,3.0764032967024003e-09,0,0,1,0,0,1,0
129,0.1968992248031488,0,127,1.075384,33.016266777777744,3.8257,-0.05865,0.016734466,-2.674545454545508e-05,4.075999999998692e-06,0.0001265309999999,1.0005256699034906,2.9461514505896733e-09,0,0,1,0,0,1,0
808,0.7865497075946731,2,807,1.017589,38.02723215593964,3.8257,-0.05865,0.015828367,-0.0002982909090909,1.2052999999997982e-05,0.0001119189999999,0.950157287465837,4.042293131603266e-09,0,0,1,0,0,1,0
1576,0.7812499999961248,2,1575,0.894741,34.03493465930351,3.7779,-0.0536,0.080791,-0.0084665999999999,0.001378,0.027579,0.8278728796387025,3.144446448073661e-09,1,0,0,0,1,0,0
425,0.8379446640150604,2,424,0.973315,33.4796789853556,3.8257,-0.05865,0.018924329,-0.0010307757575757,7.225699999999918e-05,0.0010469349999999,0.915227350517364,3.0349228852934113e-09,0,0,1,0,0,1,0
799,0.818461538453144,2,798,1.053429,34.03493465930351,3.8611,-0.013,0.086921,-0.0015053515151514,0.0021989999999999,0.056476,1.006694227196624,3.144446448073661e-09,1,0,0,1,0,0,0
960,0.4288908765633771,1,959,1.042849,37.00693748349775,3.8257,-0.05865,0.015441706,-3.3042424242433873e-05,3.147599999999903e-05,-0.000156298,0.9732063533539884,3.793297469172841e-09,0,0,1,0,0,1,0
617,0.6241134751709816,1,616,1.037885,37.80887462065234,3.8257,-0.05865,0.015724944,-0.0001018242424241,7.084000000000951e-06,-7.295599999999902e-05,0.9790629009131386,3.987805040686606e-09,0,0,1,0,0,1,0
1436,0.7423693740261648,2,1435,1.014374,37.1982205284304,3.8257,-0.05865,0.015976043,-7.216969696970227e-05,-3.940100000000141e-05,-3.376100000000021e-05,0.9487579034008008,3.83890329480833e-09,0,0,1,0,0,1,0
984,0.8272957034471163,2,982,1.039367,31.23149595103581,3.8257,-0.05865,0.017324831,-4.109696969694665e-05,-0.000121987,0.0005824769999999,0.97074594023101,2.62563411722886e-09,0,0,1,0,0,1,0
101,0.0874125874118233,0,100,1.067038,35.42369728131208,3.8257,-0.05865,0.015048743,-6.141818181816355e-05,-1.2003000000000014e-05,-8.503600000000014e-05,0.9995981140400592,3.434078675746635e-09,0,0,1,0,0,1,0
556,0.7079081632562767,2,555,1.02191,34.926150601008366,3.8257,-0.05865,0.018354712,-0.0001975939393938,6.025999999999254e-06,-0.000197582,0.9739971330318952,3.3276716955712e-09,0,0,1,0,0,1,0
193,0.1059018201869503,0,192,0.688283,34.03493465930351,3.7831,-0.0751,0.117514,-0.0693048484848484,0.0004769999999999,0.063912,0.5256215324579121,3.144446448073661e-09,1,0,0,0,1,0,0
427,0.8176583493125209,2,426,0.999985,35.48705115169265,3.8257,-0.05865,0.018174555,-0.0010476727272727,-8.40430000000024e-05,0.0010313169999999,0.9346352998355018,3.4478446014890572e-09,0,0,1,0,0,1,0
480,0.4548049476645595,1,478,1.070891,35.44003465703269,3.8257,-0.05865,0.016738895,-7.737575757572331e-05,-0.0001098799999999,-0.0002393319999999,0.9888427607680332,3.4376238353772603e-09,0,0,1,0,0,1,0
163,0.1736334405126084,0,162,1.068846,32.364979818779325,3.8257,-0.05865,0.015640426,-4.610909090912164e-05,4.236999999997215e-06,-0.000120566,1.0012834012193248,2.825332090120068e-09,0,0,1,0,0,1,0
264,0.4870370370280178,1,263,1.060723,33.46448786411715,3.8257,-0.05865,0.01702293,-0.0001123575757575,3.6701000000000095e-05,-0.000286125,0.9929855010597108,3.0319752101165403e-09,0,0,1,0,0,1,0
517,0.6381909547658519,1,508,0.109813,34.03493465930351,4.0373,-0.1292,0.0,-0.0199506666666666,0.0,-0.121369,0.2951946494911318,3.144446448073661e-09,1,0,0,1,0,0,0
81,0.035778175312899,0,80,1.073818,35.53718107312045,3.8257,-0.05865,0.015341821,-7.649696969694838e-05,-1.8927999999999653e-05,-0.000256183,1.002107208182463,3.458772215746784e-09,0,0,1,0,0,1,0
451,0.7324632952572192,2,449,1.030697,35.01370658652943,3.8257,-0.05865,0.017746583,-0.0004919272727272,3.1395000000000034e-05,0.000310185,0.9501543187114664,3.346179361758692e-09,0,0,1,0,0,1,0
364,0.2959934587056747,0,362,1.076706,31.508869991007245,3.8257,-0.05865,0.016173441,-0.0001343151515151,-3.3059999999980605e-06,-0.0001962629999999,0.9972057648119008,2.6732925686574487e-09,0,0,1,0,0,1,0
411,0.8559498955979968,2,410,0.981568,33.307622250169494,3.8257,-0.05865,0.019505713,-0.0015624909090909,0.0001677929999999,0.001326855,0.9136151335935768,3.0016871125510316e-09,0,0,1,0,0,1,0
629,0.5982824427423828,1,627,1.051321,33.83246897047621,3.8257,-0.05865,0.017361652,-8.989090909086243e-05,8.32800000000189e-06,0.000504779,0.9743827626763154,3.1041059442179396e-09,0,0,1,0,0,1,0
499,0.5693012600163883,1,497,1.071837,32.7344098257576,3.8257,-0.05865,0.016892316,-6.640606060603149e-05,0.000101196,-5.993799999999896e-05,0.979169388264076,2.8933063502827062e-09,0,0,1,0,0,1,0
886,0.4919399666454033,1,885,1.042928,33.28358788952828,3.8257,-0.05865,0.015812589,-3.238787878786025e-05,-5.396000000001261e-06,3.447999999999993e-05,0.9757915872163412,2.997070568313012e-09,0,0,1,0,0,1,0
422,0.4024856596519839,1,421,1.060145,33.27537854018641,3.8257,-0.05865,0.01510717,-4.667878787873279e-05,-1.951000000000036e-06,-0.000190336,0.9891802217140148,2.9954951698222972e-09,0,0,1,0,0,1,0
490,0.4715525554438616,1,489,1.059825,34.12722367249638,3.8257,-0.05865,0.015981868,-5.934545454541385e-05,1.7974999999999935e-05,4.445599999999828e-05,0.9920036916118792,3.1629903603772303e-09,0,0,1,0,0,1,0
711,0.7193515704081119,2,710,1.02985,37.586200760829456,3.8257,-0.05865,0.015811093,-0.0001058606060605,1.3358999999997512e-05,1.319299999999815e-05,0.9714832842804316,3.932918943962325e-09,0,0,1,0,0,1,0
348,0.4002306805028808,1,347,0.896314,34.03493465930351,3.8535,-0.0186,0.100737,-0.0028482969696969,0.0008379999999999,0.0539249999999999,0.8261514369169539,3.144446448073661e-09,1,0,0,1,0,0,0
789,0.6692176870691393,2,787,1.05559,31.596804143135348,3.8257,-0.05865,0.017294176,-0.0001977212121211,1.434200000000052e-05,0.000255345,0.9816693186372932,2.68856290177917e-09,0,0,1,0,0,1,0
73,0.1484536082443617,0,72,1.073481,33.56543387871076,3.8257,-0.05865,0.01711417,-4.345454545454136e-05,-1.0728999999997518e-05,-0.0004455859999999,1.007855497158051,3.0516110293164723e-09,0,0,1,0,0,1,0
149,0.1127189642032542,0,148,1.064681,35.449860802566434,3.8257,-0.05865,0.015468378,-4.089090909091171e-05,-1.6783000000001116e-05,-0.000100295,0.999411437818922,3.439757659691111e-09,0,0,1,0,0,1,0
2229,0.996422182464238,2,2228,0.975015,36.90721760259699,3.8257,-0.05865,0.015595034,-0.0001208303030303,-5.068999999999907e-05,-2.969999999999709e-06,0.9099023853074022,3.7697154044698246e-09,0,0,1,0,0,1,0
8,0.0069513406156211,0,7,1.069987,32.07064437622003,3.8257,-0.05865,0.015268068,0.000464869047619,-1.828400000000036e-05,-0.000166774,1.0032009060795652,2.7722057215890076e-09,0,0,1,0,0,1,0
623,0.3391494002162533,1,622,1.053884,34.104718103934765,3.8257,-0.05865,0.015487188,-0.0001099818181817,2.7619999999999034e-06,-7.79889999999988e-05,0.9881993756968088,3.158459218605248e-09,0,0,1,0,0,1,0
421,0.3986679352959213,1,419,1.074877,34.51530444000005,3.8257,-0.05865,0.016844027,-2.450909090906052e-05,4.44090000000022e-05,-0.0001341999999999,0.9925233662119312,3.2420478249796163e-09,0,0,1,0,0,1,0
590,0.6395222584078227,1,589,1.027743,37.58357604570141,3.8257,-0.05865,0.015262621,-0.0001123999999999,7.972000000000187e-06,-2.051699999999941e-05,0.9719749644402748,3.932276046633578e-09,0,0,1,0,0,1,0
324,0.2902066486946073,0,323,1.055088,37.63252467640732,3.8257,-0.05865,0.014990425,-3.939393939393973e-05,-5.620000000008257e-07,4.185299999999968e-05,0.993235266983848,3.9442810379671714e-09,0,0,1,0,0,1,0
421,0.7058823529293129,2,420,0.990994,34.97688088832485,3.8257,-0.05865,0.0184016,-0.0004492424242424,-7.922800000000063e-05,1.469600000000154e-05,0.9304208137616738,3.338383883921356e-09,0,0,1,0,0,1,0
259,0.5098814229148245,1,258,1.050455,32.60101352782196,3.8257,-0.05865,0.016974494,-6.649090909089782e-05,1.6730000000006462e-06,-0.000254335,0.9870841947002442,2.868594139012392e-09,0,0,1,0,0,1,0
331,0.4191082802494381,1,329,1.069874,33.377686920754726,3.8257,-0.05865,0.016731491,-0.0001209999999999,7.1090000000016695e-06,0.000281764,0.98595448408694,3.015181673207662e-09,0,0,1,0,0,1,0
568,0.3268011527358686,0,567,1.044322,34.03493465930351,3.8274,-0.081,0.081461,-0.0005243515151514,-0.0009479999999999,0.045271,0.8256280032445714,3.144446448073661e-09,1,0,0,0,1,0,0
128,0.3907692307572071,1,127,1.024124,30.120335113490352,3.8257,-0.05865,0.017776702,-0.0005324787878787,0.0001549929999999,0.0002346009999999,0.9588664275408524,2.4422768575137172e-09,0,0,1,0,0,1,0
74,0.1046511627891765,0,72,1.06714,32.34379716003869,3.8257,-0.05865,0.01592388,-8.7630303030306e-05,-7.200999999998348e-06,-0.0039622519999999,1.0009097986249846,2.821478383079082e-09,0,0,1,0,0,1,0
411,0.4874851013052743,1,409,1.065174,35.93304526553669,3.8257,-0.05865,0.016297728,-0.0001940666666666,-2.610999999999586e-06,0.000123127,0.9871441995985344,3.546162670847838e-09,0,0,1,0,0,1,0
100,0.2209821428522102,0,99,1.07952,32.631276613457494,3.8257,-0.05865,0.017999796,-1.320606060609174e-05,7.384799999999789e-05,7.352399999999842e-05,1.01048375018721,2.874183810537242e-09,0,0,1,0,0,1,0
568,0.5420650095550472,1,567,1.050363,32.93044583531805,3.8257,-0.05865,0.015175725,-7.835151515148825e-05,-1.25000000000125e-07,-0.000121781,0.9800530165403768,2.9299699049436933e-09,0,0,1,0,0,1,0
282,0.3602564102517915,1,281,0.969656,34.03493465930351,3.8344,-0.0406,0.17857,-0.0095168666666666,-0.0017569999999999,0.114557,0.8895420627450548,3.144446448073661e-09,1,0,0,1,0,0,0
385,0.2995319812769147,0,384,1.049413,34.02256630378352,3.8257,-0.05865,0.01536498,-5.1509090909024006e-05,-2.1234000000000183e-05,-0.0002434929999999,0.9905589405473776,3.141968668643107e-09,0,0,1,0,0,1,0
138,0.0805882352936436,0,137,0.382171,34.03493465930351,3.7353,-0.0318,0.123402,0.0022857878787878,-0.0003169999999999,0.068612,0.3001933102554979,3.144446448073661e-09,1,0,0,0,1,0,0
76,0.0719769673697507,0,75,0.990716,34.03493465930351,3.8685,-0.0181,0.08898,-0.0001867212121211,-0.0015949999999999,0.058478,0.9786792242213022,3.144446448073661e-09,1,0,0,1,0,0,0
792,0.8014184397081923,2,791,1.017484,37.57865897894439,3.8257,-0.05865,0.015844364,-0.0001848424242423,5.851000000001161e-06,4.646399999999953e-05,0.9598181269338164,3.931071914656004e-09,0,0,1,0,0,1,0
1897,0.9808587687481592,2,1896,0.898899,36.90197221415632,3.8257,-0.05865,0.016502935,-0.0004923878787878,6.713300000000047e-05,0.000493131,0.8407525534064124,3.7684786069474624e-09,0,0,1,0,0,1,0
119,0.0955882352933367,0,117,1.082152,31.42859083211013,3.8257,-0.05865,0.016756818,-3.245454545458488e-05,8.437999999999501e-06,-3.061000000000036e-05,1.0034634097941706,2.659419684086803e-09,0,0,1,0,0,1,0
48,0.0957230142546695,0,47,1.083448,32.82754050081695,3.8257,-0.05865,0.017351368,-3.32909090909316e-05,8.803599999999967e-05,-5.030300000000154e-05,1.008229070216498,2.9106723729324382e-09,0,0,1,0,0,1,0
18,0.0152671755723734,0,16,1.083061,32.94486088447657,3.8257,-0.05865,0.016676128,3.9399999999976326e-05,2.879299999999918e-05,-0.000180745,1.0037999519908505,2.932682272810986e-09,0,0,1,0,0,1,0
450,0.3924825174790867,1,449,1.050879,37.0544460107432,3.8257,-0.05865,0.015001437,-5.980606060604957e-05,5.043999999999188e-06,-0.000132342,0.9844604095489604,3.804578893673686e-09,0,0,1,0,0,1,0
770,0.9309927360662108,2,769,0.958381,35.09889342463456,3.8257,-0.05865,0.015510496,-0.0010074,1.4890999999999516e-05,2.515299999999998e-05,0.9010210960070926,3.3642748512979807e-09,0,0,1,0,0,1,0
197,0.4170212765868719,1,196,1.042422,33.78600590540542,3.8257,-0.05865,0.016441463,-0.0002838969696969,-3.705700000000006e-05,-0.0005887949999999,0.974941428992298,3.094914173983293e-09,0,0,1,0,0,1,0
811,0.7493061979579159,2,810,0.332552,34.03493465930351,3.8325,-0.1056,0.123182,-0.0037134848484848,0.0003259999999999,0.091267,0.3292561459787527,3.144446448073661e-09,1,0,0,1,0,0,0
492,0.9042357274234948,2,491,0.927861,35.4482678270462,3.8257,-0.05865,0.019337632,-0.0017005999999999,-7.491700000000073e-05,0.001672929,0.8661786835845753,3.4394116518994142e-09,0,0,1,0,0,1,0
175,0.189277899341474,0,173,1.078923,33.46660589604419,3.8257,-0.05865,0.016618397,-4.4957575757560894e-05,-2.572699999999969e-05,-7.938999999998475e-06,0.9995080846427918,3.032386037336079e-09,0,0,1,0,0,1,0
278,0.3398773006093266,1,277,1.059328,35.37371643184911,3.8257,-0.05865,0.015414955,-5.877575757570617e-05,7.768999999999485e-06,-0.0002104359999999,0.99250743681634,3.423253349829305e-09,0,0,1,0,0,1,0
220,0.2414174972287772,0,218,1.077735,33.349909116696665,3.8257,-0.05865,0.016754705,3.454545454900344e-07,0.00010696,0.000161808,1.0022868547238106,3.009825121924507e-09,0,0,1,0,0,1,0
751,0.4573170731679432,1,750,1.045389,34.54912725099294,3.8257,-0.05865,0.016075704,-6.0290909090919656e-05,6.337999999998095e-06,-0.0003537719999999,0.9809291995124392,3.2490213275961304e-09,0,0,1,0,0,1,0
332,0.5383360521935019,1,330,1.065265,32.98921851645572,3.8257,-0.05865,0.017937258,-0.0001747757575757,8.90400000000055e-06,0.00050086,0.9820210404436708,2.941042857692018e-09,0,0,1,0,0,1,0
704,0.8013698630045506,2,702,1.047072,32.70410028770949,3.8257,-0.05865,0.017475698,-0.0002936848484848,-2.5689999999974067e-06,0.000668477,0.9606385467556596,2.8876746561273673e-09,0,0,1,0,0,1,0
327,0.4019728729913444,1,326,1.056497,34.09064549142108,3.8257,-0.05865,0.015291176,-6.284848484844396e-05,-5.543999999999688e-06,-0.0001502929999999,0.9931564604235664,3.155628881942747e-09,0,0,1,0,0,1,0
291,0.643015521050044,1,290,1.043332,33.71595386367035,3.8257,-0.05865,0.017786387,-0.0003038242424241,6.368699999999977e-05,-0.000144741,0.9798035006263864,3.081102003105179e-09,0,0,1,0,0,1,0
132,0.2695473250973344,0,131,1.073046,32.40527175890638,3.8257,-0.05865,0.017901152,-6.84060606061014e-05,-1.845899999999845e-05,-7.013000000000158e-06,1.0065143921635942,2.8326753542382753e-09,0,0,1,0,0,1,0
219,0.2413793103421426,0,217,1.078005,33.66004533333341,3.8257,-0.05865,0.016672216,-7.426666666666332e-05,6.115000000000981e-06,0.000120338,1.0004073996395582,3.0701182541192846e-09,0,0,1,0,0,1,0
142,0.2889344262235874,0,141,1.023545,32.45032950387607,3.8257,-0.05865,0.01696643,-0.0002167212121211,0.0001737969999999,-0.0008976929999999,0.97906977633998,2.8409074978538703e-09,0,0,1,0,0,1,0
962,0.9968847351921404,2,960,0.883485,32.81371858816574,3.8257,-0.05865,0.020664904,-0.0010036121212121,0.000544799,0.003908436,0.8155474507132354,2.908089106627458e-09,0,0,1,0,0,1,0
440,0.4319526627176336,1,438,1.062244,35.47333145933007,3.8257,-0.05865,0.016663857,-6.637575757576686e-05,-6.545000000000162e-06,-2.3973999999999523e-05,0.9885606438499966,3.4448593072589287e-09,0,0,1,0,0,1,0
516,0.9449541284230284,2,515,0.886639,34.691446223920394,3.8257,-0.05865,0.021000814,-0.0018050848484848,0.0004211969999999,0.0032894759999999,0.8240989544460441,3.2785120615627263e-09,0,0,1,0,0,1,0
367,0.7233201580884719,2,366,1.01833,33.08277064439654,3.8257,-0.05865,0.017498901,-0.0005424484848484,-4.6399999999998526e-05,0.0002700719999999,0.9568971997744784,2.9587459113380797e-09,0,0,1,0,0,1,0
423,0.774311926591297,2,422,1.02371,33.87035256451614,3.8257,-0.05865,0.018384453,-0.0007906606060606,-1.2897000000001296e-05,0.0006731149999999,0.9515015024784154,3.1116185736706174e-09,0,0,1,0,0,1,0
738,0.626916524696534,1,736,1.065387,33.34525412839058,3.8257,-0.05865,0.016702574,4.9654545454577e-05,-5.359199999999814e-05,-0.0001654059999999,0.9865406946057216,3.0089283107159513e-09,0,0,1,0,0,1,0
55,0.046712802767762,0,54,1.063505,35.946616717732375,3.8257,-0.05865,0.015264119,-2.863636363633309e-05,2.992800000000025e-05,-0.000204591,1.003088006292968,3.549193497168732e-09,0,0,1,0,0,1,0
326,0.4916792738200956,1,325,0.967495,31.55233156829524,3.8257,-0.05865,0.017851386,-0.0002458909090908,0.000331035,0.000751925,0.9467377742985053,2.6808301828488933e-09,0,0,1,0,0,1,0
478,0.5112540192871248,1,477,1.055486,33.59432983237221,3.8257,-0.05865,0.015553235,-6.215151515147391e-05,-3.7619999999991688e-06,-0.000207757,0.9887678973578796,3.0572527965966903e-09,0,0,1,0,0,1,0
577,0.4889455782271348,1,575,1.065668,31.602631902104346,3.8257,-0.05865,0.01714766,-1.1654545454533797e-05,-7.589200000000101e-05,0.0001088289999999,0.9910415781255668,2.689577693911094e-09,0,0,1,0,0,1,0
576,0.7055214723839813,2,575,1.025974,36.072600615030495,3.8257,-0.05865,0.01544563,-0.0002085696969696,-6.969999999991566e-07,-0.0001797609999999,0.9612573489799264,3.5774398049216754e-09,0,0,1,0,0,1,0
54,0.0311764705880519,0,53,0.775058,34.03493465930351,3.7802,-0.0879,0.115884,-0.0010886484848484,-0.0012049999999999,0.061094,0.6088039821441336,3.144446448073661e-09,1,0,0,0,1,0,0
412,0.8598326359652755,2,411,0.967067,34.553258637540374,3.8257,-0.05865,0.019049726,-0.0016465151515151,2.811999999997872e-06,0.0012513819999999,0.906786550483508,3.2498740486825835e-09,0,0,1,0,0,1,0
343,0.3913043478216098,1,342,1.057537,34.60639118774945,3.8257,-0.05865,0.015197506,-8.289696969695141e-05,-2.890000000000184e-06,-0.000245961,0.990423895961834,3.260858564569923e-09,0,0,1,0,0,1,0
319,0.2695578231269596,0,317,1.074572,31.12619287064213,3.8257,-0.05865,0.017122893,-9.103030303004008e-06,9.410500000000058e-05,8.406199999999933e-05,0.9993220502910348,2.6077418618676187e-09,0,0,1,0,0,1,0
985,0.9019248395884334,2,984,0.950063,37.705196425855874,3.8257,-0.05865,0.015892874,-0.0006298545454545,4.5177999999999885e-05,0.000389667,0.8940801701462899,3.962164905608191e-09,0,0,1,0,0,1,0
103,0.1164936562847001,0,101,1.095543,31.96342378171648,3.8257,-0.05865,0.016266966,-5.12606060605989e-05,-7.151000000000379e-06,-4.420499999999855e-05,1.0015349257311694,2.753077008642222e-09,0,0,1,0,0,1,0
551,0.6993630573159316,2,549,1.027833,33.722312130797775,3.8257,-0.05865,0.016672786,-0.0001742909090909,2.053200000000019e-05,9.770799999999843e-05,0.9753781390595182,3.0823533755740903e-09,0,0,1,0,0,1,0
1480,0.754977029092624,2,1479,0.660511,34.03493465930351,3.8127,-0.1082,0.090657,-0.0007195515151515,-0.0002179999999999,0.054501,0.5331250373302382,3.144446448073661e-09,1,0,0,0,1,0,0
474,0.6733238231002379,2,472,1.049032,34.27705371617777,3.8257,-0.05865,0.016867314,-0.0001914484848485,-1.3901999999999665e-05,0.00038663,0.9732796947947362,3.1933053372450823e-09,0,0,1,0,0,1,0
177,0.2085816448127701,0,175,1.078261,34.587173172862414,3.8257,-0.05865,0.016206345,-2.0242424242566592e-06,5.965000000000137e-06,3.1744000000000216e-05,0.9992725055280312,3.256881629832125e-09,0,0,1,0,0,1,0
157,0.1964735516348051,0,156,1.059471,34.691664261620105,3.8257,-0.05865,0.015264004,-6.084848484845936e-05,5.680999999998701e-06,-0.0002897999999999,1.0012417817015813,3.2785574261409206e-09,0,0,1,0,0,1,0
423,0.4740990990937601,1,421,1.069718,36.61584987090743,3.8257,-0.05865,0.016205251,7.939393939472667e-07,-1.914800000000008e-05,-0.000527743,0.991118350344296,3.701563349904111e-09,0,0,1,0,0,1,0
625,0.5965583173939144,1,624,1.046162,33.5576071974491,3.8257,-0.05865,0.015065483,-7.489696969697984e-05,3.3379999999985643e-06,-0.000232023,0.9761332262179016,3.050084525185913e-09,0,0,1,0,0,1,0
189,0.3828920570186783,1,188,1.075669,33.915344255319205,3.8257,-0.05865,0.017347386,-7.680606060607883e-05,-3.196100000000049e-05,-5.428500000000114e-05,1.0009901312575318,3.1205620026574493e-09,0,0,1,0,0,1,0
376,0.7637474541595978,2,375,1.015639,34.519780032476355,3.8257,-0.05865,0.018013751,-0.000761812121212,-0.0001268499999999,0.00061208,0.9451277446131368,3.242969819454002e-09,0,0,1,0,0,1,0
6,0.0051282051281525,0,5,1.041629,34.03493465930351,3.8573,-0.0173,0.088108,-0.0016176857142856,-0.0005489999999999,0.057663,0.9954177274221538,3.144446448073661e-09,1,0,0,1,0,0,0
196,0.2231121281439003,0,195,1.065466,33.91396262870538,3.8257,-0.05865,0.015307005,-8.010909090905306e-05,-1.1591000000000032e-05,-0.000136462,0.9978497080810144,3.120287020382536e-09,0,0,1,0,0,1,0
527,0.3215158924185726,0,526,1.047007,36.076014148838624,3.8257,-0.05865,0.015316788,-1.0981818181779848e-05,-8.060000000000705e-06,-0.000150798,0.987228349010704,3.578207936991524e-09,0,0,1,0,0,1,0
817,0.9335624283970956,2,815,0.940912,32.06082853187042,3.8257,-0.05865,0.018076949,-0.0007758606060606,-1.2548000000001114e-05,0.0011246949999999,0.8595637465867743,2.7704495713614074e-09,0,0,1,0,0,1,0
371,0.3391384051297971,1,370,1.050067,37.03845252052833,3.8257,-0.05865,0.015347655,7.848484848484661e-05,-1.948199999999949e-05,-0.0001555519999999,0.9881913957548124,3.80077770751476e-09,0,0,1,0,0,1,0
578,0.6264929424470522,1,577,1.029074,37.75157040361393,3.8257,-0.05865,0.015192996,-8.298787878783917e-05,-1.6841999999999552e-05,-9.014199999999964e-05,0.9732337408830916,3.973615093377057e-09,0,0,1,0,0,1,0
880,0.8969387755010516,2,879,0.917124,31.71421817041801,3.8257,-0.05865,0.017605191,-0.0003388484848484,0.000296766,0.0003697439999999,0.895155103451103,2.7090748069202926e-09,0,0,1,0,0,1,0
373,0.708571428557932,2,372,1.036426,34.19794728075973,3.8257,-0.05865,0.017781261,-0.0004180848484848,3.007399999999799e-05,1.2399999999995748e-06,0.9732156439269448,3.1772674568936833e-09,0,0,1,0,0,1,0
692,0.5867346938725618,1,690,1.061161,31.55720725269781,3.8257,-0.05865,0.017213112,2.848484848483496e-06,-1.052699999999976e-05,0.0001742809999999,0.9868501935737064,2.681676971349733e-09,0,0,1,0,0,1,0
1230,0.8854466858725834,2,1229,0.967541,37.94382887380663,3.8257,-0.05865,0.014674618,-0.0003021636363636,-3.111000000000086e-06,-0.0002970899999999,0.9223996819643469,4.021402715662458e-09,0,0,1,0,0,1,0
232,0.1173184357535941,0,231,1.158957,34.03493465930351,3.8271,-0.0701,0.084034,0.0008734909090908,-0.000169,0.046456,0.9460919808586818,3.144446448073661e-09,1,0,0,0,1,0,0
397,0.4882860665784428,1,396,1.052552,34.58468069348489,3.8257,-0.05865,0.015246179,-5.325454545453969e-05,-5.290999999999282e-06,-0.0001952899999999,0.9894479764085894,3.2563661605861438e-09,0,0,1,0,0,1,0
150,0.2379421221826697,0,148,1.082512,33.64426930547818,3.8257,-0.05865,0.016957618,-5.116969696968567e-05,9.652000000002351e-06,0.0002140189999999,1.0006794376290122,3.067025274356469e-09,0,0,1,0,0,1,0
718,0.7082096933658931,2,716,1.038422,32.62654855033556,3.8257,-0.05865,0.017512904,-0.0001544484848484,2.2550999999999127e-05,0.000575089,0.9621316917648868,2.8733098804513922e-09,0,0,1,0,0,1,0
231,0.4312617702366993,1,229,1.027511,33.20571595210162,3.8257,-0.05865,0.015348668,-0.0001635818181817,1.5135999999998928e-05,-0.000392069,0.9579361009854284,2.9821566153580835e-09,0,0,1,0,0,1,0
544,0.6662576687034815,2,543,1.031916,35.570749481989004,3.8257,-0.05865,0.015490675,-0.000176109090909,3.940000000007826e-07,-0.0001347159999999,0.9668245379804652,3.466107017356074e-09,0,0,1,0,0,1,0
606,0.5144804088542209,1,604,1.068952,31.47463982666662,3.8257,-0.05865,0.017099483,-5.3115151515150045e-05,-2.3390000000005078e-06,0.0002315029999999,0.989841858949072,2.667369387320964e-09,0,0,1,0,0,1,0
88,0.1676300578002383,0,87,1.073955,33.6756718177569,3.8257,-0.05865,0.01655243,-0.0001510606060605,-2.8099999999989245e-06,-0.000712199,0.9980094731237054,3.073184675951553e-09,0,0,1,0,0,1,0
409,0.4851013110788426,1,407,1.06529,35.86234585902258,3.8257,-0.05865,0.016287161,-0.0001967393939393,-3.929999999999212e-06,0.00011256,0.9872517019663668,3.530411346320922e-09,0,0,1,0,0,1,0
41,0.0770712909426383,0,40,1.081238,33.41469654704946,3.8257,-0.05865,0.016502064,-6.539999999999952e-05,-2.389699999999842e-05,-0.0007625649999999,1.004777450359958,3.022331750653205e-09,0,0,1,0,0,1,0
537,0.7095490716086267,2,535,1.046782,34.7783860660465,3.8257,-0.05865,0.017090196,-0.000286503030303,-1.9029000000000268e-05,0.0004983679999999,0.958160753727033,3.296645371060365e-09,0,0,1,0,0,1,0
926,0.5043620501608268,1,925,1.041965,33.051243249662576,3.8257,-0.05865,0.015760638,-3.775757575760966e-05,-2.197999999998396e-06,0.000195461,0.9770232421195554,2.952769257264407e-09,0,0,1,0,0,1,0
2,0.001996007983992,0,1,1.074817,31.90025140371613,3.8257,-0.05865,0.018226312,-9.664545454543671e-05,-0.0001111129999999,-0.0001111129999999,1.0033419308705729,2.7418623305829313e-09,0,0,1,0,0,1,0
163,0.1369047619035977,0,161,1.07918,31.21388493634685,3.8257,-0.05865,0.017017014,-5.836363636318308e-06,-1.4857000000000065e-05,-2.1817000000000364e-05,1.0036073620316543,2.6226341329477363e-09,0,0,1,0,0,1,0
504,0.949056603755678,2,503,0.875703,34.17537047682999,3.8257,-0.05865,0.020596201,-0.0016777454545454,-0.0002118719999999,0.002922228,0.8118298509842603,3.172703564589223e-09,0,0,1,0,0,1,0
802,0.9132420091219948,2,800,1.0102,32.5987334159545,3.8257,-0.05865,0.017780958,-0.0005192303030303,-9.617999999999433e-06,0.0009737369999999,0.9268102479414666,2.868173392211775e-09,0,0,1,0,0,1,0
1688,0.8611536498169415,2,1687,0.48031,34.03493465930351,3.8094,-0.1068,0.097521,0.0084343757575757,-0.000476,0.0613649999999999,0.3876775506843742,3.144446448073661e-09,1,0,0,0,1,0,0
557,0.6615017878347854,2,555,1.049328,34.85960233805476,3.8257,-0.05865,0.016789183,-0.0001605272727272,-2.461100000000077e-05,0.0006145819999999,0.9724590054548186,3.3136661733015234e-09,0,0,1,0,0,1,0
639,0.6300692383716116,1,637,1.050333,32.672749934570355,3.8257,-0.05865,0.017383311,-0.0001892181818181,-1.444300000000287e-05,0.000445496,0.9731676199141476,2.881859934022299e-09,0,0,1,0,0,1,0
289,0.4815436241529942,1,287,1.072791,33.9414974962686,3.8257,-0.05865,0.017119952,-0.0001175212121211,-6.662600000000019e-05,0.000434248,0.9896997664111828,3.125771333774098e-09,0,0,1,0,0,1,0
694,0.742765273303936,2,693,1.033281,33.48931944085273,3.8257,-0.05865,0.015659787,-0.0001869575757575,-8.619999999973094e-07,-0.000101205,0.967966492923494,3.036794847479555e-09,0,0,1,0,0,1,0
40,0.4814814814220393,1,39,1.0317876798810788,11.448023523006356,3.3837488836711063,-1.6355169727932202,0.016776592,-0.0069678988730501,1.2765000000003121e-06,3.811000000000092e-05,1.2913491208672991,6.648950537466025e-10,0,1,0,0,0,0,1
573,0.7018404907889345,2,572,1.026567,36.01858619298191,3.8257,-0.05865,0.01545567,-0.0002136909090908,-4.493000000001246e-06,-0.0001697209999999,0.961812943573888,3.565304859111123e-09,0,0,1,0,0,1,0
201,0.4098360655653722,1,200,1.011517,32.67365012363391,3.8257,-0.05865,0.017070172,-0.0002111939393939,-7.67319999999995e-05,-0.0007939509999999,0.9675644187154328,2.882026750250877e-09,0,0,1,0,0,1,0
723,0.9184713375679175,2,721,0.938436,33.61856456059115,3.8257,-0.05865,0.017626358,-0.0007605212121211,4.540200000000341e-05,0.00105128,0.89054346309805,3.061991706632281e-09,0,0,1,0,0,1,0
358,0.4380368098105762,1,357,1.05329,35.53296324691111,3.8257,-0.05865,0.015398873,-8.407272727268769e-05,-8.552000000000212e-06,-0.0002265179999999,0.9868503033284144,3.457851593284738e-09,0,0,1,0,0,1,0
381,0.4051172707845936,1,380,1.064218,34.70745734443261,3.8257,-0.05865,0.015551382,-3.35393939393481e-05,-9.320999999999637e-06,-0.0001930099999999,0.9958648259418306,3.2818448087725364e-09,0,0,1,0,0,1,0
562,0.3299999999980588,0,561,1.160565,34.03493465930351,3.8245,-0.0402,0.099358,-0.0007272363636363,0.0003559999999999,0.044568,0.9116177028520528,3.144446448073661e-09,1,0,0,0,1,0,0
436,0.8950617283766448,2,435,0.925783,29.5326074332604,3.8257,-0.05865,0.019611891,-0.0017001212121211,-7.805599999999996e-05,0.0018623639999999,0.8700240299448636,2.350024139707103e-09,0,0,1,0,0,1,0
151,0.3348214285639548,1,150,1.077124,32.55473080078125,3.8257,-0.05865,0.018238133,-6.667878787874411e-05,8.609000000000047e-05,0.000311861,1.008240976486446,2.860064483613551e-09,0,0,1,0,0,1,0
44,0.0586592178762757,0,42,1.06831,33.031112579566035,3.8257,-0.05865,0.016788829,1.813939393939842e-05,-5.753999999996706e-06,-0.0003792179999999,1.0067720643393234,2.948958756929968e-09,0,0,1,0,0,1,0
851,0.7927170868273323,2,849,1.02122,32.999503390735136,3.8257,-0.05865,0.01625824,-0.0001682363636363,8.55309999999998e-05,-0.000179339,0.9489772117974924,2.942984419000857e-09,0,0,1,0,0,1,0
778,0.6609880749517804,2,776,1.062809,31.687266438243427,3.8257,-0.05865,0.01711797,-7.825454545457605e-05,-6.042000000001241e-06,0.0002499899999999,0.9841534851591132,2.704354019122737e-09,0,0,1,0,0,1,0
284,0.329054842469906,0,282,1.071766,34.63420256860899,3.8257,-0.05865,0.016955428,-4.9660606060591865e-05,-4.824199999999696e-05,0.000213351,0.9944495373686614,3.266621510925733e-09,0,0,1,0,0,1,0
139,0.2202572347231469,0,137,1.082947,33.75133462214094,3.8257,-0.05865,0.016958181,-6.043030303026676e-05,1.1809999999994047e-06,0.0002145819999999,1.0010815537767952,3.0880710985886314e-09,0,0,1,0,0,1,0
151,0.1142421934492441,0,150,1.064668,35.55369053966007,3.8257,-0.05865,0.015433131,-2.946666666667289e-05,-2.857399999999996e-05,-0.000135542,0.999399234775295,3.4623778430912104e-09,0,0,1,0,0,1,0
807,0.6582174979504644,1,805,1.054453,30.3711179661654,3.8257,-0.05865,0.016669067,-6.403636363636266e-05,3.503999999997925e-06,0.000299363,0.9765958491205616,2.4826224991359075e-09,0,0,1,0,0,1,0
1386,0.7034027425053154,2,1385,0.794523,34.03493465930351,3.8141,-0.1063,0.089033,0.001283496969697,0.000488,0.051455,0.648593380865539,3.144446448073661e-09,1,0,0,0,1,0,0
318,0.3441910966303562,1,317,1.047028,37.332250590477216,3.8257,-0.05865,0.015129141,-4.401212121208826e-05,3.4800000000070885e-07,-0.0001539969999999,0.9902135096692188,3.871151168426495e-09,0,0,1,0,0,1,0
243,0.2593783494077237,0,242,1.066009,33.17196135996342,3.8257,-0.05865,0.015529898,-5.200606060607409e-05,1.689000000000898e-06,-0.000231094,0.99862573022719,2.9757127043343804e-09,0,0,1,0,0,1,0
522,0.4775435380341197,1,521,1.042865,36.71006543653144,3.8257,-0.05865,0.015518603,-8.703030303027902e-05,6.148900000000138e-05,1.5396000000000853e-05,0.981413776391261,3.7234788389904805e-09,0,0,1,0,0,1,0
2,0.0,0,0,1.074819,32.83489670502272,3.8257,-0.05865,0.016607935,-9.664545454543671e-05,1.2765000000003121e-06,0.0,1.0,2.9120480615886166e-09,0,0,1,0,0,1,0
1109,0.5627221940042524,1,1108,0.872246,34.03493465930351,3.8242,-0.0818,0.082112,-0.001640606060606,-0.0005889999999999,0.044534,0.7120410385683522,3.144446448073661e-09,1,0,0,0,1,0,0
533,0.3129411764687474,0,532,1.177298,34.03493465930351,3.8242,-0.04,0.098496,0.0011489151515151,0.000364,0.043706,0.9247613863353764,3.144446448073661e-09,1,0,0,0,1,0,0
924,0.8292902066412463,2,923,1.002088,38.000407425865006,3.8257,-0.05865,0.015214581,-0.0002885757575757,-4.731000000000873e-06,0.0002660089999999,0.9433423015154284,4.035563625231281e-09,0,0,1,0,0,1,0
103,0.0860306643944971,0,101,1.084972,31.39841756250004,3.8257,-0.05865,0.01685039,-3.332727272727576e-05,-1.0297999999998864e-05,-1.7590000000001355e-05,1.0046762636560789,2.6542222524108843e-09,0,0,1,0,0,1,0
174,0.2014051522224659,0,172,1.074833,32.28930038090738,3.8257,-0.05865,0.01688442,-1.9757575757581257e-05,2.7213000000001625e-05,0.0001057809999999,1.002594090585158,2.811585616773709e-09,0,0,1,0,0,1,0
617,0.2754919499093225,0,616,1.056037,38.01212864242283,3.8257,-0.05865,0.015152344,3.3939393939499643e-06,3.871899999999956e-05,-0.00044566,0.985513643659711,4.038502884348469e-09,0,0,1,0,0,1,0
144,0.1921515561543687,0,142,1.077766,32.91814504182512,3.8257,-0.05865,0.016990723,-5.0042424242388926e-05,7.880999999997779e-06,8.222999999998176e-06,1.001067231893979,2.927657142141561e-09,0,0,1,0,0,1,0
217,0.1811288963758961,0,215,1.072529,31.499570518942665,3.8257,-0.05865,0.016773481,-6.287272727266812e-05,1.587499999999853e-05,3.112699999999885e-05,1.0017185195701086,2.6716822214163884e-09,0,0,1,0,0,1,0
93,0.4444444444229737,1,92,0.929391,29.65165283706717,3.8257,-0.05865,0.01713199,-0.0004087818181818,-0.000148581,0.0004204639999999,0.956100627119202,2.3684529183086102e-09,0,0,1,0,0,1,0
1051,0.8837405223177445,2,1049,1.036768,31.98479275820048,3.8257,-0.05865,0.017053671,-1.8442424242401572e-05,-3.990000000016203e-07,0.0003113169999999,0.9683185313382316,2.756879855124757e-09,0,0,1,0,0,1,0
1367,0.8035294117599793,2,1366,0.991011,34.03493465930351,3.8092,-0.0502,0.10008,0.0027165454545455,0.000588,0.04529,0.778433927717203,3.144446448073661e-09,1,0,0,0,1,0,0
567,0.4414976599029525,1,566,1.040636,34.07940252050444,3.8257,-0.05865,0.015441742,-4.241818181821493e-05,-2.036099999999999e-05,-0.0001667309999999,0.9822741796179968,3.153369290020106e-09,0,0,1,0,0,1,0
543,0.5226615236208038,1,542,1.056724,33.95306775522911,3.8257,-0.05865,0.016058968,-5.805454545452334e-05,3.2420000000005222e-06,0.0001215559999999,0.9891011336917616,3.128078445072833e-09,0,0,1,0,0,1,0
194,0.2742857142817959,0,192,1.071015,33.038992994397795,3.8257,-0.05865,0.017102953,-2.7430303030271283e-05,-1.4849999999989871e-06,4.3913999999999065e-05,1.0002512267148325,2.9504499008735042e-09,0,0,1,0,0,1,0
1070,0.9271465741463388,2,1069,0.933253,36.85990114154203,3.8257,-0.05865,0.016286477,-0.0005938909090909,8.81700000000124e-06,0.000681751,0.8716890865717813,3.758571927940793e-09,0,0,1,0,0,1,0
102,0.1245376078899563,0,101,1.066389,33.01911670094174,3.8257,-0.05865,0.015339265,-4.305454545448747e-05,1.3856999999999065e-05,-0.0001022039999999,1.0024554018370393,2.946690178142923e-09,0,0,1,0,0,1,0
307,0.1554088369722935,0,306,1.132139,34.03493465930351,3.826,-0.0695,0.083092,-0.0005231030303029,-0.0030489999999999,0.045514,0.9241996287328756,3.144446448073661e-09,1,0,0,0,1,0,0
782,0.5948210205590646,1,781,1.034266,37.12775977091376,3.8257,-0.05865,0.015593201,-6.446060606056282e-05,5.5769999999996656e-06,2.452799999999936e-05,0.9708610092104818,3.822047107848902e-09,0,0,1,0,0,1,0
90,0.0870425321455287,0,88,1.081883,32.00044867532467,3.8257,-0.05865,0.016918624,-9.63636363659524e-07,1.0301000000000754e-05,-1.9190999999998265e-05,1.0023997190753575,2.759668994327916e-09,0,0,1,0,0,1,0
203,0.1164265129676286,0,202,1.180663,34.03493465930351,3.8273,-0.0669,0.086682,0.0011010121212121,0.0004369999999999,0.0504919999999999,0.9334175045577374,3.144446448073661e-09,1,0,0,0,1,0,0
934,0.5186214563617643,1,933,1.040724,33.21696103846066,3.8257,-0.05865,0.015826993,-0.0001082787878787,4.018000000001465e-06,4.888400000000251e-05,0.9737294653265992,2.98430613680193e-09,0,0,1,0,0,1,0
537,0.4648742411061156,1,536,1.049117,36.20944063575185,3.8257,-0.05865,0.015661377,-8.646666666669802e-05,1.6430000000001305e-05,5.665100000000131e-05,0.979909884497481,3.6083484705306763e-09,0,0,1,0,0,1,0
273,0.537549407104001,1,272,1.048201,32.77298212074567,3.8257,-0.05865,0.016973419,-0.0001627757575757,6.780000000001368e-06,-0.00025541,0.9849661717722232,2.9004875803950103e-09,0,0,1,0,0,1,0
837,0.8574358974271032,2,836,1.048652,34.03493465930351,3.858,-0.008,0.085681,0.0006273212121212,0.0003519999999999,0.0552359999999999,1.0021291560591117,3.144446448073661e-09,1,0,0,1,0,0,0
1194,0.932759968718274,2,1193,1.260418,34.03493465930351,3.8199,-0.0633,0.091436,-0.000967509090909,0.000946,0.053138,1.0093405106209872,3.144446448073661e-09,1,0,0,0,1,0,0
687,0.8639798488556174,2,686,0.980067,36.41335830119543,3.8257,-0.05865,0.015697373,-0.0005472181818181,3.322799999999973e-05,0.000143569,0.9262018774151662,3.6548528725506398e-09,0,0,1,0,0,1,0
1421,0.7346094154126508,2,1420,1.015511,37.238789418938445,3.8257,-0.05865,0.015975177,-7.010303030305904e-05,2.2412999999998903e-05,-3.462699999999888e-05,0.9498213550824948,3.848638724011183e-09,0,0,1,0,0,1,0
457,0.8620037807020415,2,456,0.945133,35.49311841933674,3.8257,-0.05865,0.01871342,-0.0013696363636363,-0.0001621169999999,0.001208668,0.8803760586313151,3.44916553008271e-09,0,0,1,0,0,1,0
369,0.5041208791139544,1,367,1.062719,35.125745176851915,3.8257,-0.05865,0.016167471,-0.0001032787878787,3.0004999999999612e-05,-7.199100000000042e-05,0.985973760410897,3.3699969094985518e-09,0,0,1,0,0,1,0
645,0.3926829268268739,1,644,1.050688,34.86832887390221,3.8257,-0.05865,0.016013334,-5.324242424237634e-05,0.000146466,-0.0004161419999999,0.9859014575218658,3.3154997113425192e-09,0,0,1,0,0,1,0
89,0.1122448979577519,0,88,1.054414,33.91086037360307,3.8257,-0.05865,0.018310269,-8.793939393943982e-06,-1.7257999999999163e-05,-0.0002420249999999,1.0049771633790574,3.1196696642636532e-09,0,0,1,0,0,1,0
288,0.4341906202657459,1,287,0.974965,32.727978721875026,3.8257,-0.05865,0.017575853,-0.0001944303030303,7.155999999999829e-05,0.0004763919999999,0.9540475083787948,2.892110588646696e-09,0,0,1,0,0,1,0
690,0.714434060221034,2,688,1.033889,34.257258587591274,3.8257,-0.05865,0.017648799,-0.0002849393939393,-4.256000000001092e-06,0.0008923309999999,0.9543857997254692,3.1892853095152613e-09,0,0,1,0,0,1,0
31,0.0556586270861658,0,30,1.08509,31.8989729084158,3.8257,-0.05865,0.017000478,2.4387878787915723e-05,-5.4557000000000216e-05,-0.000431452,1.0087038811891864,2.741635790075568e-09,0,0,1,0,0,1,0
843,0.9847775175528716,2,841,0.895484,34.19142559830864,3.8257,-0.05865,0.01880357,-0.0009671272727272,3.329799999999758e-05,0.0020249309999999,0.8352990340020819,3.175948496269798e-09,0,0,1,0,0,1,0
445,0.8489483747447619,2,444,0.96359,30.255836212672985,3.8257,-0.05865,0.018766062,-0.0012725272727272,-9.728100000000114e-05,0.0013292469999999,0.9056475738712888,2.464002286484089e-09,0,0,1,0,0,1,0
366,0.7765957446643278,2,365,0.971662,33.97198480581864,3.8257,-0.05865,0.017994231,-0.0007312363636363,6.633699999999965e-05,0.0009639729999999,0.9087620356990876,3.131853801274808e-09,0,0,1,0,0,1,0
1034,0.5953890489879229,1,1033,0.829895,34.03493465930351,3.8246,-0.0943,0.08721,0.0005015636363636,-0.000561,0.0510199999999999,0.656104680120359,3.144446448073661e-09,1,0,0,0,1,0,0
43,0.0384967919336526,0,42,1.064839,35.42807776056747,3.8257,-0.05865,0.015367823,-4.575757575751576e-05,-3.149600000000065e-05,-0.000135384,1.002092949939536,3.435028904041626e-09,0,0,1,0,0,1,0
863,0.5268948655224518,1,862,1.032098,35.81943017448394,3.8257,-0.05865,0.015428809,-3.023636363637412e-05,-1.7101999999999742e-05,-3.8777000000000256e-05,0.9731705753230392,3.520880683026868e-09,0,0,1,0,0,1,0
149,0.0816326530607742,0,148,1.262735,34.03493465930351,3.8249,-0.0358,0.094266,-0.0008174969696969,0.0003009999999999,0.040664,0.9643136700866384,3.144446448073661e-09,1,0,0,0,1,0,0
469,0.3699604743053758,1,468,1.045131,38.51973643580037,3.8257,-0.05865,0.014668326,-9.023636363631116e-05,-4.009099999999904e-05,-0.0002457929999999,0.985972641509434,4.167648772282901e-09,0,0,1,0,0,1,0
53,0.0629539951566228,0,52,1.053605,35.7238958645586,3.8257,-0.05865,0.015133187,1.546060606064013e-05,-7.451999999999806e-06,-0.000235663,1.0033779086488557,3.499747384115221e-09,0,0,1,0,0,1,0
765,0.8741418764202044,2,764,0.977011,35.7338820874832,3.8257,-0.05865,0.015774054,-0.0005204848484848,1.4920999999997605e-05,0.0003305869999999,0.9150082134408228,3.501951113098479e-09,0,0,1,0,0,1,0
101,0.1919385796508265,0,100,1.07886,33.90393058549226,3.8257,-0.05865,0.017104983,-9.903030303028336e-06,-8.067699999999775e-05,-3.825500000000093e-05,1.0083557649170032,3.118291016101044e-09,0,0,1,0,0,1,0
401,0.339863713796083,1,399,1.077515,32.886989335437306,3.8257,-0.05865,0.016629945,-8.820606060600236e-05,4.233899999999888e-05,-0.000238035,0.9977711353227362,2.921806662778961e-09,0,0,1,0,0,1,0
903,0.7367130008116377,2,901,1.047159,30.56067192429905,3.8257,-0.05865,0.01665144,-2.000000000430121e-07,0.000166697,0.000281736,0.9698404127725352,2.513514259935392e-09,0,0,1,0,0,1,0
595,0.505110732534028,1,593,1.069455,31.502274443119223,3.8257,-0.05865,0.01711119,-3.358181818184415e-05,7.070999999997385e-06,0.0002432099999999,0.9903076333290738,2.6721503577448555e-09,0,0,1,0,0,1,0
835,0.787535410757436,2,834,0.953667,32.74961986475406,3.8257,-0.05865,0.017298695,-0.0002079333333333,-0.00013679,0.000258133,0.9262940835373866,2.896136182905729e-09,0,0,1,0,0,1,0
363,0.7448559670628631,2,362,1.018785,33.93891435699514,3.8257,-0.05865,0.018661739,-0.0006473333333333,-4.9349000000000615e-05,0.0003825439999999,0.9528621827487131,3.125256464104467e-09,0,0,1,0,0,1,0
927,0.8636788048472113,2,925,0.998109,32.79308282868937,3.8257,-0.05865,0.016499408,-0.0004346121212121,-6.860100000000147e-05,6.182899999999936e-05,0.9275011220794572,2.9042361889904907e-09,0,0,1,0,0,1,0
2106,0.9414132379206556,2,2105,0.991403,35.88831512196715,3.8257,-0.05865,0.015933273,-0.0001372545454545,6.665999999999964e-05,0.000335269,0.925195975960282,3.536189803999459e-09,0,0,1,0,0,1,0
1050,0.617058823525782,1,1049,0.997216,34.03493465930351,3.8163,-0.0483,0.101793,-0.0001361636363636,-0.000413,0.0470029999999999,0.7833079225784965,3.144446448073661e-09,1,0,0,0,1,0,0
505,0.6191646191570127,1,504,1.035783,35.306118497963595,3.8257,-0.05865,0.014963163,-0.0001608848484848,1.804099999999989e-05,-0.000295259,0.97329365422419,3.408661067490347e-09,0,0,1,0,0,1,0
171,0.2321428571396683,0,169,1.076379,33.424350788048486,3.8257,-0.05865,0.016318012,-1.4799999999970954e-05,4.511000000000098e-05,7.855000000000015e-05,0.9986472908241228,3.024199404761545e-09,0,0,1,0,0,1,0
1468,0.7998909487415492,2,1467,1.000375,34.441071251730705,3.8257,-0.05865,0.015500955,-0.0001850363636363,9.389000000000272e-06,-6.42219999999992e-05,0.9380253903301456,3.226789695650525e-09,0,0,1,0,0,1,0
205,0.3856332703140712,1,204,1.065587,33.517041464169424,3.8257,-0.05865,0.017186951,-7.228484848482828e-05,3.91339999999997e-05,-0.0003178009999999,0.9925770057640216,3.042183627546532e-09,0,0,1,0,0,1,0
1464,0.8132295719799154,2,1463,0.997614,34.42662728756148,3.8257,-0.05865,0.015524592,-0.0001935212121211,2.208000000000071e-06,-0.0002535169999999,0.9333945857137244,3.2238283395649717e-09,0,0,1,0,0,1,0
406,0.449388209116247,1,404,1.071292,36.85263295097125,3.8257,-0.05865,0.016081613,4.4884848484808495e-05,-1.7016999999997645e-05,-0.0004702649999999,0.994177618818708,3.7568628201718864e-09,0,0,1,0,0,1,0
316,0.6011450381564667,1,315,1.039611,31.631693526946112,3.8257,-0.05865,0.018151144,-0.0002061515151514,0.000280103,0.000427286,0.9762632314384236,2.6946433568752196e-09,0,0,1,0,0,1,0
277,0.2567693744140358,0,275,1.072954,31.63452013150691,3.8257,-0.05865,0.016218428,2.1254545454531663e-05,1.659700000000014e-05,-0.000219151,0.9970514632566602,2.6951365128364236e-09,0,0,1,0,0,1,0
461,0.8455882352785737,2,460,0.919262,33.581678642903924,3.8257,-0.05865,0.018304566,-0.0006106242424241,-4.053700000000021e-05,0.001267817,0.8630109465066937,3.054781573595232e-09,0,0,1,0,0,1,0
1713,0.8694768918188448,2,1712,0.672635,34.03493465930351,3.8024,-0.1175,0.094102,-0.0032570848484848,0.00083,0.056524,0.5490924853509487,3.144446448073661e-09,1,0,0,0,1,0,0
658,0.6293103448215583,1,657,1.046606,36.20183874322485,3.8257,-0.05865,0.015742179,-8.768484848484458e-05,-2.1592000000000836e-05,-0.000303565,0.9788985256746608,3.606625132879045e-09,0,0,1,0,0,1,0
690,0.5247524752435282,1,689,1.039535,36.90354618417478,3.8257,-0.05865,0.015600876,-7.037575757578229e-05,4.114999999998981e-06,3.2202999999999746e-05,0.9758069966619984,3.768849691327879e-09,0,0,1,0,0,1,0
785,0.91588785045659,2,784,0.953539,32.07636905237761,3.8257,-0.05865,0.015334861,-0.0007916545454544,9.386000000000116e-06,0.0003424159999999,0.8951736763049194,2.773230383653476e-09,0,0,1,0,0,1,0
215,0.1673182173560022,0,214,1.159977,34.03493465930351,3.8228,-0.0713,0.08731,-6.763030303028086e-05,-0.0001199999999999,0.049012,0.9289075350309188,3.144446448073661e-09,1,0,0,0,1,0,0
166,0.2024539877275772,0,165,1.065265,34.66524692835218,3.8257,-0.05865,0.015518661,-6.101818181818396e-05,-1.228600000000024e-05,-0.0001067299999999,0.9980699412081604,3.2730651772688512e-09,0,0,1,0,0,1,0
352,0.4499999999942307,1,351,0.91744,34.03493465930351,3.8346,-0.0422,0.177263,-0.0016649151515151,-0.0001569999999999,0.11325,0.8416402002821858,3.144446448073661e-09,1,0,0,1,0,0,0
273,0.3938953488314841,1,271,1.042736,32.589040824976344,3.8257,-0.05865,0.016144734,-0.0001419212121212,-2.22359999999984e-05,-0.003741398,0.9780203907444404,2.8663854465809274e-09,0,0,1,0,0,1,0
811,0.633307271300756,1,810,0.968978,34.03493465930351,3.8276,-0.0848,0.086043,-0.0005286969696969,0.0013489999999999,0.0477449999999999,0.7759558728140211,3.144446448073661e-09,1,0,0,0,1,0,0
502,0.4634597594776738,1,501,0.833087,34.03493465930351,3.8699,-0.0246,0.099552,0.0004064,0.00091,0.067637,0.8248304472232948,3.144446448073661e-09,1,0,0,1,0,0,0
1484,0.7356150793614306,2,1483,1.179496,34.03493465930351,3.8266,-0.023,0.081912,0.0384021575757576,-0.0003869999999999,0.0286999999999999,1.0913468255532397,3.144446448073661e-09,1,0,0,0,1,0,0
452,0.6428571428479591,1,450,1.050292,35.40670319345786,3.8257,-0.05865,0.016970634,-0.0001406424242424,-3.245900000000204e-05,-8.84050000000032e-05,0.9808974303896536,3.430394493309175e-09,0,0,1,0,0,1,0
48,0.0739549839216406,0,46,1.08609,33.41967859923302,3.8257,-0.05865,0.01665674,-2.502424242424388e-05,-1.679900000000137e-05,-8.685900000000163e-05,1.0039869584951426,3.0232954205189954e-09,0,0,1,0,0,1,0
751,0.7777777777697011,2,749,1.016298,36.14128568545448,3.8257,-0.05865,0.017288912,-0.0002416606060605,-4.7834999999999545e-05,0.000532444,0.9381474988992,3.592924189590784e-09,0,0,1,0,0,1,0
21,0.0156006240248393,0,20,1.062826,33.009572989266694,3.8257,-0.05865,0.015321536,3.123636363637066e-05,-2.8933000000000084e-05,-0.0002869369999999,1.003219701439002,2.9448864561874155e-09,0,0,1,0,0,1,0
99,0.095944609296776,0,97,1.081722,31.97153855253625,3.8257,-0.05865,0.016920468,-1.9145454545500808e-05,-9.350000000005187e-07,-1.734699999999742e-05,1.0022505473490515,2.754520566704344e-09,0,0,1,0,0,1,0
437,0.5356265356199554,1,436,1.044359,35.715610253725934,3.8257,-0.05865,0.014870248,-0.0001125575757575,-1.4309999999996548e-06,-0.0003881739999999,0.981352259529188,3.4979198855844363e-09,0,0,1,0,0,1,0
336,0.6007194244496273,1,334,1.030037,33.50045565068495,3.8257,-0.05865,0.015679235,-0.0002782181818181,1.1673999999999712e-05,0.0003304609999999,0.9515889578997064,3.0389585425557798e-09,0,0,1,0,0,1,0
123,0.1118240146644195,0,122,1.06263,36.12543362102756,3.8257,-0.05865,0.015306534,-1.5860606060608438e-05,-4.9438000000000606e-05,-0.0001966729999999,1.0000141161191964,3.58934516764479e-09,0,0,1,0,0,1,0
116,0.1275167785220635,0,114,1.08302,32.13376273282438,3.8257,-0.05865,0.017161084,-3.484848484843912e-05,6.372000000001016e-06,1.4230000000003962e-06,1.0029922512639042,2.783522125054768e-09,0,0,1,0,0,1,0
834,0.9530892448403536,2,833,0.925105,35.32420211209439,3.8257,-0.05865,0.01659766,-0.000983,1.342899999999883e-05,0.0011541929999999,0.8663962568437534,3.412559275526275e-09,0,0,1,0,0,1,0
438,0.5554140127317782,1,436,1.04261,36.09125576818619,3.8257,-0.05865,0.015894564,-4.890303030302606e-05,-1.0480999999999683e-05,-0.000680514,0.9894010034362044,3.581639495308102e-09,0,0,1,0,0,1,0
164,0.2905525846650525,0,163,1.064008,32.38533314576807,3.8257,-0.05865,0.017200649,-0.0001042545454545,3.808399999999726e-05,-0.000642052,0.9931052506311864,2.829039372970761e-09,0,0,1,0,0,1,0
827,0.9450800915223676,2,826,0.932019,35.45403965603232,3.8257,-0.05865,0.016438339,-0.0009187939393939,1.3242000000000116e-05,0.0009948719999999,0.8728714825963089,3.440665490556936e-09,0,0,1,0,0,1,0
437,0.2255561303661378,0,436,1.060949,36.242034196196485,3.8257,-0.05865,0.015855752,-2.9078787878835387e-05,1.9266999999999892e-05,-0.0001540519999999,0.992320139174679,3.6157457587703602e-09,0,0,1,0,0,1,0
154,0.1242845461968578,0,152,1.083186,29.79990924931253,3.8257,-0.05865,0.01643979,-1.9618181818157444e-05,-2.3253000000000856e-05,7.008600000000045e-05,1.0032073040955876,2.391585357675349e-09,0,0,1,0,0,1,0
836,0.9754672897082304,2,835,0.903898,31.799254969348063,3.8257,-0.05865,0.016203582,-0.0011129636363636,3.578100000000209e-05,0.001211137,0.8485711603454751,2.7240181891304932e-09,0,0,1,0,0,1,0
424,0.5375796178275467,1,422,1.043912,35.040830918139434,3.8257,-0.05865,0.016119355,-8.734545454544836e-05,-1.4775000000001592e-05,-0.000455723,0.9906365566214548,3.351931642379709e-09,0,0,1,0,0,1,0
866,0.95681063121864,2,864,0.981963,34.01183382358767,3.8257,-0.05865,0.017862033,-0.0005377999999999,9.352000000000664e-06,0.001269136,0.913219489693809,3.139820028362206e-09,0,0,1,0,0,1,0
82,0.1502782931326479,0,81,1.083541,31.910710089156616,3.8257,-0.05865,0.017038058,-7.078181818183455e-05,-2.304900000000068e-05,-0.000393872,1.0072639247690167,2.743716168852872e-09,0,0,1,0,0,1,0
625,0.6929922135629255,2,623,1.049263,34.1425980451552,3.8257,-0.05865,0.016981944,-0.0001742242424242,1.977899999999755e-05,0.0004300659999999,0.9737343234660336,3.1660891025045444e-09,0,0,1,0,0,1,0
249,0.2370936902462993,0,248,1.068299,32.91209097043027,3.8257,-0.05865,0.015107742,-6.118787878784544e-05,4.072000000000797e-06,-0.000189764,0.9967884031683028,2.9265194738090566e-09,0,0,1,0,0,1,0
432,0.2634474327612259,0,431,1.050984,36.3124190941617,3.8257,-0.05865,0.015224883,-3.638181818179174e-05,-1.2285000000000768e-05,-0.000242703,0.9909782830073396,3.631766428847131e-09,0,0,1,0,0,1,0
494,0.5109034267859719,1,492,1.065374,34.0006922964286,3.8257,-0.05865,0.017247006,-6.565454545457866e-05,-3.3895000000002534e-05,0.0004905379999999,0.9834496904374862,3.137590892689803e-09,0,0,1,0,0,1,0
97,0.1916167664632412,0,96,1.081222,31.93078610747271,3.8257,-0.05865,0.018301714,-3.0096969696949997e-05,2.1433000000001257e-05,-3.571100000000077e-05,1.0093209999281203,2.747277868960175e-09,0,0,1,0,0,1,0
413,0.6372093023157022,1,411,1.050323,35.58741400818919,3.8257,-0.05865,0.016681021,-0.0001735575757575,4.45800000000024e-05,7.308599999999998e-05,0.9772091859187452,3.469753449905065e-09,0,0,1,0,0,1,0
523,0.4690026954135759,1,522,1.045662,37.870579826937394,3.8257,-0.05865,0.015043077,-4.9496969696942855e-05,1.861199999999945e-05,9.450499999999994e-05,0.9843618501441248,4.0031355676912084e-09,0,0,1,0,0,1,0
645,0.615678776284745,1,644,1.04433,33.70274297745028,3.8257,-0.05865,0.015064238,-0.0001022363636363,2.204500000000005e-05,-0.000233268,0.9744238580030062,3.0785034231089612e-09,0,0,1,0,0,1,0
5,0.0020314880649973,0,4,1.222788,34.03493465930351,3.8228,-0.0613,0.084182,-0.0011954000000001,-0.0006379999999999,0.046604,0.9981991748531014,3.144446448073661e-09,1,0,0,0,1,0,0
737,0.7548717948640525,2,736,1.124949,34.03493465930351,3.854,-0.01,0.086815,0.0928141636363636,0.0006489999999999,0.05637,1.0750412834568015,3.144446448073661e-09,1,0,0,1,0,0,0
715,0.3968871595308678,1,714,1.050736,33.9663756084885,3.8257,-0.05865,0.01569177,-4.895151515150988e-05,-2.238999999997632e-06,-8.633899999999778e-05,0.9830969627676592,3.1307339234495273e-09,0,0,1,0,0,1,0
330,0.4041769041719388,1,329,1.05412,35.25911560360571,3.8257,-0.05865,0.014908543,-0.0001093878787878,-8.132000000000972e-06,-0.000349879,0.990524373146502,3.3985475382301547e-09,0,0,1,0,0,1,0
915,0.9076464746682458,2,914,0.976724,32.98910081985511,3.8257,-0.05865,0.015344975,-0.0006538969696969,-6.049999999990091e-07,-8.986700000000042e-05,0.9157591651016856,2.941020645785085e-09,0,0,1,0,0,1,0
499,0.7851500789765379,2,497,1.024998,33.94461775801755,3.8257,-0.05865,0.017010931,-0.0003526484848485,4.290000000000543e-06,8.953999999998519e-06,0.9527455857584242,3.126393363911766e-09,0,0,1,0,0,1,0
583,0.58199999999418,1,582,1.036362,36.07393553689257,3.8257,-0.05865,0.01590603,-7.51212121211838e-05,3.859000000001889e-06,-1.342599999999694e-05,0.9822144801389026,3.5777401787328123e-09,0,0,1,0,0,1,0
604,0.5988083416027924,1,603,1.04409,33.66023700103407,3.8257,-0.05865,0.015236462,-6.68969696969921e-05,7.053999999999394e-06,-0.00019838,0.9789203364420438,3.0701558488742874e-09,0,0,1,0,0,1,0
1094,0.9479618386734784,2,1093,0.918674,37.04639349788621,3.8257,-0.05865,0.016450733,-0.0006037333333332,1.571499999999948e-05,0.0008460069999999,0.8580718196643832,3.802664620282476e-09,0,0,1,0,0,1,0
41,0.0793650793635046,0,40,1.075623,33.37265121163575,3.8257,-0.05865,0.017148122,-5.709090909074032e-06,-4.759100000000308e-05,-0.000599256,1.0070970925327911,3.014209974032283e-09,0,0,1,0,0,1,0
376,0.3058053965633213,0,374,1.076654,32.34376704438403,3.8257,-0.05865,0.016019316,-2.178181818181016e-05,-6.63090000000005e-05,-0.000350388,0.9971576043114762,2.821472907578267e-09,0,0,1,0,0,1,0
1057,0.4826325411312494,1,1056,1.033813,34.83269459632977,3.8257,-0.05865,0.015517517,-2.7860606060575028e-05,2.695500000000038e-05,0.000159819,0.9706754174706234,3.308018298699196e-09,0,0,1,0,0,1,0
891,0.4908990623249261,1,890,1.079924,34.03493465930351,3.8217,-0.041,0.097331,-0.000819612121212,0.000932,0.043729,0.8247062731726316,3.144446448073661e-09,1,0,0,0,1,0,0
68,0.0408536585363362,0,67,1.069512,32.78009243242645,3.8257,-0.05865,0.016220357,-2.549696969700379e-05,-3.2750000000005e-06,-0.0002091189999999,1.0035647496089473,2.901813095092472e-09,0,0,1,0,0,1,0
73,0.0975274725261328,0,71,1.080377,33.039092318908786,3.8257,-0.05865,0.016223375,-4.449696969697541e-05,1.6170000000023663e-06,-1.6086999999997964e-05,1.002356571540966,2.95046869952766e-09,0,0,1,0,0,1,0
1021,0.8063241106655628,2,1020,0.99762,38.962749256973694,3.8257,-0.05865,0.01501015,-0.0002616303030303,-1.905299999999978e-05,9.60309999999999e-05,0.9411509433962264,4.283372438884141e-09,0,0,1,0,0,1,0
540,0.3170588235275467,0,539,1.174491,34.03493465930351,3.8262,-0.0392,0.099256,-0.0003869939393939,0.0004019999999999,0.044466,0.9225565026003804,3.144446448073661e-09,1,0,0,0,1,0,0
624,0.2847349177317883,0,623,1.049237,36.00818171886211,3.8257,-0.05865,0.015213108,-3.4048484848452995e-05,2.4869999999989345e-06,-0.00014459,0.9851574346623851,3.5629716238067103e-09,0,0,1,0,0,1,0
948,0.9026717557165777,2,946,0.957425,34.221843026290095,3.8257,-0.05865,0.018041776,-0.0006168727272727,4.214899999999827e-05,0.0011849029999999,0.8873583011804874,3.182104392564565e-09,0,0,1,0,0,1,0
454,0.8917322834470132,2,453,0.938371,34.81646594478955,3.8257,-0.05865,0.01897916,-0.001695309090909,1.6971999999997045e-05,0.0016571669999999,0.8735029257294774,3.304616119735236e-09,0,0,1,0,0,1,0
261,0.2534113060404151,0,260,1.068814,37.02981010228677,3.8257,-0.05865,0.015593687,-4.190909090907021e-05,-1.3017000000000584e-05,-0.000122761,0.997987803568544,3.798725074621792e-09,0,0,1,0,0,1,0
530,0.4995278564636494,1,529,1.006513,32.67939131906616,3.8257,-0.05865,0.017284065,-9.698787878788947e-05,-0.0003068769999999,0.000243503,0.9776232551859984,2.8830908692530573e-09,0,0,1,0,0,1,0
748,0.6846929422485364,2,747,1.023256,37.72804675092696,3.8257,-0.05865,0.015338434,-0.0001183272727272,-3.13090000000002e-05,-0.000164773,0.9629602443029694,3.967803171476414e-09,0,0,1,0,0,1,0
20,0.0348623853204612,0,19,1.084554,33.01833254995738,3.8257,-0.05865,0.017519709,0.0001232727272727,0.000113288,-0.0001916289999999,1.0080538048070014,2.946541939449929e-09,0,0,1,0,0,1,0
86,0.1042944785263276,0,85,1.069107,34.54984352295325,3.8257,-0.05865,0.015489697,-1.4533333333346678e-05,-5.484000000000044e-06,-0.0001356939999999,1.0016695945471157,3.2491691522383317e-09,0,0,1,0,0,1,0
595,0.3016759776520992,0,594,1.019285,34.03493465930351,3.8286,-0.0766,0.080296,-0.0037075575757575,5.499999999999949e-05,0.042718,0.8320734632169627,3.144446448073661e-09,1,0,0,0,1,0,0
1000,0.9241443108147628,2,999,1.022037,34.03493465930351,3.8608,-0.0165,0.091027,1.0793939394005214e-05,-0.000462,0.059112,1.0119078028930406,3.144446448073661e-09,1,0,0,1,0,0,0
54,0.859999999828,2,43,1.361508332192898,8.12948679263687,3.425776013992083,-0.9541332483411132,0.016776592,0.1638247774434732,1.2765000000003121e-06,3.811000000000092e-05,19.940042608370973,5.181791083822287e-10,0,1,0,0,0,0,1
785,0.725254394072847,2,784,0.295224,34.03493465930351,3.8326,-0.1144,0.123067,-0.0008641515151515,-0.00021,0.091152,0.2922980960584548,3.144446448073661e-09,1,0,0,1,0,0,0
144,0.1857142857118738,0,143,1.046706,35.36219244332151,3.8257,-0.05865,0.014210177,-0.0002016909090909,-1.4490000000005887e-06,0.0002722079999999,0.9801728472982424,3.420761723808448e-09,0,0,1,0,0,1,0
754,0.8615560640633689,2,753,0.982639,35.94633344485014,3.8257,-0.05865,0.015644047,-0.0004650909090908,-1.046999999997078e-06,0.00020058,0.920279050949556,3.54913021189165e-09,0,0,1,0,0,1,0
1065,0.5504397309852538,1,1064,1.034619,35.58102311083977,3.8257,-0.05865,0.01621796,-4.056363636362799e-05,3.0032999999998755e-05,0.000208156,0.9676933293426614,3.4683546250166757e-09,0,0,1,0,0,1,0
314,0.3581235697899528,1,313,1.059494,34.60356834397595,3.8257,-0.05865,0.015203356,-6.679393939397547e-05,1.1703999999999534e-05,-0.000240111,0.99225670139975,3.2602741383516067e-09,0,0,1,0,0,1,0
495,0.4603174603131623,1,493,1.062655,34.74094993255128,3.8257,-0.05865,0.015847651,-3.351515151511992e-05,-8.89189999999998e-05,-0.000589928,0.9874810315139384,3.2888261948323663e-09,0,0,1,0,0,1,0
832,0.706984667796363,2,830,1.060399,31.30249739709877,3.8257,-0.05865,0.017281489,-5.246060606055246e-05,7.494999999999724e-06,0.0004135089999999,0.98192184250344,2.6377603120812304e-09,0,0,1,0,0,1,0
705,0.5565217391260354,1,704,1.032951,39.15597167492834,3.8257,-0.05865,0.014743824,-5.013939393937159e-05,-2.278799999999928e-05,-0.0001702949999999,0.974482075471698,4.334741638420687e-09,0,0,1,0,0,1,0
654,0.8051787916053615,2,653,1.020347,34.807310178567725,3.8257,-0.05865,0.015326633,-0.0002509575757575,-1.3344000000000205e-05,-0.000114836,0.959173774202676,3.3026980884601927e-09,0,0,1,0,0,1,0
668,0.7681660899565379,2,666,1.031278,32.560845824427425,3.8257,-0.05865,0.016873572,-0.0003975272727272,3.890700000000122e-05,0.000562401,0.942784477777859,2.8611901414368007e-09,0,0,1,0,0,1,0
74,0.0588235294112841,0,72,1.083326,31.38106913841817,3.8257,-0.05865,0.016726144,-0.0001178666666666,-1.844000000000845e-06,-6.128400000000173e-05,1.0045520424844936,2.651238071903176e-09,0,0,1,0,0,1,0
148,0.1192810457506594,0,146,1.08143,31.342889835907265,3.8257,-0.05865,0.016789906,-4.236969696967765e-05,1.0410000000002362e-06,2.4780000000002023e-06,1.0027939099624728,2.6446812957420154e-09,0,0,1,0,0,1,0
1735,0.8970512157222088,2,1734,0.958162,36.346892711690224,3.8257,-0.05865,0.016086049,-0.0002625212121211,-2.971699999999855e-05,7.624500000000256e-05,0.8961820494593885,3.6396363552461293e-09,0,0,1,0,0,1,0
580,0.6598173515906414,1,578,1.065796,32.15079349723763,3.8257,-0.05865,0.017390933,-9.94060606060544e-05,-1.1317000000000271e-05,0.000583712,0.9778169224064772,2.786582649210561e-09,0,0,1,0,0,1,0
463,0.9506172839310572,2,462,0.882308,33.88638499016379,3.8257,-0.05865,0.021138601,-0.0022962363636363,6.167600000000009e-05,0.0032304359999999,0.827602638023977,3.1148028495469206e-09,0,0,1,0,0,1,0
1595,0.8246249353294123,2,1594,0.990657,37.311996184110136,3.8257,-0.05865,0.016057301,-0.000226509090909,3.697899999999949e-05,4.749700000000051e-05,0.9265750682779004,3.866262393573812e-09,0,0,1,0,0,1,0
1005,0.8543441226503038,2,1003,1.051367,31.31498063694849,3.8257,-0.05865,0.017343465,-9.297575757571792e-05,4.391999999998897e-06,0.0004754849999999,0.9735582755050828,2.6398974946300195e-09,0,0,1,0,0,1,0
1260,0.7405882352897613,2,1259,1.012722,34.03493465930351,3.8091,-0.0505,0.099001,0.0110282181818182,-0.0003559999999999,0.044211,0.7954878040159203,3.144446448073661e-09,1,0,0,0,1,0,0
278,0.3056478405281767,0,276,1.075082,33.36458919191921,3.8257,-0.05865,0.016862879,-9.612727272721108e-05,-4.087999999999314e-06,0.000269982,0.9998195812051978,3.012654898223667e-09,0,0,1,0,0,1,0
496,0.4750479846403547,1,495,0.773334,34.03493465930351,3.8679,-0.0319,0.100207,-0.0021668969696969,0.001994,0.069705,0.7639383225707028,3.144446448073661e-09,1,0,0,1,0,0,0
1006,0.9211732355552598,2,1005,0.936438,37.93491337656419,3.8257,-0.05865,0.015979987,-0.0006443939393939,4.877000000000353e-06,0.00047678,0.8812580285427929,4.019175345107679e-09,0,0,1,0,0,1,0
642,0.700218818373083,2,640,1.038175,33.51180840631164,3.8257,-0.05865,0.01734115,-0.0002489636363636,-8.296000000001386e-06,0.000714814,0.9617593709412352,3.041165736056432e-09,0,0,1,0,0,1,0
110,0.2247422680366032,0,109,1.071111,34.040508166236,3.8257,-0.05865,0.017060809,-6.993939393939038e-05,-5.975500000000161e-05,-0.0004989469999999,1.0056303832265845,3.1455635740794972e-09,0,0,1,0,0,1,0
58,0.0862329803315244,0,57,1.016494,31.14118974070542,3.8257,-0.05865,0.017453557,7.774545454547706e-05,0.000282364,0.000354096,0.994685519974558,2.610283299168409e-09,0,0,1,0,0,1,0
627,0.7220299884576467,2,626,0.17517,34.03493465930351,3.7978,-0.0613,0.128175,-0.005223903030303,-0.0007669999999999,0.081363,0.1614578676722028,3.144446448073661e-09,1,0,0,1,0,0,0
604,0.7691326530514141,2,603,1.010075,35.3387428745109,3.8257,-0.05865,0.018379224,-0.0003085272727272,-6.339999999993573e-07,-0.00017307,0.9627170241481064,3.41569666732901e-09,0,0,1,0,0,1,0
1240,0.6145833333302848,1,1239,1.184082,34.03493465930351,3.8267,-0.0237,0.082105,0.028204496969697,0.0016219999999999,0.0288929999999999,1.0955900926283182,3.144446448073661e-09,1,0,0,0,1,0,0
772,0.8527131782851305,2,770,1.023183,34.29065207588863,3.8257,-0.05865,0.017386584,-0.0002678606060605,1.443200000000172e-05,0.000793687,0.9515538336203916,3.1960695500949107e-09,0,0,1,0,0,1,0
614,0.7448359659690785,2,613,1.011266,36.69347388357232,3.8257,-0.05865,0.015525488,-0.0001654969696969,-4.399999999991217e-07,-0.000245998,0.967576995903949,3.7196110543025403e-09,0,0,1,0,0,1,0
126,0.2302025782646371,0,125,1.078902,33.33589932061068,3.8257,-0.05865,0.017897142,4.741212121211709e-05,0.0002623069999999,0.000232439,1.0071787844049545,3.0071267769959078e-09,0,0,1,0,0,1,0
51,0.0992063492043808,0,50,1.074986,33.02789829086339,3.8257,-0.05865,0.017190481,-6.618787878783407e-05,3.0416000000001855e-05,-0.000556897,1.0065006745983074,2.9483507387641484e-09,0,0,1,0,0,1,0
156,0.9171597632593396,2,155,0.861144,33.30188871280048,3.8257,-0.05865,0.018833285,-0.0021522969696969,-0.0003947039999999,0.000981053,0.8054247180081932,3.000585229258882e-09,0,0,1,0,0,1,0
1308,0.720904578043459,2,1307,1.01931,34.03493465930351,3.8205,-0.0427,0.097502,0.0043295212121212,0.000745,0.0439,0.7784171398242793,3.144446448073661e-09,1,0,0,0,1,0,0
625,0.7425506555334619,2,623,1.034907,34.97087380019591,3.8257,-0.05865,0.016903676,-0.0002694303030302,4.84799999999827e-06,0.0007290749999999,0.9590944222952498,3.337113816053145e-09,0,0,1,0,0,1,0
543,0.623990772772503,1,541,1.063559,32.42932989353621,3.8257,-0.05865,0.016550664,-0.0002470727272727,1.6400000000041381e-07,0.000239493,0.9722954590332984,2.837068155037992e-09,0,0,1,0,0,1,0
1164,0.8857578065431397,2,1163,0.958348,36.576590302558586,3.8257,-0.05865,0.016053708,-0.000495303030303,-8.707999999999633e-06,0.000485035,0.8995971118211823,3.6924653821196924e-09,0,0,1,0,0,1,0
385,0.8571428571237245,2,384,0.982116,33.522049148382976,3.8257,-0.05865,0.019180013,-0.0016324909090908,-4.841000000001955e-06,0.0012537409999999,0.9193088213269432,3.0431579676595027e-09,0,0,1,0,0,1,0
657,0.7554786620443428,2,655,1.034592,33.89350876363636,3.8257,-0.05865,0.017146351,-0.0003455333333333,2.2299999999999404e-05,0.000769964,0.951216888505596,3.1162186745220602e-09,0,0,1,0,0,1,0
388,0.1975497702899563,0,387,1.112478,34.03493465930351,3.8323,-0.0687,0.079761,-0.0010273878787878,-0.000436,0.043605,0.8979258108934882,3.144446448073661e-09,1,0,0,0,1,0,0
247,0.5072164948349027,1,246,1.05058,34.09263050291909,3.8257,-0.05865,0.017124085,-0.0002035999999999,-4.480200000000004e-05,-0.0004356709999999,0.9863545122869478,3.1560279769097446e-09,0,0,1,0,0,1,0
552,0.6402793946374822,1,550,1.05939,32.924381138836715,3.8257,-0.05865,0.01719013,-0.0001448545454545,7.05299999999992e-06,0.00035928,0.9798587820926666,2.928829431670535e-09,0,0,1,0,0,1,0
277,0.611973392447628,1,276,1.047599,33.89221172285899,3.8257,-0.05865,0.017768081,-0.0002125272727272,-7.798999999999306e-06,-0.0001630469999999,0.9838106829395644,3.115960849200999e-09,0,0,1,0,0,1,0
2119,0.9472271914090016,2,2118,0.989692,36.299563082190254,3.8257,-0.05865,0.015840769,-0.0001336181818181,6.230200000000019e-05,0.000242765,0.9235992384934114,3.6288354609107028e-09,0,0,1,0,0,1,0
303,0.1541602858593458,0,302,1.158366,34.03493465930351,3.8321,-0.059,0.084349,-5.664848484845543e-05,0.0017999999999999,0.0481929999999999,0.9349638643294036,3.144446448073661e-09,1,0,0,0,1,0,0
53,0.0449826989615486,0,52,1.06347,35.88140079825527,3.8257,-0.05865,0.015282035,-2.943030303028148e-05,1.2055999999999872e-05,-0.000186675,1.0030549946190972,3.5346504596624276e-09,0,0,1,0,0,1,0
883,0.8464491362682683,2,882,1.030334,34.03493465930351,3.8643,-0.0116,0.08619,0.0029827999999999,-0.0004009999999999,0.055688,1.0178158824616048,3.144446448073661e-09,1,0,0,1,0,0,0
584,0.5553435114450826,1,582,1.055171,33.79290829022991,3.8257,-0.05865,0.017316313,-5.111515151516954e-05,-1.8731000000001e-05,0.0004594399999999,0.97795101027748,3.096278122576344e-09,0,0,1,0,0,1,0
524,0.8392282958064433,2,522,1.001473,35.48508135370735,3.8257,-0.05865,0.017617717,-0.0008666909090909,-7.995000000000224e-06,0.000874118,0.9257665859044888,3.4474158466823692e-09,0,0,1,0,0,1,0
480,0.4523135033007336,1,479,1.011559,31.739047207865244,3.8257,-0.05865,0.017312154,-0.0001074969696969,-0.0003795889999999,0.000271592,0.982524420839764,2.713430341581461e-09,0,0,1,0,0,1,0
14,0.0263157894731515,0,13,1.069163,31.68029283221474,3.8257,-0.05865,0.017428504,0.0001238424242424,0.000197855,-0.0002227129999999,1.006388510282612,2.703133746821806e-09,0,0,1,0,0,1,0
155,0.1332179930784323,0,154,1.059638,36.43772672656287,3.8257,-0.05865,0.015310715,-6.193939393945722e-06,5.3990000000014166e-06,-0.0001579949999999,0.999440687925556,3.6604460186217494e-09,0,0,1,0,0,1,0
544,0.7051948051856468,2,543,0.984636,37.45527681812528,3.8257,-0.05865,0.014846607,-0.0002361878787878,-2.796099999999996e-05,0.0009086379999999,0.9220482844966515,3.900965099780457e-09,0,0,1,0,0,1,0
522,0.9980842911686192,2,521,0.82639,34.53818622736437,3.8257,-0.05865,0.021457147,-0.0015967030303029,-0.000326928,0.0037684829999999,0.7788659371150508,3.246764062797421e-09,0,0,1,0,0,1,0
339,0.6061151079027677,1,337,1.028338,33.77702640590028,3.8257,-0.05865,0.015705386,-0.0002565454545454,2.490900000000004e-05,0.000356612,0.9500193544393726,3.093140583759332e-09,0,0,1,0,0,1,0
120,0.1545454545434474,0,119,1.050793,35.41008818048349,3.8257,-0.05865,0.014168369,-0.0001329575757575,-1.1670000000000085e-05,0.0002304,0.9840000599318838,3.4311280484315805e-09,0,0,1,0,0,1,0
402,0.466744457404122,1,400,1.065144,37.38788965959496,3.8257,-0.05865,0.016465258,1.3175757575768602e-05,-1.0749000000000867e-05,-0.000276819,0.9883052438974604,3.884609227070547e-09,0,0,1,0,0,1,0
207,0.1850853548950127,0,206,1.059883,36.48771901241091,3.8257,-0.05865,0.015109435,-6.3393939393919e-05,4.019999999998677e-06,0.0001608629999999,0.9977491682936794,3.671944503543351e-09,0,0,1,0,0,1,0
51,0.1046025104580627,0,50,1.077104,33.050502515542114,3.8257,-0.05865,0.017652916,-2.0090909090905665e-05,-2.3869999999998757e-05,-0.0001454279999999,1.009964584327651,2.9526289666301383e-09,0,0,1,0,0,1,0
350,0.4433121019051807,1,348,1.049434,35.61606049483569,3.8257,-0.05865,0.015915465,1.37939393939599e-05,-9.99380000000008e-05,-0.0006596129999999,0.9958767445545982,3.4760297491256093e-09,0,0,1,0,0,1,0
507,0.291642651295149,0,506,1.082278,34.03493465930351,3.6145,-1.1094,0.090072,-0.0004741757575757,0.009149,0.053882,0.8556355454500895,3.144446448073661e-09,1,0,0,0,1,0,0
100,0.1885714285678367,0,99,1.074691,33.635606061312515,3.8257,-0.05865,0.017513853,-4.99757575757186e-05,-0.0001512609999999,-0.000266168,1.0091469083055542,3.0653279866142515e-09,0,0,1,0,0,1,0
563,0.5306893295511739,1,562,1.000539,32.70356352039812,3.8257,-0.05865,0.017536238,-0.0002114969696969,7.629399999999759e-05,0.000495676,0.9718207257338392,2.8875750103361037e-09,0,0,1,0,0,1,0
484,0.5361512791931462,1,482,1.065205,35.547693273753524,3.8257,-0.05865,0.016513577,-8.281212121210352e-05,1.6453000000003076e-05,-3.830099999999753e-05,0.9885287768916242,3.4610676649153403e-09,0,0,1,0,0,1,0
608,0.7001153402456735,2,607,0.228055,34.03493465930351,3.7913,-0.0547,0.126857,-0.0048034545454545,0.001877,0.080045,0.2102030827880585,3.144446448073661e-09,1,0,0,1,0,0,0
1195,0.9313572542829068,2,1194,0.949054,34.13561121244906,3.8257,-0.05865,0.015433952,-0.0006551818181817,7.125000000000187e-06,-0.0001745209999999,0.8958283581032929,3.1646805517068926e-09,0,0,1,0,0,1,0
1079,0.6213256484114045,1,1078,0.818186,34.03493465930351,3.8207,-0.1014,0.086106,-0.0004943939393939,0.000141,0.049916,0.646847690140266,3.144446448073661e-09,1,0,0,0,1,0,0
201,0.3565062388528252,1,200,1.059187,32.572971320000015,3.8257,-0.05865,0.017170507,-0.0001258727272727,-3.856999999999819e-05,-0.0006721939999999,0.988605509639302,2.863423388224787e-09,0,0,1,0,0,1,0
31,0.046623794211469,0,29,1.086237,33.393137405147776,3.8257,-0.05865,0.016613133,2.174545454551224e-05,-1.1849000000001275e-05,-0.000130466,1.004122846020945,3.018164781445744e-09,0,0,1,0,0,1,0
176,0.324675324669301,0,175,1.074567,32.05228417557254,3.8257,-0.05865,0.017072769,-0.0001488969696969,7.950000000003093e-06,-0.000359161,0.998921659491674,2.768921716551631e-09,0,0,1,0,0,1,0
432,0.2200102092893312,0,431,1.109944,34.03493465930351,3.8336,-0.0644,0.078891,-0.0009072424242423,-0.001444,0.042735,0.8958805174092088,3.144446448073661e-09,1,0,0,0,1,0,0
592,0.7287299629996458,2,591,1.032979,34.90186941506479,3.8257,-0.05865,0.015281239,-0.0001588,7.941000000000892e-06,-0.0001602299999999,0.9710484434237628,3.3225554150689923e-09,0,0,1,0,0,1,0
53,0.0729613733895141,0,51,1.084772,34.46317240506331,3.8257,-0.05865,0.016540809,6.196969696968845e-05,-5.205700000000119e-05,-0.0002270909999999,1.0045366445869095,3.231325684740603e-09,0,0,1,0,0,1,0
224,0.3724832214702603,1,222,1.07893,33.803644656735706,3.8257,-0.05865,0.016981518,-5.860606060605375e-05,-6.089299999999936e-05,0.000295814,0.9953632804283568,3.098400759430353e-09,0,0,1,0,0,1,0
266,0.2451433857516638,0,265,0.95424,34.03493465930351,3.8641,-0.0193,0.09688,-0.0002600242424242,0.0008499999999999,0.064965,0.9447827249235156,3.144446448073661e-09,1,0,0,1,0,0,0
155,0.1744583808417963,0,153,1.074476,33.05847345338201,3.8257,-0.05865,0.017111884,-3.915757575751717e-05,1.6890000000002042e-05,-9.301999999999228e-06,1.0032774149692891,2.9541389292760783e-09,0,0,1,0,0,1,0
231,0.2672112018638598,0,229,1.074779,34.7069433418414,3.8257,-0.05865,0.016842237,-2.298787878788161e-05,1.0683000000000914e-05,0.0001001599999999,0.997245181619451,3.281737770862833e-09,0,0,1,0,0,1,0
476,0.91522157994383,2,475,0.888547,34.68059905470746,3.8257,-0.05865,0.020316944,-0.0014012727272727,6.563999999999875e-05,0.003052315,0.825712737792225,3.2762559278638734e-09,0,0,1,0,0,1,0
375,0.1909137314946865,0,374,1.132222,34.03493465930351,3.8317,-0.0673,0.08168,-0.0001481696969696,0.000339,0.045524,0.9138619886968076,3.144446448073661e-09,1,0,0,0,1,0,0
860,0.8372319688027561,2,859,0.99731,37.61862653444427,3.8257,-0.05865,0.016026795,-0.0004849757575757,1.868099999999956e-05,0.0003103469999999,0.9312220988656068,3.940869085971291e-09,0,0,1,0,0,1,0
978,0.538885824597138,1,977,1.087493,34.03493465930351,3.8241,-0.0412,0.096742,-8.901818181814983e-05,0.0014389999999999,0.04314,0.8304864963935653,3.144446448073661e-09,1,0,0,0,1,0,0
224,0.2421281216043199,0,223,1.052205,37.03551780764728,3.8257,-0.05865,0.015073317,-3.433939393936648e-05,-2.576300000000156e-05,-0.000209821,0.995109592046727,3.800080581808107e-09,0,0,1,0,0,1,0
1718,0.8720162519000914,2,1717,0.703065,34.03493465930351,3.8041,-0.114,0.094676,-0.004583006060606,0.0003539999999999,0.0570979999999999,0.5739334233473797,3.144446448073661e-09,1,0,0,0,1,0,0
448,0.8433962263991812,2,447,0.961621,33.92346170991847,3.8257,-0.05865,0.018874481,-0.0011689939393939,-7.795000000001412e-06,0.0012005079999999,0.8914810536601283,3.122178042294836e-09,0,0,1,0,0,1,0
1146,0.9051383399137934,2,1145,0.942494,39.85798105152845,3.8257,-0.05865,0.015242312,-0.000504212121212,5.3519999999984e-06,0.0003281929999999,0.889145283018868,4.526053725939278e-09,0,0,1,0,0,1,0
1833,0.935171005610336,2,1832,1.254506,34.03493465930351,3.8235,-0.0596,0.088803,-0.0008716,0.003068,0.052647,1.0125623314085728,3.144446448073661e-09,1,0,0,0,1,0,0
231,0.2686915887819078,0,230,1.063553,32.06011415079516,3.8257,-0.05865,0.014662814,-7.678787878790985e-05,1.5071999999999657e-05,-0.000329631,0.9984538114908,2.7703218006535874e-09,0,0,1,0,0,1,0
281,0.227941176468726,0,279,1.07695,31.384531848568827,3.8257,-0.05865,0.016844759,-7.207878787874956e-05,-1.8139999999992884e-06,5.733100000000074e-05,0.9986396727796392,2.6518334672826222e-09,0,0,1,0,0,1,0
567,0.6471935853305018,1,565,1.062638,30.368106190978843,3.8257,-0.05865,0.017545424,-0.000150303030303,4.468000000000527e-06,0.00059317,0.9707657044925314,2.4821344348693816e-09,0,0,1,0,0,1,0
605,0.8601997146810243,2,603,0.983413,32.80747823935667,3.8257,-0.05865,0.017712701,-0.0008875454545454,1.8250000000000904e-05,0.001232017,0.9123991494036175,2.906923482564754e-09,0,0,1,0,0,1,0
199,0.2538461538428994,0,198,1.01797,34.03493465930351,3.8324,-0.0363,0.182103,-0.0001491939393939,0.0003699999999999,0.1180899999999999,0.9338643123051716,3.144446448073661e-09,1,0,0,1,0,0,0
415,0.3940839694618885,1,413,1.067903,35.04407412357409,3.8257,-0.05865,0.016718764,-1.5624242424248873e-05,2.5710000000001704e-05,-0.000138109,0.9897512514354088,3.3526200254648262e-09,0,0,1,0,0,1,0
22,0.0204678362571104,0,21,1.07544,35.64029409529508,3.8257,-0.05865,0.015565374,3.110909090914449e-05,6.099000000000729e-06,-0.000151074,1.0041747240116192,3.4813471595290252e-09,0,0,1,0,0,1,0
33,0.0609523809512199,0,32,1.073907,33.27696593463493,3.8257,-0.05865,0.017488249,-3.968484848485155e-05,-4.801299999999953e-05,-0.0002917719999999,1.008410723508146,2.9957997375128317e-09,0,0,1,0,0,1,0
188,0.2369426751562172,0,186,1.056862,33.317089385791405,3.8257,-0.05865,0.016227961,-2.7424242424260567e-05,-7.959000000001826e-06,-0.000347117,1.002925660883354,3.003507322047813e-09,0,0,1,0,0,1,0
134,0.4092307692181775,1,133,1.019963,30.5878302957848,3.8257,-0.05865,0.017631087,-0.0006565393939393,-0.0001615699999999,8.898599999999923e-05,0.954970568050207,2.5179684695082e-09,0,0,1,0,0,1,0
647,0.295246800729912,0,646,1.048387,36.19560248360672,3.8257,-0.05865,0.015189775,-2.9006060606066423e-05,-2.1659999999996266e-06,-0.0001679229999999,0.9843593463187,3.6052119335334942e-09,0,0,1,0,0,1,0
614,0.317123642005602,0,613,1.054233,36.48452199053168,3.8257,-0.05865,0.015881002,-3.111515151522962e-05,-1.809399999999975e-05,-0.0001288019999999,0.9860385723371616,3.671208203340023e-09,0,0,1,0,0,1,0
743,0.8107221006475851,2,741,1.003931,34.542194468213964,3.8257,-0.05865,0.017411357,-0.0004682,-1.4536000000002491e-05,0.000785021,0.9300359255697788,3.247590847654536e-09,0,0,1,0,0,1,0
557,0.7917261055521865,2,555,1.018385,32.73712978598133,3.8257,-0.05865,0.017524801,-0.0005733939393939,-9.163999999999006e-06,0.001044117,0.9448457644605098,2.8938122173111422e-09,0,0,1,0,0,1,0
16,0.0334821428563954,0,15,1.078502,32.36951527603079,3.8257,-0.05865,0.017561093,0.0002097636363637,-4.8088000000001685e-05,-0.000365179,1.0095308521791224,2.826157828660057e-09,0,0,1,0,0,1,0
40,0.0695187165763009,0,39,1.077032,32.378493736196305,3.8257,-0.05865,0.017076084,-4.380606060604256e-05,-1.1815000000001824e-05,-0.000766617,1.0052613648560986,2.8277931126960838e-09,0,0,1,0,0,1,0
636,0.4836252856018003,1,635,1.042734,37.051340090165695,3.8257,-0.05865,0.015488884,-5.069090909090734e-05,-1.697500000000067e-05,-7.978900000000025e-05,0.9788098840898596,3.803840440288048e-09,0,0,1,0,0,1,0
217,0.1117434040346004,0,216,1.068129,35.6278975641548,3.8257,-0.05865,0.015809372,6.424242424653999e-07,-2.9153999999999985e-05,-0.000200432,0.9990356915709528,3.478626163737017e-09,0,0,1,0,0,1,0
111,0.2099236641181312,0,110,1.072403,31.32887826716917,3.8257,-0.05865,0.017544458,-0.0006329030303029,0.0004135649999999,-0.0001793999999999,1.007057080181202,2.64227865734026e-09,0,0,1,0,0,1,0
414,0.7896749521837538,2,413,0.997927,29.99404251831212,3.8257,-0.05865,0.018379599,-0.0007382909090908,2.2730000000005524e-06,0.0009427839999999,0.9379198273650138,2.422183104014797e-09,0,0,1,0,0,1,0
1496,0.9138141809235096,2,1495,0.938927,37.63018961038989,3.8257,-0.05865,0.015251461,-0.0003721636363636,1.006499999999834e-05,-0.000216125,0.8853191545534779,3.943707601233369e-09,0,0,1,0,0,1,0
347,0.3837597330324387,1,345,1.07475,36.86724716512061,3.8257,-0.05865,0.016020844,5.850909090909049e-05,-5.452100000000182e-05,-0.0005310339999999,0.9973867029954546,3.760300046636661e-09,0,0,1,0,0,1,0
477,0.9083969465475497,2,476,0.906509,31.596143133736668,3.8257,-0.05865,0.020523632,-0.0017204727272726,0.0002720519999999,0.002799774,0.851271683031455,2.6884478214361236e-09,0,0,1,0,0,1,0
227,0.3270348837161768,0,225,1.048368,33.15261693927896,3.8257,-0.05865,0.015859328,-0.0001014727272727,-5.5062000000001554e-05,-0.004026804,0.9833028503897128,2.972025402775568e-09,0,0,1,0,0,1,0
203,0.123471882639832,0,202,1.059559,35.22070881196943,3.8257,-0.05865,0.015352247,-6.690303030301466e-05,3.87599999999988e-06,-0.000115339,0.9990636951323462,3.3903036182744162e-09,0,0,1,0,0,1,0
448,0.8833992094687075,2,447,0.935222,33.665740456152285,3.8257,-0.05865,0.018856933,-0.0015885212121211,-1.0500000000024381e-07,0.0016281039999999,0.8788028566059011,3.071235503136893e-09,0,0,1,0,0,1,0
225,0.4534412955373797,1,224,1.053379,32.47725528334646,3.8257,-0.05865,0.017402468,-0.0001618303030302,0.000160103,-0.0002487489999999,0.9915312469408196,2.8458371467890123e-09,0,0,1,0,0,1,0
460,0.522234891670214,1,458,1.057451,35.46950273500961,3.8257,-0.05865,0.016847596,-0.0001560242424241,4.136999999997809e-06,-0.00027359,0.987380551763548,3.444026621849873e-09,0,0,1,0,0,1,0
229,0.1243184296612632,0,228,1.067534,33.63869876998237,3.8257,-0.05865,0.015408777,-0.0001016121212121,6.743000000000027e-06,-0.0001563999999999,1.0009986225572427,3.0659338078916926e-09,0,0,1,0,0,1,0
1027,0.8374183006467532,2,1025,1.041782,31.513096990421467,3.8257,-0.05865,0.017106473,1.6024242424248672e-05,-0.000361698,0.000319045,0.9660289108943944,2.674024827216909e-09,0,0,1,0,0,1,0
577,0.5614035087664581,1,576,1.050394,37.88752316480852,3.8257,-0.05865,0.015648406,-9.376363636359202e-05,-2.833000000000696e-06,-6.80420000000008e-05,0.9807884261822704,4.007354339989564e-09,0,0,1,0,0,1,0
24,0.6764705880363322,2,23,0.0474736581861432,7.849809440149771,4.034959849871618,-0.2444397899790282,0.016776592,0.0001282627102423,1.2765000000003121e-06,3.811000000000092e-05,1.076688378040088,5.072687157116061e-10,0,1,0,0,0,0,1
188,0.3681102362132262,1,187,1.072464,33.441194984166735,3.8257,-0.05865,0.017031688,-0.0001128303030302,-5.13829999999986e-05,-0.000290305,0.9983262928410388,3.027460468229864e-09,0,0,1,0,0,1,0
300,0.1723342939471335,0,299,1.155831,34.03493465930351,3.8263,-0.0706,0.086553,0.003998612121212,0.000591,0.050363,0.913785633758722,3.144446448073661e-09,1,0,0,0,1,0,0
423,0.6856677524318295,2,421,1.044369,36.29109337450605,3.8257,-0.05865,0.016542289,-0.0002383333333332,-5.03829999999976e-05,0.000281935,0.973361318457227,3.626905660838439e-09,0,0,1,0,0,1,0
1225,0.7054755043187004,2,1224,0.610103,34.03493465930351,3.7851,-0.061,0.084276,-0.0032381272727272,-0.0010469999999999,0.048086,0.4823398546267556,3.144446448073661e-09,1,0,0,0,1,0,0
413,0.3601398601367121,1,412,1.052728,37.04055563340833,3.8257,-0.05865,0.014985988,-5.7509090909069614e-05,-6.49399999999925e-06,-0.0001477909999999,0.986192547404276,3.801277361534183e-09,0,0,1,0,0,1,0
180,0.3190730837732785,0,179,1.062001,32.55082563289155,3.8257,-0.05865,0.017214745,-0.0001372545454545,-8.133100000000046e-05,-0.0006279559999999,0.9912319919357472,2.859345825755658e-09,0,0,1,0,0,1,0
467,0.3643471462051263,1,466,1.079914,34.03493465930351,3.8249,-0.0763,0.085764,-0.0071133212121212,0.00168,0.047466,0.8647932258875648,3.144446448073661e-09,1,0,0,0,1,0,0
140,0.2662835248991133,0,139,1.051948,33.54351568441066,3.8257,-0.05865,0.017029149,-0.0001942787878787,-0.000312375,-0.0006595149999999,0.9914525403457248,3.047337866307832e-09,0,0,1,0,0,1,0
515,0.5580890336530067,1,514,1.034591,37.924073367775655,3.8257,-0.05865,0.015141077,-7.79818181817744e-05,1.4110999999998944e-05,-0.000142061,0.9784513739672548,4.016468661274074e-09,0,0,1,0,0,1,0
28,0.0520231213862808,0,27,1.082417,33.32959725597531,3.8257,-0.05865,0.016544016,-7.99696969696793e-05,-7.295999999996916e-06,-0.0007206129999999,1.0058730764977506,3.005913681766161e-09,0,0,1,0,0,1,0
74,0.081081081080168,0,72,1.082756,32.730537027422315,3.8257,-0.05865,0.01663631,-3.1848484848455435e-05,1.496000000000136e-06,-9.668399999999966e-05,1.0031983574599928,2.892586211753165e-09,0,0,1,0,0,1,0
585,0.6886792452748977,2,584,1.028595,37.32560365570139,3.8257,-0.05865,0.014910636,-0.000136109090909,3.7670000000000073e-06,-0.000203817,0.9710514614461618,3.86954619727755e-09,0,0,1,0,0,1,0
659,0.7648428405033196,2,657,1.04022,32.880281790719714,3.8257,-0.05865,0.017317314,-0.0002397999999999,4.743000000001496e-06,0.0004864639999999,0.9621279248515028,2.9205484815873923e-09,0,0,1,0,0,1,0
175,0.1860962566825016,0,174,0.983922,34.03493465930351,3.8624,-0.0193,0.094446,5.422424242425259e-05,0.000478,0.063223,0.9446654812607292,3.144446448073661e-09,1,0,0,1,0,0,0
466,0.2306547619036178,0,465,1.009276,34.03493465930351,3.817,-0.0294,0.077243,0.0019322545454545,-0.0014369999999999,0.024031,0.9338481509959096,3.144446448073661e-09,1,0,0,0,1,0,0
515,0.5244897959130154,1,514,0.996895,31.8974478944504,3.8257,-0.05865,0.017402269,-0.0001804606060605,-4.797399999999924e-05,0.000166822,0.9730152595013184,2.741365590164887e-09,0,0,1,0,0,1,0
709,0.6135181975683405,1,708,1.02006,35.62852171883292,3.8257,-0.05865,0.015629329,-8.249696969697226e-05,-1.0388000000000064e-05,-0.000111045,0.9748065552840484,3.478763117898339e-09,0,0,1,0,0,1,0
16,0.09999999998,0,5,0.0691835316418984,7.160800567147388,4.033634353087378,-0.320196095157037,0.016776592,0.0002234535250972,1.2765000000003121e-06,3.811000000000092e-05,1.0132310879913038,4.812728817536098e-10,0,1,0,0,0,0,1
142,0.2120300751847815,0,141,1.034996,34.222877861495824,3.8257,-0.05865,0.013928658,-0.000237303030303,1.14469999999995e-05,0.000411662,0.9745495633341964,3.182314011389429e-09,0,0,1,0,0,1,0
874,0.94788273614606,2,873,0.950537,38.071906590596896,3.8257,-0.05865,0.016126111,-0.0009684303030303,3.491299999999753e-05,0.0008429729999999,0.8989583648579123,4.053522916419722e-09,0,0,1,0,0,1,0
184,0.2808641975265298,0,182,1.064238,33.66809190502282,3.8257,-0.05865,0.016337033,-0.0001005939393939,-2.5043999999998373e-05,0.000225581,0.996254583478042,3.071696908526982e-09,0,0,1,0,0,1,0
143,0.1345419847315406,0,141,1.080531,33.07516095588235,3.8257,-0.05865,0.016938502,-3.3430303030284313e-05,1.0565000000000574e-05,8.162899999999973e-05,1.001455103567228,2.957302347371617e-09,0,0,1,0,0,1,0
840,0.7276669557612518,2,839,1.025791,36.94761845607797,3.8257,-0.05865,0.015695926,-0.0001084727272727,1.1460999999997334e-05,9.11999999999996e-05,0.9581226310588384,3.779253631709876e-09,0,0,1,0,0,1,0
1674,0.9642651296774396,2,1673,1.228757,34.03493465930351,3.8237,-0.0641,0.089639,0.0019347212121212,6.499999999999562e-05,0.0534489999999999,0.9714400236543804,3.144446448073661e-09,1,0,0,0,1,0,0
1601,0.9221902017237916,2,1600,1.265707,34.03493465930351,3.8229,-0.0634,0.088399,-0.0015770848484848,0.000447,0.052209,1.0006522347539135,3.144446448073661e-09,1,0,0,0,1,0,0
207,0.2007797270935596,0,206,1.070105,36.84633523446718,3.8257,-0.05865,0.015591198,-5.020606060602189e-05,-3.012999999999627e-06,-0.00012525,0.9991932539597318,3.755382482101277e-09,0,0,1,0,0,1,0
332,0.4221938775456352,1,331,1.044965,34.628796607142604,3.8257,-0.05865,0.018314596,-5.557575757571192e-05,-1.2607000000001284e-05,-0.000237698,0.995971185445562,3.265500597161788e-09,0,0,1,0,0,1,0
872,0.8824721377823458,2,871,0.989213,37.36867119704655,3.8257,-0.05865,0.015969284,-0.0005463333333333,8.790000000001574e-06,0.000171384,0.9331493849520792,3.879955901928581e-09,0,0,1,0,0,1,0
1866,0.9471813103049916,2,1865,1.254755,34.03493465930351,3.8265,-0.0609,0.086921,0.0003394484848485,0.0002279999999999,0.049343,1.0242948128725529,3.144446448073661e-09,1,0,0,0,1,0,0
737,0.717348927868252,2,736,1.032889,38.144065855553215,3.8257,-0.05865,0.015702825,-0.0001184666666666,-1.3409999999984543e-06,-1.36230000000008e-05,0.9644434152622532,4.071720626823207e-09,0,0,1,0,0,1,0
398,0.3237939493023402,0,396,1.075513,31.79866800845869,3.8257,-0.05865,0.016110616,-7.39393939390988e-06,3.22150000000021e-05,-0.0002590879999999,0.996100851792543,2.723914790070298e-09,0,0,1,0,0,1,0
348,0.3558974358937856,1,347,0.858678,34.03493465930351,3.8722,-0.0163,0.090904,0.0002606606060605,0.000473,0.060459,0.8205832435035894,3.144446448073661e-09,1,0,0,1,0,0,0
458,0.45699999999543,1,457,1.043934,36.362172995238375,3.8257,-0.05865,0.015715687,-3.8133333333342166e-05,-5.4110000000003045e-06,-0.0002037689999999,0.989390860634918,3.6431295571790884e-09,0,0,1,0,0,1,0
1078,0.9165247018661284,2,1076,1.04785,31.79765735813958,3.8257,-0.05865,0.017290667,-6.423636363635593e-05,4.954999999997461e-06,0.0004226869999999,0.9703015588162848,2.723736762122864e-09,0,0,1,0,0,1,0
390,0.3862959284966604,1,389,1.057459,33.40036265105799,3.8257,-0.05865,0.015191272,-1.7606060606036066e-05,4.760000000009895e-07,-0.00024357,0.9914548746311784,3.0195607079232596e-09,0,0,1,0,0,1,0
374,0.7674897119183643,2,373,1.010856,34.12792273841452,3.8257,-0.05865,0.018873075,-0.0007561939393939,4.734699999999967e-05,0.0005938799999999,0.9454462468574164,3.1631311996980646e-09,0,0,1,0,0,1,0
543,0.5051353874836122,1,541,1.057353,31.46355005513312,3.8257,-0.05865,0.016469568,-6.006060606054598e-05,-2.006599999999914e-05,3.198899999999963e-05,0.9825541037442606,2.6654529463925382e-09,0,0,1,0,0,1,0
265,0.1521613832844256,0,264,1.147607,34.03493465930351,3.8234,-0.0701,0.086513,-0.0012392242424241,0.000811,0.050323,0.9072838414966772,3.144446448073661e-09,1,0,0,0,1,0,0
261,0.5349794238573049,1,260,1.059043,32.78559573891212,3.8257,-0.05865,0.017742099,-9.273939393941254e-05,-6.187399999999996e-05,-0.0001660659999999,0.9933796141266164,2.902839403061194e-09,0,0,1,0,0,1,0
51,0.0457516339865009,0,49,1.080999,30.796391316190487,3.8257,-0.05865,0.016260682,2.163636363638181e-06,-9.950000000001624e-06,-0.000176897,1.0045273466793418,2.5524114779212627e-09,0,0,1,0,0,1,0
937,0.5721271393608061,1,936,1.028363,35.838801676492984,3.8257,-0.05865,0.015465669,-6.230303030304247e-05,1.1437999999999032e-05,-1.917000000000585e-06,0.9696488243857916,3.5251798206378022e-09,0,0,1,0,0,1,0
735,0.9050554870418612,2,734,0.978649,35.123649652547975,3.8257,-0.05865,0.01547657,-0.0008392666666666,7.730000000007869e-07,3.510100000000092e-05,0.9199757091946904,3.3695500431686803e-09,0,0,1,0,0,1,0
436,0.4662379421171893,1,435,1.05763,33.585251387548006,3.8257,-0.05865,0.015543716,-5.619393939395226e-05,1.3013000000000954e-05,-0.000217276,0.9907763734266624,3.055479274671496e-09,0,0,1,0,0,1,0
1487,0.826014452469005,2,1486,0.992998,34.54169580007147,3.8257,-0.05865,0.015466909,-0.0001910666666666,-9.607000000000018e-06,-0.0003111999999999,0.9290757315199636,3.2474879764597183e-09,0,0,1,0,0,1,0
221,0.1908065914987788,0,220,1.066349,36.08264104367582,3.8257,-0.05865,0.015468473,-2.6824242424215718e-05,-5.866999999999678e-06,-0.0001362529999999,0.9960051409175564,3.5796995796387303e-09,0,0,1,0,0,1,0
313,0.3641686182627146,1,311,1.068839,32.449485567567535,3.8257,-0.05865,0.016984891,-4.675757575755748e-05,-1.081100000000293e-05,0.0002062519999999,0.9970029438870504,2.840753111642026e-09,0,0,1,0,0,1,0
353,0.588926174486763,1,351,1.064542,36.0304006929937,3.8257,-0.05865,0.016675003,-0.0001425151515151,0.0001145529999999,-1.0700999999998378e-05,0.9820896789168566,3.5679559590740043e-09,0,0,1,0,0,1,0
109,0.1658914728656451,0,107,1.076396,33.06250119390579,3.8257,-0.05865,0.016710345,-5.579393939389452e-05,-9.77999999998702e-07,0.00010241,1.0014672237837254,2.9549021819964223e-09,0,0,1,0,0,1,0
110,0.1237113402047684,0,108,1.094845,30.38478000751184,3.8257,-0.05865,0.016997913,-4.9842424242379496e-05,2.4454999999999616e-05,4.565899999999998e-05,1.0001881898963951,2.4848375441847622e-09,0,0,1,0,0,1,0
666,0.8080194410594408,2,665,1.000397,36.84242729456368,3.8257,-0.05865,0.015546623,-0.000241606060606,7.693000000001324e-06,-0.000224863,0.9571775615627568,3.754464146785284e-09,0,0,1,0,0,1,0
421,0.4255319148893056,1,420,1.050997,37.27618715859246,3.8257,-0.05865,0.015671702,-3.160000000002471e-05,-9.824000000002026e-06,-0.000126198,0.9914317787336804,3.857632769354352e-09,0,0,1,0,0,1,0
170,0.3421052631509695,1,169,1.062132,32.146293737959155,3.8257,-0.05865,0.017299978,-0.0001342787878788,4.765200000000219e-05,-0.0003512389999999,0.9997703261368855,2.785773723414714e-09,0,0,1,0,0,1,0
901,0.8937437934370035,2,900,0.985341,32.99131671366151,3.8257,-0.05865,0.015303026,-0.0005457272727272,8.360000000000659e-06,-0.0001318159999999,0.923838312051777,2.941438858400713e-09,0,0,1,0,0,1,0
835,0.9619377162518808,2,834,1.080235,34.03493465930351,3.8462,-0.011,0.090484,-3.463636363631082e-05,-0.000281,0.0436719999999999,0.9956752850652624,3.144446448073661e-09,1,0,0,1,0,0,0
793,0.9294947120924854,2,791,0.933403,35.74546346625125,3.8257,-0.05865,0.01845105,-0.0007386727272727,1.457200000000089e-05,0.001751773,0.8680920914962776,3.504508415434099e-09,0,0,1,0,0,1,0
365,0.774468085089905,2,364,0.972048,34.00592970101012,3.8257,-0.05865,0.017927894,-0.0007144242424241,6.314500000000056e-05,0.000897636,0.9091230482176176,3.1386385868430366e-09,0,0,1,0,0,1,0
612,0.7397094430903183,2,611,1.029997,34.8692304468669,3.8257,-0.05865,0.015083088,-0.0001600848484848,-7.033999999999513e-06,-0.000402255,0.9683508185408698,3.3156891933061194e-09,0,0,1,0,0,1,0
1327,0.5930232558113013,1,1326,1.030998,38.06943745730118,3.8257,-0.05865,0.015337657,-3.50060606060566e-05,1.9105000000000164e-05,-0.000260347,0.9621467766620628,4.052901522513242e-09,0,0,1,0,0,1,0
318,0.6846652267670699,2,317,1.026681,33.55429642478516,3.8257,-0.05865,0.018293452,-0.000450006060606,0.000215933,0.000489254,0.9587452689849923,3.049439003478903e-09,0,0,1,0,0,1,0
1039,0.9923518164341076,2,1038,0.885707,32.64354643116274,3.8257,-0.05865,0.017318202,-0.0007735636363636,7.31110000000007e-05,0.002020696,0.8264188829204071,2.876452864377381e-09,0,0,1,0,0,1,0
187,0.2133794694323716,0,185,1.091547,32.03853566915189,3.8257,-0.05865,0.016288573,-3.448484848428902e-06,5.256400000000147e-05,-2.2597999999998675e-05,0.9978818207747948,2.7664648733340304e-09,0,0,1,0,0,1,0
328,0.3110687022871081,0,326,1.073139,34.92278232089555,3.8257,-0.05865,0.016702186,2.760606060604112e-05,-0.0001271629999999,-0.000154687,0.9946040681729924,3.326961544244187e-09,0,0,1,0,0,1,0
1057,0.9230769230688544,2,1056,0.935625,37.508336062042986,3.8257,-0.05865,0.015730536,-0.0006662303030302,2.097599999999894e-05,0.0005967569999999,0.8764907955000015,3.913886796996274e-09,0,0,1,0,0,1,0
301,0.5780346820697874,1,300,1.038111,31.33072125472404,3.8257,-0.05865,0.017865511,-0.0002635757575757,0.000123579,-0.000115698,0.9684837945578524,2.642594572156139e-09,0,0,1,0,0,1,0
42,0.0571428571420408,0,40,1.074964,32.12915218416206,3.8257,-0.05865,0.016937301,1.0327272727254452e-05,9.3839999999977e-06,-0.000121738,1.0039393096028375,2.7826941031692223e-09,0,0,1,0,0,1,0
98,0.148837209300018,0,96,1.076882,33.025861778293184,3.8257,-0.05865,0.016668048,-4.246060606063274e-05,-1.141999999999116e-06,6.011300000000053e-05,1.0019193929396484,2.947965568217786e-09,0,0,1,0,0,1,0
478,0.5433789954275869,1,476,1.076623,35.05917195416267,3.8257,-0.05865,0.016628103,2.6872727272735737e-05,-7.836699999999933e-05,-0.0001791179999999,0.9877501777563708,3.355826269747519e-09,0,0,1,0,0,1,0
562,0.3058887677191609,0,561,1.057281,34.10177785597308,3.8257,-0.05865,0.01547808,-2.4696969696985105e-05,2.379999999996274e-07,-8.709699999999952e-05,0.991384653468596,3.157867676615004e-09,0,0,1,0,0,1,0
245,0.6777777777589507,2,244,0.963034,34.73453875582895,3.8257,-0.05865,0.018423187,-0.0007134424242424,-0.0001405769999999,0.0013693279999999,0.905231356934316,3.287488781855374e-09,0,0,1,0,0,1,0
106,0.2112676056295519,0,105,1.076475,31.86386260608621,3.8257,-0.05865,0.017455371,-0.0001499454545454,-0.0002028549999999,-0.0006136579999999,1.0028787434145252,2.7354210570812632e-09,0,0,1,0,0,1,0
1158,0.8335734870256948,2,1157,0.984892,36.24970858648664,3.8257,-0.05865,0.01490157,-0.0001683757575757,-2.1970000000001363e-05,-7.013800000000084e-05,0.938941158637442,3.6174894814787614e-09,0,0,1,0,0,1,0
380,0.3184498736283197,0,378,1.065367,33.38503582899632,3.8257,-0.05865,0.016393727,-0.0006707818181818,-3.2768999999998466e-05,-0.000348627,0.9950293689390662,3.016600236141275e-09,0,0,1,0,0,1,0
1112,0.8666146645798237,2,1111,0.992738,33.74114120574093,3.8257,-0.05865,0.015536455,-0.000312212121212,-1.4934000000001169e-05,-7.201800000000008e-05,0.9370624354006692,3.08606180877057e-09,0,0,1,0,0,1,0
459,0.4386973180034608,1,458,1.05993,35.7024683821932,3.8257,-0.05865,0.015807036,-1.8157575757573527e-05,-2.817800000000023e-05,-0.000238708,0.9913605638782342,3.495023032088578e-09,0,0,1,0,0,1,0
218,0.243243243240504,0,216,1.078492,33.60800286524157,3.8257,-0.05865,0.016705377,-2.684848484839885e-06,-5.286399999999969e-05,-2.7617000000000613e-05,0.9992476633089472,3.0599256400456267e-09,0,0,1,0,0,1,0
584,0.3016037247785742,0,583,1.05515,35.92535162292464,3.8257,-0.05865,0.01598735,-4.597575757571208e-05,6.369000000002595e-06,-2.2453999999998146e-05,0.9868962550039282,3.544445529987756e-09,0,0,1,0,0,1,0
398,0.5755813953404711,1,396,1.029829,34.42314579250718,3.8257,-0.05865,0.016059328,-8.437575757575398e-05,-6.930999999998216e-06,-0.0038268039999999,0.9659144414117824,3.2231149153073622e-09,0,0,1,0,0,1,0
844,0.9723183390891312,2,843,1.114067,34.03493465930351,3.8412,-0.0108,0.094076,0.0008536181818181,0.001124,0.047264,1.0268589499570016,3.144446448073661e-09,1,0,0,1,0,0,0
196,0.2263710618409991,0,194,1.076091,34.22560718505008,3.8257,-0.05865,0.0168972,-8.412121212079321e-06,5.30630000000025e-05,0.000155123,0.9984625348411688,3.182866929507731e-09,0,0,1,0,0,1,0
693,0.6593511450318765,1,691,1.043816,33.98014848033709,3.8257,-0.05865,0.017412286,-0.0001533030303029,2.1240999999998237e-05,0.0005554129999999,0.9674269968979416,3.133484323857976e-09,0,0,1,0,0,1,0
435,0.4014801110046117,1,434,0.866151,34.03493465930351,3.8665,-0.024,0.096292,-0.0009614363636363,-0.0022459999999999,0.064377,0.8575667567647844,3.144446448073661e-09,1,0,0,1,0,0,0
698,0.8469015795765868,2,697,0.990368,36.751164060289256,3.8257,-0.05865,0.015611619,-0.0003539515151514,7.181000000000201e-06,-0.000159867,0.9475818373003762,3.7330751956683705e-09,0,0,1,0,0,1,0
514,0.5864833906003839,1,512,1.068866,30.45721236524163,3.8257,-0.05865,0.017455606,-2.7218181818176697e-05,-1.1774000000002588e-05,0.0005033519999999,0.97645525145733,2.496610808343141e-09,0,0,1,0,0,1,0
617,0.7044673539438205,2,615,1.054652,30.50227827878209,3.8257,-0.05865,0.017636325,-0.0002309757575757,1.8000000000240046e-07,0.000684071,0.9634701486060702,2.5039611734162437e-09,0,0,1,0,0,1,0
426,0.2317339149387582,0,425,1.061942,34.03992514475911,3.8257,-0.05865,0.015432615,-5.7139393939404416e-05,4.805000000000087e-06,-0.0001325619999999,0.9957551508763968,3.145446699469222e-09,0,0,1,0,0,1,0
913,0.9460020768333748,2,911,0.926545,34.23451983764707,3.8257,-0.05865,0.018593026,-0.0007339636363636,-4.11500000000245e-06,0.0018365579999999,0.8552962559874754,3.1846730937790324e-09,0,0,1,0,0,1,0
428,0.6085714285627347,1,426,1.054192,35.52829631652666,3.8257,-0.05865,0.016829908,-2.942424242418097e-05,1.7991000000001922e-05,-0.000229131,0.9845397507905704,3.4568332013754183e-09,0,0,1,0,0,1,0
732,0.8220720720628145,2,730,1.030771,35.273976015549025,3.8257,-0.05865,0.017000822,-0.0002206,-1.1372000000002548e-05,0.0002678279999999,0.9550330583413016,3.40174211168816e-09,0,0,1,0,0,1,0
444,0.9568034557028768,2,443,0.867074,34.218099504267926,3.8257,-0.05865,0.02143218,-0.0020761939393939,0.0004884169999999,0.0036279819999999,0.8096995029224202,3.1813461988459e-09,0,0,1,0,0,1,0
800,0.7592768791554779,2,798,1.03156,34.605102651340985,3.8257,-0.05865,0.017288107,-0.0001221696969696,1.468699999999934e-05,0.00030988,0.9525251760430076,3.260591781336772e-09,0,0,1,0,0,1,0
129,0.1816881258915352,0,127,1.082151,33.70236525022999,3.8257,-0.05865,0.016929282,-5.377575757571536e-05,-1.3320000000000692e-05,0.000161382,1.0021095073216943,3.078429153150023e-09,0,0,1,0,0,1,0
408,0.8043478260710603,2,407,0.988337,33.11907505747124,3.8257,-0.05865,0.018038806,-0.0008895393939393,2.280699999999969e-05,0.0008099769999999,0.9287135876714904,2.9656416034103852e-09,0,0,1,0,0,1,0
236,0.2959697732960205,0,235,1.055601,35.400370284043234,3.8257,-0.05865,0.015184296,-5.56242424242153e-05,-4.9999999999703066e-08,-0.0003695079999999,0.9975844794298012,3.429022476586821e-09,0,0,1,0,0,1,0
107,0.1781512605012075,0,106,1.065916,33.32082515352351,3.8257,-0.05865,0.017648537,-0.0001464424242424,-7.046000000000136e-06,-0.000738367,1.0007633064595631,3.0042258563531222e-09,0,0,1,0,0,1,0
702,0.8196721311379429,2,700,1.011315,32.72748384797632,3.8257,-0.05865,0.017388128,-0.0005478484848484,-1.8202000000001883e-05,0.0006094889999999,0.9433450989317682,2.892018593100976e-09,0,0,1,0,0,1,0
857,0.9125799573463478,2,856,0.984068,34.610609343061824,3.8257,-0.05865,0.015850401,-0.0007111272727272,9.021000000001417e-06,0.000106009,0.920862743850344,3.261732043752964e-09,0,0,1,0,0,1,0
522,0.6392638036731378,1,521,1.035694,35.82374027107585,3.8257,-0.05865,0.015422329,-0.0001450545454545,-2.291999999999225e-06,-0.0002030619999999,0.9703642283278288,3.5218368201381638e-09,0,0,1,0,0,1,0
170,0.3256262042326469,0,169,1.066871,31.05711612852403,3.8257,-0.05865,0.01727294,-0.0001622606060606,0.0,-0.000708269,0.9953148308646478,2.5960644959086907e-09,0,0,1,0,0,1,0
805,0.904279279269096,2,803,1.00839,34.54128133527131,3.8257,-0.05865,0.01730882,-0.0004302303030303,3.566600000000017e-05,0.0005758259999999,0.9342965466634052,3.247402477957693e-09,0,0,1,0,0,1,0
224,0.4106813996241126,1,223,1.072953,33.8747742280405,3.8257,-0.05865,0.017793022,-3.975757575761536e-05,-6.00910000000017e-05,0.0001283189999999,1.001625261852929,3.112496489141843e-09,0,0,1,0,0,1,0
115,0.1724659606630489,0,114,1.005104,32.209584012845895,3.8257,-0.05865,0.017117973,-0.0002818848484848,-0.0003655179999999,1.8512000000001777e-05,0.9835398879565526,2.797170882190787e-09,0,0,1,0,0,1,0
176,0.3571428571355685,1,175,1.03913,34.37646057197839,3.8257,-0.05865,0.016560864,-0.000283806060606,7.005100000000153e-05,-0.0007510409999999,0.9733135635211372,3.2135619129571478e-09,0,0,1,0,0,1,0
419,0.606104651153981,1,417,1.027167,34.248110747011914,3.8257,-0.05865,0.01610112,-0.000197806060606,4.362700000000094e-05,-0.003785012,0.9634176538450716,3.1874290862241884e-09,0,0,1,0,0,1,0
307,0.6296296296166742,1,306,1.049003,32.94991972756162,3.8257,-0.05865,0.017824445,-0.0002687636363635,-4.0544e-05,-8.371999999999893e-05,0.9839621199117156,2.933634690524855e-09,0,0,1,0,0,1,0
905,0.972043010742236,2,904,0.910923,34.18041313820406,3.8257,-0.05865,0.017603122,-0.0011730363636363,2.427600000000016e-05,0.001421169,0.8488167742608801,3.173722425865333e-09,0,0,1,0,0,1,0
475,0.4405204460925602,1,474,1.049195,33.820259088249074,3.8257,-0.05865,0.015322862,4.089090909093625e-05,-3.061000000000383e-06,-0.000215414,0.988990220336986,3.101688096613674e-09,0,0,1,0,0,1,0
544,0.6403301886716942,1,543,1.034019,36.91898859270153,3.8257,-0.05865,0.014961829,-0.0001066303030302,3.078999999999582e-06,-0.000152624,0.9761720221400056,3.772492183154583e-09,0,0,1,0,0,1,0
8,0.0093023255812511,0,6,1.077962,32.83920436197428,3.8257,-0.05865,0.016494701,0.0004836071428571,-1.931299999999997e-05,-0.000113234,1.002924213286144,2.9128539104972234e-09,0,0,1,0,0,1,0
583,0.9178515007753894,2,581,0.962193,33.00604348406989,3.8257,-0.05865,0.018230349,-0.0012167636363636,2.3448999999998305e-05,0.0012283719999999,0.8943677289103543,2.944219645562901e-09,0,0,1,0,0,1,0
127,0.1091854419401283,0,126,1.04866,34.32095264597065,3.8257,-0.05865,0.015539569,-2.4999999999988383e-05,-1.6543000000000807e-05,-0.000200805,1.002137758822197,3.2022366401012674e-09,0,0,1,0,0,1,0
46,0.0519031141862525,0,45,1.059861,34.03493465930351,3.8447,-0.0136,0.094079,-3.673333333331703e-05,-0.0001239999999999,0.0472669999999999,0.9768961413993752,3.144446448073661e-09,1,0,0,1,0,0,0
576,0.5477099236588959,1,574,1.055625,33.723843840037446,3.8257,-0.05865,0.017316524,-0.0001371454545454,-1.5109999999991797e-06,0.0004596509999999,0.9783717854491496,3.0826548999348502e-09,0,0,1,0,0,1,0
231,0.3729641693750331,1,229,1.068415,34.48197472820994,3.8257,-0.05865,0.016575942,-9.117575757575118e-05,-1.8896000000000884e-05,0.0003155879999999,0.995772407127632,3.2351891349943452e-09,0,0,1,0,0,1,0
286,0.1584213451908926,0,285,1.066405,33.69651760370303,3.8257,-0.05865,0.015572473,-5.448484848499366e-06,9.80400000000041e-06,-0.0002056359999999,0.9977573021008568,3.0772795750431393e-09,0,0,1,0,0,1,0
813,0.9441210710018146,2,811,0.931955,34.96693420083671,3.8257,-0.05865,0.017772384,-0.0009806969696969,8.394399999999899e-05,0.0009415339999999,0.8619906656332145,3.336281109116608e-09,0,0,1,0,0,1,0
556,0.6324200913169815,1,554,1.0678,32.36875317717995,3.8257,-0.05865,0.017345317,-0.0001181515151514,-1.6574000000001837e-05,0.0005380959999999,0.979655496685704,2.826019063573469e-09,0,0,1,0,0,1,0
1719,0.9549749860980824,2,1718,0.916147,32.58434638020657,3.8257,-0.05865,0.016080989,-0.0004180363636363,0.000286408,0.00030288,0.8571718615796003,2.8655198448904187e-09,0,0,1,0,0,1,0
766,0.8498331479327048,2,764,1.009435,34.85857412897013,3.8257,-0.05865,0.017178625,-0.0004839818181818,-1.357500000000178e-05,0.000626747,0.936773246371916,3.313450195577913e-09,0,0,1,0,0,1,0
1129,0.5044722719118763,1,1128,1.037246,37.20141299517734,3.8257,-0.05865,0.015452018,-3.015151515154121e-05,2.9216999999999785e-05,-0.000145986,0.9679775280898876,3.8396685985517244e-09,0,0,1,0,0,1,0
274,0.5617283950501701,1,273,1.056174,33.88377937678984,3.8257,-0.05865,0.018228795,-0.0001689575757575,0.0001006159999999,-5.0400000000002526e-05,0.9878318418532264,3.114285137316351e-09,0,0,1,0,0,1,0
480,0.4071550255501946,1,478,1.074858,33.081218403811256,3.8257,-0.05865,0.016619394,-7.974545454547192e-05,7.445799999999947e-05,-0.000248586,0.9953107724446766,2.958451398691945e-09,0,0,1,0,0,1,0
331,0.6762295081828641,2,330,0.980857,32.74320290960064,3.8257,-0.05865,0.017881427,-0.0002761636363636,5.374999999999824e-05,1.7303999999999237e-05,0.9382366614184074,2.894942003297942e-09,0,0,1,0,0,1,0
156,0.177623990770731,0,154,1.093025,31.95941748202769,3.8257,-0.05865,0.016297447,-5.62242424242497e-05,-4.222000000001641e-06,-1.372399999999968e-05,0.99923299422963,2.7523645680604183e-09,0,0,1,0,0,1,0
11,0.0076161462299496,0,10,1.068952,34.79281069518158,3.8257,-0.05865,0.015417089,0.0002538606060606,-1.8439000000000302e-05,-0.0001515839999999,1.003420606998164,3.299662651980329e-09,0,0,1,0,0,1,0
772,0.8671171171073523,2,770,1.019931,35.21372789607842,3.8257,-0.05865,0.017044203,-0.0003246242424242,0.00011459,0.0003112089999999,0.9449895488203508,3.3888071114272598e-09,0,0,1,0,0,1,0
1798,0.9173047473153788,2,1797,1.323974,34.03493465930351,3.8279,-0.0504,0.084014,0.0006467878787878,-0.0031559999999999,0.047858,1.0686327527842303,3.144446448073661e-09,1,0,0,0,1,0,0
5,0.0060514372162473,0,4,1.023793,32.386926475530935,3.8257,-0.05865,0.016995605,0.0003837999999999,-0.0001346919999999,-0.0001038559999999,1.0018279227927684,2.829329776431589e-09,0,0,1,0,0,1,0
404,0.825819672114225,2,403,0.947752,32.7127387608391,3.8257,-0.05865,0.018698452,-0.0006767636363636,0.0002550369999999,0.000834329,0.9065701446109052,2.889278732151142e-09,0,0,1,0,0,1,0
96,0.189620758479249,0,95,1.081244,31.91061843157013,3.8257,-0.05865,0.018280281,-1.9509090909024116e-05,-1.0393000000000902e-05,-5.7144000000002027e-05,1.0093415369334704,2.743699917337066e-09,0,0,1,0,0,1,0
419,0.4664429530149167,1,417,1.071248,34.99929866480955,3.8257,-0.05865,0.016847203,-3.477575757572356e-05,-4.3523999999999646e-05,-0.0003124579999999,0.9920901213107376,3.3431274656702194e-09,0,0,1,0,0,1,0
636,0.3462377317320271,1,635,1.054703,34.35019585442188,3.8257,-0.05865,0.015461317,4.6060606060615074e-05,-7.512999999998923e-06,-0.0001038599999999,0.9889673305084348,3.208198653035896e-09,0,0,1,0,0,1,0
254,0.366279069762118,1,252,1.044604,32.860300494746824,3.8257,-0.05865,0.016027106,-0.0001469393939393,-3.608100000000031e-05,-0.003859026,0.9797724565500812,2.916803333429105e-09,0,0,1,0,0,1,0
357,0.1765873015864256,0,356,0.984594,34.03493465930351,3.8144,-0.0331,0.076566,0.0007843272727272,0.0001049999999999,0.0233539999999999,0.9110107506585576,3.144446448073661e-09,1,0,0,0,1,0,0
763,0.8717067582947112,2,761,0.986664,31.19434566235057,3.8257,-0.05865,0.017764704,-0.0008159393939393,7.457099999999897e-05,0.0008124499999999,0.9013601744502068,2.619309280892992e-09,0,0,1,0,0,1,0
74,0.0846063454749165,0,72,1.078814,33.80194342597627,3.8257,-0.05865,0.016635915,-3.4703030303037446e-05,1.3000000000096268e-07,-6.336199999999736e-05,1.0033285746836738,3.098064329953721e-09,0,0,1,0,0,1,0
479,0.4453781512563457,1,477,1.063475,33.66067627128158,3.8257,-0.05865,0.016008768,-0.0001464606060605,3.585000000000393e-06,-0.000428811,0.9882430233606256,3.0702420113114634e-09,0,0,1,0,0,1,0
218,0.1949685534573677,0,217,1.059784,37.10169682474946,3.8257,-0.05865,0.015012827,-1.5757575752631417e-07,-1.789999999999778e-06,6.425499999999917e-05,0.9976559719996914,3.815828957852299e-09,0,0,1,0,0,1,0
113,0.2382978723353553,0,112,1.062925,33.50805514376484,3.8257,-0.05865,0.016134255,-0.0001509272727272,1.960499999999893e-05,-0.0008960029999999,0.9941171794260274,3.0404358705672204e-09,0,0,1,0,0,1,0
718,0.677053824356213,2,717,0.975513,32.50983568897643,3.8257,-0.05865,0.017537393,-0.000181412121212,-3.38770000000016e-05,0.0004968309999999,0.9475130420931064,2.851812334975525e-09,0,0,1,0,0,1,0
47,0.0513112884828812,0,45,1.076672,33.01438536192276,3.8257,-0.05865,0.016948726,2.0242424242428416e-05,2.550000000010877e-07,-0.0001724599999999,1.005327900232127,2.9457958506875867e-09,0,0,1,0,0,1,0
97,0.1224489795902748,0,96,1.054186,33.727036135993416,3.8257,-0.05865,0.017006677,-2.115151515146692e-05,-0.0013540919999999,-0.0015456169999999,1.0047598532966322,3.083283403933868e-09,0,0,1,0,0,1,0
467,0.5363321799246098,1,465,1.069073,35.13038664411497,3.8257,-0.05865,0.016485658,-0.000158006060606,1.21900000000022e-06,0.000109271,0.982919153294577,3.370986882404377e-09,0,0,1,0,0,1,0
63,0.7654320986709343,2,62,1.016100815944114,11.726404805348082,3.331207681083793,-1.7382171562180335,0.016776592,-0.0003533815049212,1.2765000000003121e-06,3.811000000000092e-05,1.2717159944507297,6.78767609462966e-10,0,1,0,0,0,0,1
394,0.6577181207943336,1,392,1.054453,35.75265108857515,3.8257,-0.05865,0.016916428,-0.0002680484848484,-6.052499999999877e-05,0.000230724,0.9727821055467196,3.506096368086695e-09,0,0,1,0,0,1,0
426,0.2108134920624463,0,425,1.228128,34.03493465930351,3.8265,-0.019,0.074098,-0.0004589939393939,0.0008699999999999,0.0208859999999999,1.1363443319630155,3.144446448073661e-09,1,0,0,0,1,0,0
130,0.2393320964705133,0,129,1.08001,32.02400937602632,3.8257,-0.05865,0.016989531,-8.886666666660811e-05,-6.259800000000051e-05,-0.000442399,1.0039814934458275,2.763871168672383e-09,0,0,1,0,0,1,0
9,0.0473372781037078,0,8,1.069166,31.998020987091778,3.8257,-0.05865,0.017531049,-0.0002734499999999,0.0002833889999999,-0.0003211829999999,0.9999869058530836,2.759236329816674e-09,0,0,1,0,0,1,0
303,0.5968379446522364,1,302,1.041626,33.21432029221277,3.8257,-0.05865,0.017609367,-0.0002577454545454,-6.86999999999216e-07,-0.000268027,0.9794615352789175,2.9838012277318764e-09,0,0,1,0,0,1,0
212,0.3240740740690729,0,210,1.062467,33.73855042061283,3.8257,-0.05865,0.016383899,-0.000149303030303,-3.800000000012127e-07,0.000272447,0.9945967147801196,3.085551309602785e-09,0,0,1,0,0,1,0
1290,0.7165091717581072,2,1289,1.017264,34.44085859080029,3.8257,-0.05865,0.015535032,-6.657575757570924e-05,-3.95899999999956e-06,-0.0002430769999999,0.9517796561009428,3.226746077397165e-09,0,0,1,0,0,1,0
142,0.2949790794917368,0,141,1.0746,33.5427566669156,3.8257,-0.05865,0.017847385,-6.41212121212127e-05,-0.0001550989999999,4.904099999999967e-05,1.0076166668385724,3.047189984848472e-09,0,0,1,0,0,1,0
562,0.6791767554397194,2,561,1.036709,34.67724837203473,3.8257,-0.05865,0.01506938,-0.0001203393939393,-8.911999999999809e-06,-0.000415963,0.9746610997300832,3.2755592915979543e-09,0,0,1,0,0,1,0
39,0.0468557336615677,0,38,1.06788,32.9658940483841,3.8257,-0.05865,0.015247214,-1.8212121212150764e-05,4.533000000001008e-06,-0.0001942549999999,1.0038570113849048,2.936643966202434e-09,0,0,1,0,0,1,0
737,0.8679245282916518,2,736,0.982608,37.61707047775553,3.8257,-0.05865,0.015130679,-0.0005601151515151,-7.066000000000017e-06,1.6225999999999394e-05,0.9276371501209808,3.940487243524881e-09,0,0,1,0,0,1,0
455,0.869731800749622,2,454,0.923787,34.456309168524506,3.8257,-0.05865,0.01975714,-0.001380406060606,-0.000257275,0.0020684759999999,0.8706618272845769,3.2299164777156253e-09,0,0,1,0,0,1,0
1562,0.861003860999112,2,1561,0.945347,34.03493465930351,3.8134,-0.0578,0.101817,-0.0011508,0.001143,0.048215,0.7219337668437109,3.144446448073661e-09,1,0,0,0,1,0,0
467,0.3799019607812099,1,465,1.071032,33.68297085255196,3.8257,-0.05865,0.016381757,-5.080000000001611e-05,4.3844000000001215e-05,-0.0004056709999999,0.9931519996439224,3.0746179248282277e-09,0,0,1,0,0,1,0
1337,0.6785170137090984,2,1336,0.856564,34.03493465930351,3.8186,-0.0861,0.085938,0.0050009757575757,0.001074,0.04836,0.6992393432131097,3.144446448073661e-09,1,0,0,0,1,0,0
176,0.2037470725971458,0,174,1.075016,32.63633942587346,3.8257,-0.05865,0.016806237,-4.607272727269592e-05,-6.134299999999843e-05,2.759800000000021e-05,1.0027647912601254,2.875119880051153e-09,0,0,1,0,0,1,0
800,0.7638623326886821,2,799,1.020817,33.183767217423814,3.8257,-0.05865,0.01517186,-0.0002551212121212,3.4639999999998977e-06,-0.000125646,0.9524847887689284,2.9779650747982303e-09,0,0,1,0,0,1,0
907,0.968983957208888,2,906,1.039125,34.03493465930351,3.8646,-0.0117,0.089312,-0.001996909090909,0.000771,0.058089,0.997665992034994,3.144446448073661e-09,1,0,0,1,0,0,0
659,0.7966101694818812,2,658,0.998104,38.89890418411713,3.8257,-0.05865,0.015146253,-0.0002363696969697,1.2223999999999915e-05,-0.0002225969999999,0.950522733029985,4.266519204812151e-09,0,0,1,0,0,1,0
472,0.8658088235134962,2,471,0.911833,32.02963695317512,3.8257,-0.05865,0.018471709,-0.0006836181818181,1.774599999999904e-05,0.0014349599999999,0.8560365384254305,2.764875726759322e-09,0,0,1,0,0,1,0
222,0.4266409266326903,1,221,1.068202,32.055693590025385,3.8257,-0.05865,0.017575555,-0.0001187757575757,7.027100000000022e-05,-0.000184105,0.9987751423078938,2.769531278499354e-09,0,0,1,0,0,1,0
422,0.7810760667758613,2,421,1.003877,32.51782778454988,3.8257,-0.05865,0.018229851,-0.0007307393939393,-2.290900000000151e-05,0.0007979209999999,0.933207960755842,2.85327979136492e-09,0,0,1,0,0,1,0
779,0.6348039215634412,1,777,1.056178,32.42995230095237,3.8257,-0.05865,0.016837006,-9.760606060604603e-05,-6.930999999998216e-06,4.957800000000151e-05,0.9793781069845896,2.837181882247581e-09,0,0,1,0,0,1,0
33,0.619999999876,1,31,1.1576825122317769,7.915947250994455,3.390535719678572,-0.9568118198331176,0.016776592,-0.0051198934601498,1.2765000000003121e-06,3.811000000000092e-05,0.8780895222999403,5.09829822336014e-10,0,1,0,0,0,0,1
1181,0.6023481368014173,1,1180,0.798113,34.03493465930351,3.824,-0.095,0.085139,-0.0003101878787878,-0.0007989999999999,0.048983,0.6441891549402635,3.144446448073661e-09,1,0,0,0,1,0,0
4,0.0013711151736683,0,3,1.066985,34.79840714711918,3.8257,-0.05865,0.015310798,0.0006244,-2.4637999999998703e-05,-4.689999999999903e-05,1.0018215192785282,3.3008339606110647e-09,0,0,1,0,0,1,0
177,0.3492063491994205,1,176,1.058547,33.75625243006429,3.8257,-0.05865,0.017069107,-0.0001651454545454,-4.0571999999999137e-05,-0.000678271,0.9911089722043024,3.08904089932538e-09,0,0,1,0,0,1,0
340,0.6918367346797584,2,339,0.979811,34.97404625196285,3.8257,-0.05865,0.017673738,-0.0005299515151514,-6.505700000000031e-05,0.000361833,0.9177517115156034,3.337784507791153e-09,0,0,1,0,0,1,0
1341,0.6932229694739099,2,1340,1.020979,37.098985483387175,3.8257,-0.05865,0.015961645,-6.253333333333498e-05,-1.4916000000000236e-05,-4.815899999999901e-05,0.95493565041715,3.815182601884702e-09,0,0,1,0,0,1,0
142,0.2587155963255281,0,141,1.081523,32.91174215598644,3.8257,-0.05865,0.017972749,-0.0001268666666666,0.0001930109999999,0.0002614109999999,1.0052365996863988,2.926453937434485e-09,0,0,1,0,0,1,0
34,0.7021276594250792,2,33,0.9811308944080388,12.49966409943538,3.0545790418645686,-1.991453914785753,0.016776592,-0.0040639103615836,1.2765000000003121e-06,3.811000000000092e-05,0.9176808023517268,7.186870546153318e-10,0,1,0,0,0,0,1
189,0.3601532566980813,1,188,1.042328,34.06253632795707,3.8257,-0.05865,0.01717281,-0.000210303030303,-0.000111947,-0.0005158539999999,0.9823857676172952,3.1499822773517723e-09,0,0,1,0,0,1,0
1039,0.5725317153857004,1,1038,1.061401,34.03493465930351,3.823,-0.0418,0.0964,-0.0009445333333333,0.0007699999999999,0.042798,0.8105608015487241,3.144446448073661e-09,1,0,0,0,1,0,0
937,0.4842214174832684,1,936,1.040112,35.71299850587327,3.8257,-0.05865,0.016151715,-5.668484848485471e-05,9.94300000000184e-06,0.000141911,0.972831007519922,3.497344008367066e-09,0,0,1,0,0,1,0
624,0.8416779431550517,2,622,1.007929,33.672692974830525,3.8257,-0.05865,0.017434686,-0.0005973575757575,-1.0887999999997094e-05,0.000452186,0.9362001528863098,3.0725999185144047e-09,0,0,1,0,0,1,0
278,0.2648183556380036,0,277,1.066955,33.02674372825237,3.8257,-0.05865,0.015100722,-6.164848484847986e-05,9.565000000001309e-06,-0.000196784,0.9955343688447116,2.9481323679975072e-09,0,0,1,0,0,1,0
482,0.989711934136014,2,481,0.836199,29.370632447159824,3.8257,-0.05865,0.021529043,-0.0020646181818181,0.0002868009999999,0.003779516,0.7858355833017727,2.3251567729774082e-09,0,0,1,0,0,1,0
915,0.8455134134981914,2,914,1.032437,34.03493465930351,3.8517,-0.0359,0.137994,-0.0066482787878787,0.0103469999999999,0.106079,1.0222047306462312,3.144446448073661e-09,1,0,0,1,0,0,0
245,0.3957654723062578,1,243,1.067494,34.29200295710203,3.8257,-0.05865,0.016622705,-0.0001132666666666,-1.4817999999999776e-05,0.000362351,0.9949140268288114,3.196344268362089e-09,0,0,1,0,0,1,0
135,0.1374358974344878,0,134,0.999914,34.03493465930351,3.8642,-0.0151,0.088113,0.001301806060606,-0.0003019999999999,0.057668,0.9555533894482542,3.144446448073661e-09,1,0,0,1,0,0,0
243,0.486921529165253,1,242,1.051347,32.352298170542625,3.8257,-0.05865,0.01770322,-0.0002697151515151,-0.000134394,-0.000365809,0.9794686901717464,2.823024382555049e-09,0,0,1,0,0,1,0
464,0.5408878504609709,1,463,1.058411,34.58658426645382,3.8257,-0.05865,0.015384777,-8.560606060608988e-05,1.1485999999999788e-05,-0.000325039,0.987667350673322,3.2567598315874912e-09,0,0,1,0,0,1,0
79,0.0433574207890864,0,78,1.07129,32.75054237348845,3.8257,-0.05865,0.015631681,-1.833333333331926e-05,-2.3111999999998745e-05,-0.0001464279999999,1.0023278399553894,2.8963078958917873e-09,0,0,1,0,0,1,0
266,0.3837209302269808,1,264,1.04317,33.25752999121088,3.8257,-0.05865,0.015951011,-0.000107206060606,-1.271000000000605e-06,-0.003935121,0.9784274552838664,2.9920725463109837e-09,0,0,1,0,0,1,0
96,0.1833976833941429,0,95,1.078825,32.001524294368586,3.8257,-0.05865,0.017586684,-5.782424242421789e-05,-4.449699999999751e-05,-0.0001729759999999,1.0087077096844168,2.7598607114891187e-09,0,0,1,0,0,1,0
352,0.2859477124159645,0,350,1.07685,35.27238835648144,3.8257,-0.05865,0.016009221,0.0001051212121212,-3.113199999999969e-05,-0.0007782069999999,0.9985469442710938,3.401400680809785e-09,0,0,1,0,0,1,0
928,0.996774193537669,2,927,0.883885,34.07872508776421,3.8257,-0.05865,0.019105218,-0.0011674727272727,0.000129884,0.002923265,0.8236222101292623,3.153233187228602e-09,0,0,1,0,0,1,0
123,0.1193293885589809,0,121,1.076993,33.56440923724264,3.8257,-0.05865,0.016729668,-1.2048484848513858e-05,1.194300000000037e-05,4.183699999999943e-05,1.0022865683420563,3.051411145766056e-09,0,0,1,0,0,1,0
161,0.2274678111555441,0,159,1.08061,33.99367083150181,3.8257,-0.05865,0.016977346,-5.8957575757567455e-05,-3.28229999999978e-05,0.000209446,1.000682487662901,3.136186806495225e-09,0,0,1,0,0,1,0
294,0.5813492063376716,1,293,1.02785,34.07089897998454,3.8257,-0.05865,0.017642038,-0.000392109090909,4.084000000000032e-05,-0.00010534,0.9623676200302796,3.1516612288315654e-09,0,0,1,0,0,1,0
974,0.8505244755170409,2,973,0.985356,37.05713413241931,3.8257,-0.05865,0.015362618,-0.0004460787878787,3.7779999999994207e-06,0.0002288389999999,0.9230786525485096,3.805218116364603e-09,0,0,1,0,0,1,0
499,0.635204081624551,1,498,1.031064,35.10722143294273,3.8257,-0.05865,0.018256506,-0.0001289818181817,2.7995999999998883e-05,-0.000295788,0.9827219422183928,3.3660486007692043e-09,0,0,1,0,0,1,0
1243,0.9459253617597416,2,1242,0.920677,37.03631160888007,3.8257,-0.05865,0.016312826,-0.0005039636363636,4.879999999998774e-07,0.0007441529999999,0.8642355074776497,3.8002691338272615e-09,0,0,1,0,0,1,0
73,0.1466395111986427,0,72,1.083517,33.09424733600645,3.8257,-0.05865,0.017235771,-1.3333333333081064e-06,-2.1619999999999973e-05,-0.0001659,1.0082932798563191,2.96092424592086e-09,0,0,1,0,0,1,0
7,0.0058343057175515,0,5,1.080596,33.67553453339346,3.8257,-0.05865,0.016631609,0.0005349142857142,-2.491300000000141e-05,-0.000110468,1.0026425472373877,3.073157724347384e-09,0,0,1,0,0,1,0
1252,0.6353478923279058,1,1251,0.838258,34.03493465930351,3.8229,-0.0827,0.083505,-0.0006649818181817,-0.001847,0.0459269999999999,0.6842955965498606,3.144446448073661e-09,1,0,0,0,1,0,0
147,0.1621923937342036,0,145,1.082194,32.08347310883716,3.8257,-0.05865,0.017200593,-2.989090909091747e-05,-7.624000000001213e-06,4.093200000000047e-05,1.0022272869977376,2.774502414702094e-09,0,0,1,0,0,1,0
177,0.2646616541313584,0,176,1.027732,34.50480462408683,3.8257,-0.05865,0.013991551,-0.0002269818181818,-6.596000000001073e-06,0.0004745549999999,0.967709799675149,3.239885733789422e-09,0,0,1,0,0,1,0
281,0.624999999986049,1,280,1.059355,32.952127516837535,3.8257,-0.05865,0.018377736,-0.0002859454545454,-3.013600000000005e-05,0.0004514639999999,0.9916083196046128,2.934050433427403e-09,0,0,1,0,0,1,0
375,0.578294573634445,1,373,1.055637,35.08615020261438,3.8257,-0.05865,0.016683232,-0.0002429696969696,2.129899999999893e-05,7.529699999999848e-05,0.9821532741791872,3.3615623467971447e-09,0,0,1,0,0,1,0
609,0.5925925925868168,1,608,1.047752,37.99167202905095,3.8257,-0.05865,0.015657779,-9.234545454538756e-05,4.40700000000141e-06,-5.8669000000000776e-05,0.9783215013693206,4.033374349626328e-09,0,0,1,0,0,1,0
813,0.70424978316822,2,812,1.02896,36.78374103641144,3.8257,-0.05865,0.015714388,-0.0001172666666666,-6.269999999999193e-06,0.0001096619999999,0.9610825815924516,3.740697537634595e-09,0,0,1,0,0,1,0
86,0.0463467829877516,0,85,1.068668,33.059383149665024,3.8257,-0.05865,0.015398443,-8.676969696967672e-05,4.100999999999411e-06,-0.0001667339999999,1.0020619446041097,2.954311300311773e-09,0,0,1,0,0,1,0
1323,0.777647058818955,2,1322,0.978987,34.03493465930351,3.8086,-0.0548,0.101571,0.0437194,0.0008909999999999,0.0467809999999999,0.7689891389642309,3.144446448073661e-09,1,0,0,0,1,0,0
24,0.0224171539958828,0,23,1.075547,35.69777223953689,3.8257,-0.05865,0.015568323,1.8296969697012133e-05,-6.239999999994167e-07,-0.000148125,1.00427463353281,3.49398838684196e-09,0,0,1,0,0,1,0
437,0.332063975625803,1,436,1.052717,36.75167256619565,3.8257,-0.05865,0.015434519,-5.476363636366899e-05,7.002000000000744e-06,-0.0001341539999999,0.9881808828995934,3.733194068473379e-09,0,0,1,0,0,1,0
336,0.1733057423684774,0,335,1.064318,36.00198877931236,3.8257,-0.05865,0.015834514,-4.7381818181748425e-05,-3.2748999999998585e-05,-0.0001752899999999,0.9954712110441842,3.5615834885491604e-09,0,0,1,0,0,1,0
136,0.2154340835978226,0,134,1.083154,33.799528416206215,3.8257,-0.05865,0.016924372,-4.8145454545424175e-05,-1.2329999999997898e-06,0.0001807729999999,1.0012729055988434,3.0975868023545316e-09,0,0,1,0,0,1,0
653,0.9220963172673924,2,651,0.949806,34.88915201890548,3.8257,-0.05865,0.017483147,-0.0011029272727272,2.673700000000237e-05,0.001410818,0.8795607595030486,3.319878555160434e-09,0,0,1,0,0,1,0
715,0.7323076923001814,2,714,0.1687,34.03493465930351,3.875,-0.1109,0.12576,-0.0029955636363636,-0.0019319999999999,0.095315,0.1612157213519567,3.144446448073661e-09,1,0,0,1,0,0,0
756,0.6599650349592661,1,755,1.029774,37.22047434123913,3.8257,-0.05865,0.015125683,-9.513333333331752e-05,3.740999999999814e-06,-8.096000000000839e-06,0.9646893065546756,3.8442408658907825e-09,0,0,1,0,0,1,0
67,0.1090604026827338,0,65,1.087114,33.08592417497643,3.8257,-0.05865,0.016740659,-3.388484848484527e-05,-3.888999999999976e-06,5.495500000000236e-05,1.002913402389027,2.959344324058722e-09,0,0,1,0,0,1,0
161,0.3298969072096928,0,160,1.06555,34.01547525745955,3.8257,-0.05865,0.017094595,-4.304848484849909e-05,1.1045000000001193e-05,-0.0004651609999999,1.0004093458540588,3.1405488947418204e-09,0,0,1,0,0,1,0
149,0.1627906976726158,0,147,1.080035,33.12907587310103,3.8257,-0.05865,0.016767375,-5.273939393936312e-05,1.3910000000002393e-05,0.000174478,1.004425840435386,2.967543701160741e-09,0,0,1,0,0,1,0
788,0.7552783109332508,2,787,0.181991,34.03493465930351,3.8777,-0.0944,0.125736,-0.0006888787878787,0.0006139999999999,0.0952339999999999,0.1797798871677241,3.144446448073661e-09,1,0,0,1,0,0,0
457,0.6444759206707581,1,455,1.055537,35.864759690454136,3.8257,-0.05865,0.016247427,-0.000138812121212,-3.274000000000332e-05,0.0001750979999999,0.9774721631612868,3.530948094018392e-09,0,0,1,0,0,1,0
624,0.4744859101258608,1,623,1.043332,36.92803953528077,3.8257,-0.05865,0.015519166,-6.022424242423338e-05,7.371999999998546e-06,-4.950700000000072e-05,0.9793712240966932,3.774628549569232e-09,0,0,1,0,0,1,0
1413,0.7171152869440472,2,1412,0.817537,34.03493465930351,3.8117,-0.0973,0.088874,0.0033025515151515,-0.000877,0.0512959999999999,0.6673804116591592,3.144446448073661e-09,1,0,0,0,1,0,0
413,0.3938814531511102,1,412,1.060609,33.29546600581336,3.8257,-0.05865,0.015098992,-4.5775757575773565e-05,-6.041999999999506e-06,-0.000198514,0.9896131621352544,2.9993513312946637e-09,0,0,1,0,0,1,0
1596,0.8141909137273395,2,1595,0.381493,34.03493465930351,3.8113,-0.1339,0.098461,-0.0043186242424242,6.90000000000135e-05,0.062305,0.3079183690600529,3.144446448073661e-09,1,0,0,0,1,0,0
184,0.1889927310468432,0,182,1.082461,33.686256956363515,3.8257,-0.05865,0.01694208,-5.778787878784944e-05,7.493000000000777e-06,0.000185612,0.9992227474676983,3.075263384776608e-09,0,0,1,0,0,1,0
488,0.280691642649679,0,487,1.066021,34.03493465930351,3.8253,-0.0822,0.081967,-0.0025423272727272,1.4000000000000123e-05,0.045777,0.8427829631538752,3.144446448073661e-09,1,0,0,0,1,0,0
420,0.5141104294415446,1,419,1.048055,35.76662962420054,3.8257,-0.05865,0.015357912,-8.184848484851463e-05,-5.302000000000431e-06,-0.0002674789999999,0.9819455180006088,3.509186477808777e-09,0,0,1,0,0,1,0
724,0.8031145717374515,2,722,1.02651,34.21015623915048,3.8257,-0.05865,0.017188797,-0.0003210909090908,2.1889999999996634e-06,0.0006369189999999,0.9526191435141792,3.1797379478917675e-09,0,0,1,0,0,1,0
783,0.7725024727915677,2,781,1.024126,33.36327013333339,3.8257,-0.05865,0.017444102,-0.0003389454545454,7.530999999998122e-06,0.000506287,0.9488859836948818,3.0124005347845183e-09,0,0,1,0,0,1,0
226,0.4707112970612822,1,225,1.066533,33.507235551223204,3.8257,-0.05865,0.018109195,-0.0001293333333333,1.9727000000000636e-05,0.000310851,1.0000525093368164,3.040276512206149e-09,0,0,1,0,0,1,0
323,0.3175074183944856,0,321,1.073368,32.24787119606006,3.8257,-0.05865,0.017127683,-0.0001017757575756,9.979999999999711e-06,0.000189868,0.9945102951654464,2.804085864982541e-09,0,0,1,0,0,1,0
537,0.2922573609580575,0,536,1.057891,33.63727632289633,3.8257,-0.05865,0.015561794,-5.238787878793942e-05,-2.125599999999901e-05,-3.3829999999991645e-06,0.991956634463824,3.065655155714379e-09,0,0,1,0,0,1,0
1310,0.9430835734802372,2,1309,0.934581,38.4217836735605,3.8257,-0.05865,0.014739451,-0.0005223575757575,2.4000000001245247e-08,-0.0002322569999999,0.8909774543610257,4.142443092497356e-09,0,0,1,0,0,1,0
211,0.4393305439238634,1,210,1.06878,33.62193284795765,3.8257,-0.05865,0.018109025,-6.86909090908832e-05,5.8176999999999535e-05,0.000310681,1.0021594464765768,3.0626508705032942e-09,0,0,1,0,0,1,0
233,0.2527352297565346,0,231,1.076181,33.53784309176033,3.8257,-0.05865,0.016666584,-2.6593939393947424e-05,1.758900000000188e-05,4.024800000000314e-05,0.9969679115552864,3.04623281541548e-09,0,0,1,0,0,1,0
420,0.8073217726241364,2,419,0.96189,34.65767501762111,3.8257,-0.05865,0.018963324,-0.0009008606060606,6.855999999999529e-06,0.001698695,0.8938692329780679,3.271492476167458e-09,0,0,1,0,0,1,0
441,0.7394957983068993,2,440,0.979842,34.81087203208958,3.8257,-0.05865,0.018613882,-0.0005355757575757,4.362700000000094e-05,0.000226978,0.9199504648846168,3.3034441384063726e-09,0,0,1,0,0,1,0
1297,0.6582021330591254,1,1296,0.819549,34.03493465930351,3.8236,-0.0865,0.085651,-0.0015033757575757,0.000636,0.048073,0.6690228686834385,3.144446448073661e-09,1,0,0,0,1,0,0
472,0.9691358024491948,2,471,0.858264,34.84883476837548,3.8257,-0.05865,0.02162214,-0.0019731151515151,6.664000000000322e-05,0.003342945,0.802728061774213,3.3114050466742413e-09,0,0,1,0,0,1,0
1090,0.8293983244415126,2,1089,0.992329,36.31798388773595,3.8257,-0.05865,0.015983257,-0.0003474969696969,4.611000000001586e-06,0.000414584,0.9314949291660252,3.6330357724407028e-09,0,0,1,0,0,1,0
53,0.0483271375460192,0,52,1.064936,32.70914079876154,3.8257,-0.05865,0.015327563,-5.175757575746147e-06,-3.422999999998927e-06,-0.0002107129999999,1.0038279721927654,2.8886105301914957e-09,0,0,1,0,0,1,0
361,0.4203747072550307,1,359,1.06808,34.8682214787133,3.8257,-0.05865,0.016461965,-0.0001936727272727,-7.635000000002362e-06,-0.000316674,0.996294955841694,3.3154771409372406e-09,0,0,1,0,0,1,0
566,0.6245847176010566,1,564,1.056269,33.51218574042949,3.8257,-0.05865,0.0171724,-0.0001325454545454,-5.632999999997945e-06,0.000579503,0.982323608078298,3.041239121761089e-09,0,0,1,0,0,1,0
534,0.4349959116890025,1,532,1.067911,29.848297867413617,3.8257,-0.05865,0.016647259,-3.120606060602555e-05,1.1632000000001004e-05,0.000277555,0.9890601570958478,2.399179288991402e-09,0,0,1,0,0,1,0
833,0.4624791550835882,1,832,1.045363,33.473165882849834,3.8257,-0.05865,0.015780613,-3.9369696969689e-05,1.0346999999997358e-05,2.504000000000395e-06,0.9780698389411696,3.033658772158705e-09,0,0,1,0,0,1,0
58,0.0544933078388671,0,57,1.074724,32.33214888286989,3.8257,-0.05865,0.015092892,-3.610303030302193e-05,-1.2450000000004124e-06,-0.000204614,1.0027833217167208,2.81936125474707e-09,0,0,1,0,0,1,0
1232,0.6789851075527911,2,1231,1.029991,34.03493465930351,3.8182,-0.045,0.097694,0.0035738484848485,0.00068,0.044092,0.7865739061372393,3.144446448073661e-09,1,0,0,0,1,0,0
686,0.8323207776326571,2,685,0.994645,36.64603861046895,3.8257,-0.05865,0.015604541,-0.0003017939393939,1.7669999999999145e-05,-0.000166945,0.9516740611183244,3.7085729241015134e-09,0,0,1,0,0,1,0
109,0.1985294117610564,0,108,1.048895,31.76895905354058,3.8257,-0.05865,0.015832249,-0.0003497454545454,-3.998000000000196e-05,-0.0012045,0.9847115041589214,2.7186858636587282e-09,0,0,1,0,0,1,0
37,0.0711462450578824,0,36,1.072681,31.978937647157185,3.8257,-0.05865,0.016792601,-2.659999999998852e-05,-0.0001257319999999,-0.000436228,1.0079693666604022,2.755837403980589e-09,0,0,1,0,0,1,0
653,0.5640138408255708,1,652,1.033102,37.8396381433321,3.8257,-0.05865,0.015418314,-6.692121212122037e-05,-3.373099999999865e-05,-5.039599999999943e-05,0.9744121799871917,3.99544157998936e-09,0,0,1,0,0,1,0
1126,0.5031305903376425,1,1125,1.037402,37.19097107842996,3.8257,-0.05865,0.015435875,-2.8327272727248996e-05,2.261699999999908e-05,-0.000162129,0.9681231102318114,3.8371659518852164e-09,0,0,1,0,0,1,0
128,0.1164069660850925,0,127,1.062563,36.29318644320211,3.8257,-0.05865,0.01532874,-2.772121212120795e-05,-1.0289999999999603e-05,-0.0001744669999999,0.9999510641201186,3.627382475235767e-09,0,0,1,0,0,1,0
927,0.987206823017194,2,926,0.89921,34.782764425117534,3.8257,-0.05865,0.017212594,-0.0015567818181817,7.579100000000213e-05,0.001468202,0.8414550497502893,3.297560955211045e-09,0,0,1,0,0,1,0
1176,0.8465417867374169,2,1175,0.980734,36.35538946540614,3.8257,-0.05865,0.014901057,-0.0002208727272727,1.4955999999999995e-05,-7.06509999999997e-05,0.934977153104232,3.6415784138926813e-09,0,0,1,0,0,1,0
654,0.5331152902654692,1,652,1.062146,30.063431716946035,3.8257,-0.05865,0.016650353,-3.975151515146217e-05,3.340000000000981e-06,0.000280649,0.983720824693,2.4332047782636284e-09,0,0,1,0,0,1,0
293,0.5770750988028246,1,292,1.043917,33.045634184374954,3.8257,-0.05865,0.017625403,-0.0002619151515151,8.744800000000039e-05,-0.000251991,0.981615807903952,2.951707082640206e-09,0,0,1,0,0,1,0
1,0.0,0,0,1.065713,32.66129902212225,3.8257,-0.05865,0.016429476,-9.664545454543671e-05,1.2765000000003121e-06,0.0,1.0,2.879738694320279e-09,0,0,1,0,0,1,0
227,0.4466403161967067,1,226,1.056151,32.81529659697934,3.8257,-0.05865,0.017541397,-0.0001768666666667,5.651599999999951e-05,-0.000335997,0.9931196801408224,2.908383926687706e-09,0,0,1,0,0,1,0
987,0.5007618080218347,1,986,0.899224,34.03493465930351,3.838,-0.1265,0.041422,0.0063051272727272,-0.0418999999999999,0.003844,0.7340640035787931,3.144446448073661e-09,1,0,0,0,1,0,0
427,0.7620751341545245,2,426,1.023194,34.83482496415779,3.8257,-0.05865,0.021160793,-0.0006339454545454,3.709699999999983e-05,0.000787359,0.9514853096390528,3.308465142955499e-09,0,0,1,0,0,1,0
287,0.337264150939419,1,286,1.054367,36.61476390907944,3.8257,-0.05865,0.014885237,-3.6533333333309947e-05,1.717000000000038e-06,-0.0002292159999999,0.9953816771913196,3.7013114201870285e-09,0,0,1,0,0,1,0
550,0.753086419742756,2,549,1.031693,35.35387783295027,3.8257,-0.05865,0.016196804,-0.0002347272727272,6.062999999997126e-06,0.000187559,0.9664598589035848,3.418965015099882e-09,0,0,1,0,0,1,0
1314,0.7567723342895863,2,1313,0.720268,34.03493465930351,3.8223,-0.0886,0.089669,-0.0164913151515151,-0.002042,0.053479,0.5694349354327123,3.144446448073661e-09,1,0,0,0,1,0,0
186,0.2527472527437809,0,184,1.075441,33.311415104395635,3.8257,-0.05865,0.016372308,-0.0001129818181817,-9.276000000002504e-06,0.0001328459999999,0.9977770293652938,3.002416230964585e-09,0,0,1,0,0,1,0
129,0.1617834394883849,0,127,1.058877,32.747934124767134,3.8257,-0.05865,0.016316133,-3.590909090906954e-05,2.2860000000006486e-06,-0.000258945,1.004837826527194,2.8958224279853643e-09,0,0,1,0,0,1,0
865,0.9599555061072308,2,863,0.945215,35.42364578723408,3.8257,-0.05865,0.017456483,-0.0007688363636364,-3.248600000000171e-05,0.0009046049999999,0.877175968803767,3.434067506880925e-09,0,0,1,0,0,1,0
70,0.0383546414672687,0,69,1.071436,32.66568675234452,3.8257,-0.05865,0.015638269,-4.708484848481557e-05,-2.4992000000001457e-05,-0.0001398399999999,1.00246444149618,2.880551339507465e-09,0,0,1,0,0,1,0
424,0.9136069114273518,2,423,0.909526,34.41442608516145,3.8257,-0.05865,0.020664349,-0.0021185333333333,-0.000126496,0.0028601509999999,0.8493424437764449,3.221328704147238e-09,0,0,1,0,0,1,0
134,0.161016949150593,0,133,1.050731,35.90660615439722,3.8257,-0.05865,0.015183923,-6.683636363631956e-05,2.5630000000000444e-05,-0.0001849269999999,1.0006409169779191,3.5402648595217313e-09,0,0,1,0,0,1,0
1124,0.8090778097924418,2,1123,0.989979,36.203276568691706,3.8257,-0.05865,0.01487092,-0.0001136545454545,-4.085800000000125e-05,-0.000100788,0.943790821010564,3.606951029126103e-09,0,0,1,0,0,1,0
1617,0.824910668704314,2,1616,0.364086,34.03493465930351,3.8201,-0.11,0.098628,0.0034037393939394,0.0006239999999999,0.0624719999999999,0.2938684781047055,3.144446448073661e-09,1,0,0,0,1,0,0
770,0.7113783533699226,2,769,0.329567,34.03493465930351,3.8385,-0.1049,0.122223,0.0003610363636363,0.000153,0.090308,0.3263007296957456,3.144446448073661e-09,1,0,0,1,0,0,0
1675,0.9847058823471488,2,1674,0.878517,34.03493465930351,3.8062,-0.1042,0.065296,-0.021352503030303,-0.031859,0.010506,0.6900704824430144,3.144446448073661e-09,1,0,0,0,1,0,0
506,0.6927297667943384,2,505,1.040937,34.98033153508785,3.8257,-0.05865,0.016173638,-0.000185503030303,1.2946999999999265e-05,0.000164393,0.9751193680169594,3.339113644143926e-09,0,0,1,0,0,1,0
953,0.9074427480829445,2,951,0.954525,34.19736013272545,3.8257,-0.05865,0.018136974,-0.0006571212121212,2.22770000000011e-05,0.0012801009999999,0.8846705302601298,3.1771486905330204e-09,0,0,1,0,0,1,0
230,0.2449197860936372,0,229,0.990326,34.03493465930351,3.8619,-0.0175,0.093607,-0.0013497333333333,-0.000159,0.0623839999999999,0.9508139744766484,3.144446448073661e-09,1,0,0,1,0,0,0
125,0.2063758389227118,0,123,1.084799,33.275833343721466,3.8257,-0.05865,0.016873507,-4.156969696965804e-05,-2.9799999999999965e-05,0.000187803,1.0007777068441894,2.995582428506068e-09,0,0,1,0,0,1,0
468,0.4765306122400354,1,467,1.004631,32.407842762596886,3.8257,-0.05865,0.017492464,-0.0001191575757575,-0.000282446,0.0002570169999999,0.9805659504441984,2.8331445047923567e-09,0,0,1,0,0,1,0
438,0.4126534466438843,1,437,1.015438,32.17182972511857,3.8257,-0.05865,0.017331602,-8.515151515149106e-05,-0.000279866,0.00029104,0.9862920826651618,2.7903671511708304e-09,0,0,1,0,0,1,0
1521,0.6797853309450815,2,1520,1.024213,38.051138518009694,3.8257,-0.05865,0.015379811,-3.073333333336069e-05,-1.8910999999999928e-05,-0.000218193,0.9558148867072306,4.048298984874219e-09,0,0,1,0,0,1,0
583,0.5034602076081016,1,582,1.037342,37.31856873178252,3.8257,-0.05865,0.015531544,-7.785454545451711e-05,1.7712999999999063e-05,6.283399999999946e-05,0.9784113084790014,3.8678481921356695e-09,0,0,1,0,0,1,0
496,0.9880239520760872,2,495,0.840635,33.28827203059899,3.8257,-0.05865,0.022404402,-0.0022346303030302,6.746599999999867e-05,0.0040669769999999,0.7847329769229405,2.9979698022575902e-09,0,0,1,0,0,1,0
325,0.2746598639432427,0,323,1.074371,31.18099810226245,3.8257,-0.05865,0.017133798,-6.123030303024447e-05,-1.1914000000001757e-05,9.496699999999789e-05,0.999135125885682,2.617040204890711e-09,0,0,1,0,0,1,0
593,0.6981132075389374,2,592,1.027411,37.25288865045016,3.8257,-0.05865,0.014930491,-0.0001552303030302,-8.048999999999557e-06,-0.0001839619999999,0.9699336989348216,3.852027336534873e-09,0,0,1,0,0,1,0
555,0.590618336880697,1,554,1.053836,34.79919049401662,3.8257,-0.05865,0.015577678,-5.029696969696772e-05,1.651000000000083e-06,-0.000166714,0.9861496466994872,3.300997940862954e-09,0,0,1,0,0,1,0
187,0.3315508021331274,1,186,1.060702,32.52727780956181,3.8257,-0.05865,0.017087976,-0.0001339454545454,-0.0001117859999999,-0.0007547249999999,0.9900195539460236,2.855015818466218e-09,0,0,1,0,0,1,0
340,0.4305732484021582,1,338,1.048834,33.05993899999996,3.8257,-0.05865,0.01651345,-5.446060606058955e-05,-1.1510000000013176e-06,-6.162800000000107e-05,0.9953073652065566,2.954416628369465e-09,0,0,1,0,0,1,0
367,0.7904967602421059,2,366,0.994462,34.21379909946241,3.8257,-0.05865,0.018894311,-0.0008205151515151,-0.0002449879999999,0.001090113,0.9286582080367256,3.1804754171242032e-09,0,0,1,0,0,1,0
143,0.1526881720413689,0,142,1.073762,33.69954676350076,3.8257,-0.05865,0.016052142,-5.824848484846472e-05,3.799999999977433e-07,-0.000129811,1.0005535014089129,3.07787502388113e-09,0,0,1,0,0,1,0
356,0.2892156862721469,0,354,1.076238,34.32884978014845,3.8257,-0.05865,0.016151533,3.891515151518103e-05,0.0001108709999999,-0.000635895,0.997979445798796,3.203845701705872e-09,0,0,1,0,0,1,0
392,0.7867203219157601,2,391,0.986133,32.599884240547084,3.8257,-0.05865,0.018751122,-0.0007208909090909,-2.367600000000025e-05,0.0006820929999999,0.9187132296426724,2.8683857458125422e-09,0,0,1,0,0,1,0
6,0.0075187969923681,0,5,1.063021,33.982290862403325,3.8257,-0.05865,0.013547892,0.0001839714285714,-2.603999999999801e-06,3.089600000000074e-05,1.000937831030343,3.133912345930636e-09,0,0,1,0,0,1,0
84,0.0800385728053998,0,83,1.072702,33.27105800654173,3.8257,-0.05865,0.015798083,-1.6921212121244668e-05,-2.348599999999965e-05,-0.000139329,1.0040566546358558,2.994666345340628e-09,0,0,1,0,0,1,0
1754,0.7839892665438999,2,1753,1.013842,36.32603370037772,3.8257,-0.05865,0.015774449,-5.379393939394376e-05,-8.734300000000014e-05,0.0001764449999999,0.946136473925865,3.6348726594838365e-09,0,0,1,0,0,1,0
42,0.0620155038750075,0,40,1.078661,32.97379656454543,3.8257,-0.05865,0.016522776,-5.757575757581407e-06,3.386000000001055e-06,-8.515900000000132e-05,1.003574555343737,2.938133683414193e-09,0,0,1,0,0,1,0
613,0.5873320537371658,1,612,0.618824,34.03493465930351,3.8734,-0.041,0.107985,-0.0020420303030302,-0.0003179999999999,0.077483,0.6113055530036087,3.144446448073661e-09,1,0,0,1,0,0,0
452,0.6822995461318865,2,451,0.943169,31.47159770833335,3.8257,-0.05865,0.017827762,-0.0002608848484848,0.0002528479999999,0.000728301,0.9229336790860386,2.666843550833084e-09,0,0,1,0,0,1,0
487,0.4783037475297997,1,485,1.059583,36.96049048169555,3.8257,-0.05865,0.016300581,6.0242424242231445e-06,1.1855000000001586e-05,-0.0003872499999999,0.9860842261217864,3.782297128468724e-09,0,0,1,0,0,1,0
384,0.51478494622964,1,383,1.01541,32.944176450791545,3.8257,-0.05865,0.017094223,-0.0001305696969697,-6.189000000000194e-06,-0.000839503,0.9779185583114554,2.9325534372571078e-09,0,0,1,0,0,1,0
764,0.4488235294091246,1,763,1.068447,34.03493465930351,3.8221,-0.0453,0.101058,-0.0003671636363636,0.0011449999999999,0.046268,0.8392594983987689,3.144446448073661e-09,1,0,0,0,1,0,0
22,0.0194264569840941,0,21,0.998428,34.03493465930351,3.8604,-0.0165,0.092879,-0.0002276909090909,0.000529,0.060964,0.988532786804091,3.144446448073661e-09,1,0,0,1,0,0,0
135,0.1518264840165316,0,133,1.092835,32.060808678012855,3.8257,-0.05865,0.016885649,-5.124848484846367e-05,-4.927000000001791e-06,7.842799999999844e-05,1.002623913392509,2.7704460203259432e-09,0,0,1,0,0,1,0
782,0.4501440922164257,1,781,0.922024,34.03493465930351,3.8238,-0.0896,0.083395,-0.0012630121212121,-0.0017,0.047205,0.7289407233243891,3.144446448073661e-09,1,0,0,0,1,0,0
1489,0.7595712097970415,2,1488,0.662372,34.03493465930351,3.815,-0.1098,0.092141,-0.0005356545454545,0.000238,0.055985,0.5346271254021576,3.144446448073661e-09,1,0,0,0,1,0,0
814,0.9508196721200138,2,812,0.922181,34.80463255742889,3.8257,-0.05865,0.017881908,-0.0008967515151515,-7.721700000000095e-05,0.0011032689999999,0.8602017439452564,3.3021373454646075e-09,0,0,1,0,0,1,0
80,0.0931603773573919,0,79,1.06343,35.302761117385266,3.8257,-0.05865,0.014955229,-2.8266666666596934e-05,-7.832999999998758e-06,-0.0001592239999999,1.00393765830642,3.4079377711870723e-09,0,0,1,0,0,1,0
839,0.5109756097529818,1,838,1.040319,34.43392431811382,3.8257,-0.05865,0.015984803,-5.1115151515094167e-05,-2.16280000000027e-05,-0.0004446729999999,0.9761718211188192,3.2253240992509233e-09,0,0,1,0,0,1,0
362,0.4429447852706387,1,361,1.053063,35.697676975532765,3.8257,-0.05865,0.01536986,-5.99575757575634e-05,-1.9906999999999564e-05,-0.0002555309999999,0.9866376220926149,3.493967401301582e-09,0,0,1,0,0,1,0
984,0.9264844486246326,2,983,0.945501,36.69043147911628,3.8257,-0.05865,0.015567348,-0.0008209818181818,1.1350999999999722e-05,0.0003990499999999,0.8884417190365937,3.718902207090943e-09,0,0,1,0,0,1,0
32,0.03099999999969,0,31,1.058931,34.52314302451499,3.8257,-0.05865,0.015658371,5.721212121231996e-06,2.6540000000012387e-06,-0.0002610849999999,1.0036043020372885,3.243662767535068e-09,0,0,1,0,0,1,0
1075,0.8397185300950766,2,1074,0.895516,34.03493465930351,3.8267,-0.0885,0.085843,-0.0109407333333333,0.000195,0.047545,0.7171276328243994,3.144446448073661e-09,1,0,0,0,1,0,0
259,0.3307692307649901,1,258,0.995749,34.03493465930351,3.8295,-0.0405,0.181599,0.0006527333333333,0.000262,0.117586,0.9134792332913172,3.144446448073661e-09,1,0,0,1,0,0,0
1010,0.9333950046167124,2,1009,1.011645,34.03493465930351,3.8642,-0.0168,0.092692,0.0042289939393939,-0.001008,0.060777,1.0016187958535063,3.144446448073661e-09,1,0,0,1,0,0,0
315,0.6528066527930809,1,314,0.946074,31.43385566989248,3.8257,-0.05865,0.017304352,-0.0003583575757575,2.983999999997544e-06,2.624700000000008e-05,0.939041518071165,2.660327504030369e-09,0,0,1,0,0,1,0
624,0.7185697808452298,2,623,0.178247,34.03493465930351,3.8078,-0.0531,0.129011,-0.0058551696969696,0.00161,0.082199,0.1642940031909981,3.144446448073661e-09,1,0,0,1,0,0,0
50,0.1022964509373215,0,49,1.086713,32.04474717705743,3.8257,-0.05865,0.018041126,1.9296969696960563e-05,4.109000000002139e-06,-0.0001377319999999,1.0114810616002934,2.7675746204094533e-09,0,0,1,0,0,1,0
134,0.1461794019917366,0,132,1.080772,33.248444900276965,3.8257,-0.05865,0.016715953,-2.959393939391628e-05,-7.954000000000988e-06,0.0001230559999999,1.0051112458568778,2.9903317457276073e-09,0,0,1,0,0,1,0
117,0.1094196003795488,0,115,1.087183,32.62549273988973,3.8257,-0.05865,0.01698985,-7.460606060606145e-06,4.1260000000001296e-06,1.162300000000227e-05,1.0038865198979845,2.873114758195053e-09,0,0,1,0,0,1,0
895,0.7523167649473268,2,893,1.043522,31.67537681766385,3.8257,-0.05865,0.017105605,-9.601212121204392e-05,1.2070999999998916e-05,0.0003632509999999,0.974626618934163,2.702273818313266e-09,0,0,1,0,0,1,0
386,0.4201312910238498,1,384,1.067556,34.77489033933646,3.8257,-0.05865,0.016571401,-0.0001376666666666,-2.1161000000002175e-05,-5.493499999999901e-05,0.9889777609791616,3.2959145231281877e-09,0,0,1,0,0,1,0
1003,0.7920948616538175,2,1002,1.002013,38.648532595977066,3.8257,-0.05865,0.015062466,-0.0002119818181818,1.5872999999999582e-05,0.000148347,0.945295283018868,4.2010004178541195e-09,0,0,1,0,0,1,0
1172,0.6057941024283198,1,1171,1.029713,35.598034059783544,3.8257,-0.05865,0.016236037,-4.60242424242116e-05,2.653899999999904e-05,0.0002262329999999,0.963104680309776,3.472079061943501e-09,0,0,1,0,0,1,0
721,0.3656678516995141,1,720,0.977055,34.03493465930351,3.8317,-0.0747,0.081334,-0.0022807757575757,-0.0003259999999999,0.043756,0.7975998249787346,3.144446448073661e-09,1,0,0,0,1,0,0
806,0.8256410256325575,2,805,1.049651,34.03493465930351,3.8632,-0.0117,0.086735,-0.0013765636363636,0.00069,0.05629,1.0030838359976453,3.144446448073661e-09,1,0,0,1,0,0,0
465,0.8529411764549092,2,464,0.916465,32.69000005749357,3.8257,-0.05865,0.018347085,-0.0006793636363635,3.1366999999997425e-05,0.0013103359999999,0.8603850992320546,2.885058106217133e-09,0,0,1,0,0,1,0
1192,0.6864553314081473,2,1191,0.757096,34.03493465930351,3.8212,-0.098,0.088387,-0.0013383393939394,-0.000462,0.0521969999999999,0.5985506948474245,3.144446448073661e-09,1,0,0,0,1,0,0
514,0.5765765765700835,1,512,1.061224,33.337125947272746,3.8257,-0.05865,0.017096089,-0.0001328606060606,2.96829999999991e-05,0.0003630949999999,0.9832484638248352,3.007362943575892e-09,0,0,1,0,0,1,0
477,0.5260243632278403,1,475,1.064358,35.06441428571424,3.8257,-0.05865,0.01667434,-0.0001151636363636,-7.787000000002153e-06,8.144300000000049e-05,0.98984632782653,3.356940198729446e-09,0,0,1,0,0,1,0
826,0.9821215732898436,2,824,0.898531,35.65016736659884,3.8257,-0.05865,0.018564302,-0.0011959272727272,3.847600000000256e-05,0.002389701,0.8327087075064455,3.483515674601703e-09,0,0,1,0,0,1,0
1293,0.7897310513399162,2,1292,1.00108,36.94608670549388,3.8257,-0.05865,0.015208798,-8.758787878787648e-05,1.66140000000016e-05,-0.0002587879999999,0.9439235417028112,3.778891606712228e-09,0,0,1,0,0,1,0
145,0.1319890009153805,0,144,1.061741,35.84156218848165,3.8257,-0.05865,0.015403727,-2.8872727272714075e-05,-2.1214999999999776e-05,-9.9479999999999e-05,0.99917750078815,3.525792847204683e-09,0,0,1,0,0,1,0
490,0.6981402002761353,2,488,1.044384,36.956581221596295,3.8257,-0.05865,0.017000785,-0.0002133272727272,0.000136515,0.000232885,0.9671359502460012,3.7813725800335745e-09,0,0,1,0,0,1,0
312,0.3629976580753747,1,310,1.068871,32.431603929245334,3.8257,-0.05865,0.016995702,-4.330909090907469e-05,2.862900000000224e-05,0.0002170629999999,0.997032793185405,2.8374836900820837e-09,0,0,1,0,0,1,0
196,0.2237600922696221,0,194,1.08558,33.73034373840452,3.8257,-0.05865,0.016447872,7.807272727273086e-05,3.629200000000027e-05,7.14849999999996e-05,0.9980958965697636,3.0839347310114966e-09,0,0,1,0,0,1,0
107,0.1497860199693325,0,105,1.079901,32.134839353680434,3.8257,-0.05865,0.01660447,-7.986060606055307e-05,3.8129999999983455e-06,0.000123786,1.0019195941482533,2.783715510414629e-09,0,0,1,0,0,1,0
649,0.4935262757007348,1,648,1.041986,36.97510088843614,3.8257,-0.05865,0.015528765,9.096969697003685e-06,2.0163000000000125e-05,-3.990799999999996e-05,0.9781077397334856,3.785754316206024e-09,0,0,1,0,0,1,0
570,0.913183279728084,2,568,0.947401,34.625561584008096,3.8257,-0.05865,0.01851815,-0.0012522909090909,-6.385000000001112e-06,0.0017745509999999,0.8757821621276844,3.2648299876405727e-09,0,0,1,0,0,1,0
1376,0.7113295395721091,2,1375,1.018568,37.10878048142729,3.8257,-0.05865,0.016004406,-7.512727272730575e-05,-2.386400000000191e-05,-5.398000000000208e-06,0.952680609076284,3.8175180924097445e-09,0,0,1,0,0,1,0
30,0.0268270120256537,0,29,1.012012,34.03493465930351,3.8619,-0.0153,0.092056,-0.0028743212121211,-0.001643,0.060141,1.001982158592489,3.144446448073661e-09,1,0,0,1,0,0,0
436,0.6580937972668972,1,435,0.947712,31.99844116632448,3.8257,-0.05865,0.017175827,-0.0001535757575757,2.64979999999998e-05,7.636600000000132e-05,0.9273792108031412,2.759311210128946e-09,0,0,1,0,0,1,0
126,0.1044650379098191,0,124,1.075228,31.58306984303353,3.8257,-0.05865,0.01669752,-4.633333333331124e-05,-1.691699999999824e-05,-4.483400000000054e-05,1.0042393262656104,2.6861726984288164e-09,0,0,1,0,0,1,0
111,0.1689922480593954,0,109,1.076345,32.96777557274405,3.8257,-0.05865,0.016705725,-2.015757575759197e-05,2.5550000000013062e-06,9.779000000000038e-05,1.00141977393403,2.936998594117869e-09,0,0,1,0,0,1,0
48,0.0287286063567926,0,47,1.063872,34.93386534240341,3.8257,-0.05865,0.015306538,-1.513333333333898e-05,-2.744000000000704e-06,-0.000161048,1.0031304452775536,3.3292987457521063e-09,0,0,1,0,0,1,0
634,0.7239404352723489,2,632,1.049665,30.44128378057876,3.8257,-0.05865,0.017658256,-0.0002636303030302,-5.167000000000366e-06,0.000706002,0.9589143087355742,2.4940174592775197e-09,0,0,1,0,0,1,0
582,0.8789712556599247,2,581,0.910512,32.67357855642457,3.8257,-0.05865,0.017401217,-0.0001479818181817,-7.903700000000055e-05,0.000301756,0.890977322210534,2.882013487639551e-09,0,0,1,0,0,1,0
751,0.3809040121869939,1,750,0.975547,34.03493465930351,3.8307,-0.0779,0.08087,-0.0001330666666666,-5.499999999999949e-05,0.043292,0.7963687985410541,3.144446448073661e-09,1,0,0,0,1,0,0
233,0.4823284823184547,1,232,0.97387,31.46986187141345,3.8257,-0.05865,0.017280189,-0.0002975818181817,8.154800000000073e-05,2.084000000002889e-06,0.966630901181055,2.666543549553602e-09,0,0,1,0,0,1,0
1309,0.7975609756048929,2,1308,0.999515,37.0948297157946,3.8257,-0.05865,0.015447356,-0.000132109090909,-3.534799999999928e-05,-0.0009821199999999,0.9378838392700476,3.8141921001045435e-09,0,0,1,0,0,1,0
226,0.2151051625218441,0,225,1.069334,33.09230882965068,3.8257,-0.05865,0.01507093,-4.758181818184013e-05,1.4109999999997735e-06,-0.000226576,0.9977541215648184,2.9605562064586796e-09,0,0,1,0,0,1,0
324,0.4194805194750717,1,323,1.020868,36.71786617831293,3.8257,-0.05865,0.014410974,-0.000131812121212,-1.1986999999999762e-05,0.000473005,0.9559772221384634,3.7252985764249e-09,0,0,1,0,0,1,0
1681,0.8532249872988663,2,1680,0.774206,34.03493465930351,3.809,-0.1076,0.092011,0.0235046909090909,0.0003789999999999,0.0544329999999999,0.6320079935085396,3.144446448073661e-09,1,0,0,0,1,0,0
775,0.8915801614660718,2,773,0.969643,34.194403587285606,3.8257,-0.05865,0.017204689,-0.0008071515151515,0.0001164149999999,0.0008935179999999,0.8864383506541947,3.176550710871769e-09,0,0,1,0,0,1,0
101,0.1312997347462692,0,99,1.093719,33.73576220450289,3.8257,-0.05865,0.016576473,-4.661818181817187e-05,1.852000000000104e-06,-1.5354999999998148e-05,1.0011240367197534,3.0850019925240353e-09,0,0,1,0,0,1,0
232,0.2837837837802975,0,231,1.060836,35.186653501888216,3.8257,-0.05865,0.014918631,-5.149696969696453e-05,-6.221000000000698e-06,-0.000339791,0.9968351932524216,3.3830087493869722e-09,0,0,1,0,0,1,0
361,0.6617647058701881,2,360,0.967627,33.25711947722639,3.8257,-0.05865,0.017261129,-0.0003687151515151,-5.670099999999928e-05,0.0002243799999999,0.9084164178824236,2.991993867812393e-09,0,0,1,0,0,1,0
862,0.437277805990669,1,861,0.93546,34.03493465930351,3.8291,-0.0808,0.081064,-0.0008069818181818,0.0008279999999999,0.043486,0.7636445566263999,3.144446448073661e-09,1,0,0,0,1,0,0
104,0.0510912698410164,0,103,1.103586,34.03493465930351,3.8252,-0.0249,0.083946,0.0100527878787879,-0.0008389999999999,0.030734,1.0211099298556308,3.144446448073661e-09,1,0,0,0,1,0,0
427,0.6080114449126178,1,425,1.058238,37.15853551463641,3.8257,-0.05865,0.01677217,-0.0001302666666666,-3.905400000000017e-05,4.270000000000662e-06,0.9799652366528284,3.829401346172357e-09,0,0,1,0,0,1,0
849,0.3792486583167296,1,848,1.045882,37.34169529352004,3.8257,-0.05865,0.015324532,-0.0001156727272726,4.624200000000016e-05,-0.000273472,0.9760368061517788,3.8734327164010534e-09,0,0,1,0,0,1,0
641,0.5059288537509413,1,640,1.03665,39.1306979494767,3.8257,-0.05865,0.014678178,-5.4672727272711605e-05,-2.316399999999913e-05,-0.0002359409999999,0.9779716981132076,4.327991251640179e-09,0,0,1,0,0,1,0
1001,0.9293680297311396,2,1000,0.937542,33.495322146110894,3.8257,-0.05865,0.016031135,-0.0007850181818181,2.311999999997372e-06,0.0004928589999999,0.8837440791799223,3.037960963176402e-09,0,0,1,0,0,1,0
618,0.5238095238050697,1,616,1.063154,31.36167849722734,3.8257,-0.05865,0.017241307,-0.0001270545454544,-4.172000000000203e-06,0.000202476,0.9887036281004108,2.6479061694203854e-09,0,0,1,0,0,1,0
223,0.2815286624167958,0,221,1.078844,33.438500560377385,3.8257,-0.05865,0.016469574,-0.000130109090909,-1.26400000000082e-06,1.984699999999992e-05,0.9942208890301948,3.026938611370269e-09,0,0,1,0,0,1,0
91,0.0959488272910879,0,90,1.073056,33.47257766998809,3.8257,-0.05865,0.015584568,-1.406666666667455e-05,1.3917999999999917e-05,-0.0001598239999999,1.0041351740581694,3.033544630556045e-09,0,0,1,0,0,1,0
553,0.3009814612851637,0,552,1.057497,33.93436568552065,3.8257,-0.05865,0.015490836,4.458787878788506e-05,-4.7100000000015196e-07,-7.434100000000034e-05,0.9915871910013324,3.1243500109116007e-09,0,0,1,0,0,1,0
155,0.1791569086630075,0,153,1.075504,32.09119118504675,3.8257,-0.05865,0.016856091,-2.561212121215253e-05,-2.4120000000002477e-06,7.745199999999869e-05,1.003219993060038,2.775884984420533e-09,0,0,1,0,0,1,0
825,0.7128027681599239,2,824,1.01987,37.84726323264972,3.8257,-0.05865,0.015552497,-0.0001047151515151,-1.5091999999999536e-05,8.37870000000001e-05,0.9619318808825624,3.9973364096718075e-09,0,0,1,0,0,1,0
69,0.0733041575484321,0,67,1.082813,32.74546114298983,3.8257,-0.05865,0.016591396,-1.842424242424559e-05,2.421000000002449e-06,-3.49399999999972e-05,1.0031117583519076,2.8953622045414797e-09,0,0,1,0,0,1,0
343,0.6118067978423648,1,342,1.058925,34.580694284632855,3.8257,-0.05865,0.02066683,-0.0002262303030302,2.548399999999923e-05,0.000293396,0.9847121674966174,3.255541884263887e-09,0,0,1,0,0,1,0
887,0.9526881720327668,2,886,0.9318,34.18291476675259,3.8257,-0.05865,0.01714538,-0.0011457454545454,1.2369000000001656e-05,0.000963427,0.8682703919609978,3.174227984721771e-09,0,0,1,0,0,1,0
119,0.2264875239879752,0,118,1.077623,33.597075844537805,3.8257,-0.05865,0.017226914,-7.338181818182452e-05,8.818500000000104e-05,8.367599999999781e-05,1.0071996037086886,3.0577894265738595e-09,0,0,1,0,0,1,0
51,0.0417376490626768,0,49,1.085833,31.5755874839858,3.8257,-0.05865,0.016702116,-6.896969696968799e-06,-4.703300000000188e-05,-0.000165864,1.0054735434596205,2.684871334611793e-09,0,0,1,0,0,1,0
1093,0.5574272588026675,1,1092,0.83432,34.03493465930351,3.8239,-0.0964,0.08487,-0.0013262848484848,0.000738,0.048714,0.6734132832691119,3.144446448073661e-09,1,0,0,0,1,0,0
236,0.2551574375650906,0,235,1.051679,37.16801774563088,3.8257,-0.05865,0.015091565,-3.446666666663534e-05,-7.849000000000744e-06,-0.000191573,0.9946121341887842,3.831669796572955e-09,0,0,1,0,0,1,0
148,0.2727272727222128,0,147,1.078145,32.07169859002528,3.8257,-0.05865,0.017012529,-0.0001131333333333,2.7998999999997304e-05,-0.000419401,1.0022477821975275,2.77239439018042e-09,0,0,1,0,0,1,0
782,0.5626801152697214,1,781,1.018589,36.92255067980105,3.8257,-0.05865,0.014787378,-5.2357575757569714e-05,2.4578000000000797e-05,-0.0001843299999999,0.9710660009781312,3.773332841632658e-09,0,0,1,0,0,1,0
106,0.1696574225094672,0,104,1.084498,32.66768888219189,3.8257,-0.05865,0.017572518,-3.5515151515104975e-05,-4.654200000000011e-05,0.00013612,0.9997510988524736,2.880922219529809e-09,0,0,1,0,0,1,0
865,0.9840364880161456,2,863,0.893207,30.259162738095224,3.8257,-0.05865,0.01936196,-0.0008670727272727,5.770700000000059e-05,0.002240774,0.8340199408758073,2.4645378198151806e-09,0,0,1,0,0,1,0
579,0.7279596977238292,2,578,1.018739,36.38293895472311,3.8257,-0.05865,0.015231829,-0.0002042606060606,3.684000000000326e-06,-0.0003219749999999,0.9627484390312592,3.647881651911544e-09,0,0,1,0,0,1,0
683,0.6308973172929613,1,682,0.523738,34.03493465930351,3.8581,-0.069,0.11388,-0.0022494545454545,0.0004959999999999,0.081965,0.5185473411154345,3.144446448073661e-09,1,0,0,1,0,0,0
454,0.3263688760783403,0,453,1.035018,36.59415944413086,3.8257,-0.05865,0.014703614,-4.992727272727084e-05,7.968000000000558e-06,-0.0002680939999999,0.9867284942213036,3.6965343524244333e-09,0,0,1,0,0,1,0
1411,0.7197549770254225,2,1410,0.561289,34.03493465930351,3.8114,-0.1184,0.098221,0.0010633878787878,0.001085,0.062065,0.4530389638901579,3.144446448073661e-09,1,0,0,0,1,0,0
1598,0.8110716099501724,2,1597,0.664344,34.03493465930351,3.806,-0.1194,0.096278,-0.0029257212121211,0.0004009999999999,0.0587,0.5423242889352928,3.144446448073661e-09,1,0,0,0,1,0,0
261,0.5405405405293027,1,260,0.964272,31.52170243492068,3.8257,-0.05865,0.017201843,-0.0003642909090909,2.8646000000000227e-05,-7.626199999999708e-05,0.9571042462994632,2.6755161368764168e-09,0,0,1,0,0,1,0
1759,0.9696635410867642,2,1758,1.287542,34.03493465930351,3.8237,-0.0353,0.09599,-0.005048303030303,-0.0010579999999999,0.042388,0.9832580481341616,3.144446448073661e-09,1,0,0,0,1,0,0
1100,0.8592650508142357,2,1099,1.337964,34.03493465930351,3.8209,-0.0575,0.093109,-0.0025913575757576,0.0018129999999999,0.054811,1.0714392106051311,3.144446448073661e-09,1,0,0,0,1,0,0
143,0.2834331337268775,0,142,1.079932,32.069461380388844,3.8257,-0.05865,0.018468929,-4.47939393939324e-05,1.722899999999708e-05,0.0001315039999999,1.0081167846144223,2.771994019109706e-09,0,0,1,0,0,1,0
158,0.2937853107289306,0,156,1.046853,32.10477084919893,3.8257,-0.05865,0.015271183,-0.0002840909090909,-3.438999999999179e-06,-0.000469554,0.975968414085006,2.7783190665105446e-09,0,0,1,0,0,1,0
240,0.2210915818665949,0,239,0.963128,34.03493465930351,3.8634,-0.0175,0.094132,0.0013472242424243,-8.600000000000274e-05,0.0622169999999999,0.9535826377956652,3.144446448073661e-09,1,0,0,1,0,0,0
542,0.4411764705846309,1,540,1.066375,32.01891922502333,3.8257,-0.05865,0.016827431,-1.8296969696979238e-05,-4.296700000000139e-05,4.000300000000026e-05,0.9888336330009636,2.7629628270230007e-09,0,0,1,0,0,1,0
810,0.41296579887487,1,809,0.942713,34.03493465930351,3.8316,-0.0814,0.082521,0.0009286363636364,-7.300000000000362e-05,0.0463649999999999,0.7609016402704889,3.144446448073661e-09,1,0,0,0,1,0,0
488,0.7677725118362121,2,486,1.029084,34.0657794642857,3.8257,-0.05865,0.016921178,-0.0003811878787878,2.653199999999925e-05,-8.079900000000292e-05,0.9565435624017044,3.1506332994376803e-09,0,0,1,0,0,1,0
764,0.5965598123487369,1,763,0.978368,34.03493465930351,3.8265,-0.0838,0.085738,-0.0077851151515151,0.0018219999999999,0.0474399999999999,0.7834753682470688,3.144446448073661e-09,1,0,0,0,1,0,0
102,0.1938579654473347,0,101,1.078293,33.43299951065634,3.8257,-0.05865,0.017231453,-1.8903030303010316e-05,0.00012647,8.821499999999913e-05,1.007825818752804,3.0258734171261532e-09,0,0,1,0,0,1,0
98,0.0871518418680399,0,97,1.063556,36.153337552387605,3.8257,-0.05865,0.01506798,-5.4236363636342135e-05,2.347699999999918e-05,0.0001194079999999,1.0012068449383116,3.5956473586571566e-09,0,0,1,0,0,1,0
78,0.1707317073132875,0,77,1.07504,33.47087701148703,3.8257,-0.05865,0.017711997,-3.6460606060582776e-05,-8.274999999999949e-05,-0.000219131,1.0095808000841442,3.033214642657719e-09,0,0,1,0,0,1,0
1034,0.9600371747122676,2,1033,0.912515,33.70049471072899,3.8257,-0.05865,0.016372969,-0.0007827212121211,2.5367000000001836e-05,0.000834693,0.8601531754447979,3.0780613852794467e-09,0,0,1,0,0,1,0
374,0.4515738498734676,1,373,1.054179,34.53260909981892,3.8257,-0.05865,0.015069282,-6.855757575752945e-05,-1.6990000000008387e-06,-0.000416061,0.9910855056263228,3.2456139760758914e-09,0,0,1,0,0,1,0
582,0.5415499533096028,1,580,1.054661,32.41261799616855,3.8257,-0.05865,0.016246583,1.900606060605286e-05,-3.253700000000262e-05,-0.000190996,0.9800525402670874,2.8340160631350107e-09,0,0,1,0,0,1,0
752,0.7396449704069068,2,750,1.026854,37.060406039613504,3.8257,-0.05865,0.016794119,-7.927878787875399e-05,1.2740000000000667e-05,0.0001062879999999,0.9556254978893216,3.805996290471856e-09,0,0,1,0,0,1,0
379,0.1727605118822086,0,378,1.056613,35.762811476151775,3.8257,-0.05865,0.015185334,-0.0001718969696969,8.80999999999972e-06,-0.0001723639999999,0.9920829636306449,3.5083421915165566e-09,0,0,1,0,0,1,0
337,0.3187440532795553,0,335,1.079262,34.34711875700938,3.8257,-0.05865,0.016798351,0.0001043333333333,1.01679999999979e-05,-0.0001798759999999,0.9965724015534998,3.207570835363497e-09,0,0,1,0,0,1,0
93,0.1038812785376269,0,91,1.094271,32.011283792694115,3.8257,-0.05865,0.016813748,-3.992727272730301e-05,1.7722000000001265e-05,6.526999999999228e-06,1.0039413748021744,2.761600780764564e-09,0,0,1,0,0,1,0
183,0.1438735177854239,0,182,1.058157,38.39240601617183,3.8257,-0.05865,0.01440815,-2.3624242424215413e-05,-2.2327000000000805e-05,-0.000505969,0.998261320754717,4.134910174654506e-09,0,0,1,0,0,1,0
599,0.6531728665136415,1,597,1.045782,33.46348584346962,3.8257,-0.05865,0.017246038,-0.0001510787878787,1.6362000000002402e-05,0.000619702,0.9688064521508096,3.0317808691056027e-09,0,0,1,0,0,1,0
403,0.3409863945549236,1,401,1.072881,32.564233541977615,3.8257,-0.05865,0.016789809,-0.0001402363636362,1.5662999999999094e-05,-0.000249022,0.9977494673584418,2.861813926152892e-09,0,0,1,0,0,1,0
976,0.960552268235103,2,974,0.915298,31.14448511425343,3.8257,-0.05865,0.019829338,-0.0008271818181817,0.0006194389999999,0.0031415069999999,0.8518076639591414,2.6108420462889012e-09,0,0,1,0,0,1,0
265,0.3020594965640497,0,264,1.062401,34.82709619408258,3.8257,-0.05865,0.015177432,-5.070909090909095e-05,8.819999999999661e-06,-0.000266035,0.994979218215295,3.3068442930780123e-09,0,0,1,0,0,1,0
141,0.1785714285691508,0,140,1.053091,33.85147019613158,3.8257,-0.05865,0.01836822,-4.967878787877632e-05,-5.222999999998645e-06,-0.0001840739999999,1.0037161930323526,3.1078720058796632e-09,0,0,1,0,0,1,0
413,0.6232980332734751,1,412,0.952069,32.12035369441622,3.8257,-0.05865,0.017161449,-0.0001087333333333,1.5118999999997468e-05,6.198799999999893e-05,0.9316427330772808,2.781114570839205e-09,0,0,1,0,0,1,0
221,0.4526748971100273,1,220,1.047629,29.33926266479403,3.8257,-0.05865,0.017206065,-0.000225103030303,2.1060999999999303e-05,-0.000543462,0.9845313690866082,2.3203681441981264e-09,0,0,1,0,0,1,0
212,0.1895777178779014,0,211,1.059808,36.89753327867553,3.8257,-0.05865,0.015042739,-4.433939393938628e-05,-1.9799999999986492e-07,9.416699999999915e-05,0.9976785650406582,3.767432245350677e-09,0,0,1,0,0,1,0
423,0.2482352941161868,0,422,1.197415,34.03493465930351,3.8227,-0.0365,0.098445,-0.0004496484848484,9.200000000000874e-05,0.043655,0.940563184018638,3.144446448073661e-09,1,0,0,0,1,0,0
534,0.5033050047166827,1,533,1.004865,32.43907462207031,3.8257,-0.05865,0.017215595,-0.0001884,-0.0004110839999999,0.000175033,0.9760225574060925,2.8388491963155404e-09,0,0,1,0,0,1,0
113,0.152472527470433,0,111,1.07888,33.11287846267285,3.8257,-0.05865,0.016291751,-4.215757575756725e-05,-4.458999999998325e-06,5.22890000000005e-05,1.0009676787863102,2.9644635961374953e-09,0,0,1,0,0,1,0
497,0.5415754923354313,1,495,1.058965,35.23722483568081,3.8257,-0.05865,0.016614856,-2.1230303030331207e-05,8.798000000000139e-05,-1.1479999999997742e-05,0.9810191078082068,3.3938465387209924e-09,0,0,1,0,0,1,0
498,0.9576107899622812,2,497,0.863573,32.096606429944984,3.8257,-0.05865,0.021006571,-0.0017469818181818,8.052000000000059e-05,0.003025362,0.8056522432742821,2.776855408292105e-09,0,0,1,0,0,1,0
209,0.3720930232491575,1,208,1.07831,34.12408008763309,3.8257,-0.05865,0.020432381,-6.784848484848286e-05,4.767400000000102e-05,5.8947000000000166e-05,1.00273860503178,3.16235709861458e-09,0,0,1,0,0,1,0
24,0.0319767441855817,0,22,1.070016,31.32387975689072,3.8257,-0.05865,0.019886132,2.1109090909128902e-05,0.0,0.0,1.0036073046512282,2.641422010991806e-09,0,0,1,0,0,1,0
104,0.5953757225089378,1,103,1.6507877959674548,30.9573027862264,3.457263997632369,-1.9773123626836613,0.016776592,-0.0016283696799272,1.2765000000003121e-06,3.811000000000092e-05,1.6475214394430109,2.579274150990048e-09,0,1,0,0,0,0,1
424,0.2351306281254301,0,423,1.062401,34.016030498544154,3.8257,-0.05865,0.015562544,-1.864242424245917e-05,-6.759999999998018e-07,-0.0002155649999999,0.994011051626026,3.1406600446828836e-09,0,0,1,0,0,1,0
566,0.3323529411745156,1,565,1.157414,34.03493465930351,3.823,-0.0402,0.099112,0.0061142181818181,-0.0006369999999999,0.044322,0.9091426089265192,3.144446448073661e-09,1,0,0,0,1,0,0
336,0.3590568059982952,1,335,1.061852,33.19366071291728,3.8257,-0.05865,0.015572179,-3.0896969696971324e-05,1.2945000000000316e-05,-0.000188813,0.9947314974762896,2.9798537760099207e-09,0,0,1,0,0,1,0
665,0.7830188679152946,2,664,1.012277,37.66414738003928,3.8257,-0.05865,0.014930248,-0.0002841636363636,1.5727000000000102e-05,-0.0001842049999999,0.955646352780576,3.952054188076448e-09,0,0,1,0,0,1,0
156,0.146946564884094,0,154,1.079989,33.25915396069463,3.8257,-0.05865,0.016948733,-3.915151515151344e-05,9.343000000001931e-06,9.185999999999916e-05,1.000952768450389,2.992383812097482e-09,0,0,1,0,0,1,0
337,0.1502683363141759,0,336,1.066059,37.2498538750032,3.8257,-0.05865,0.015134761,-3.475151515149548e-05,1.6663000000000094e-05,-0.000463243,0.9948663630594649,3.8512977320223434e-09,0,0,1,0,0,1,0
2,0.0008741258741182,0,1,1.068024,35.11443640142202,3.8257,-0.05865,0.015098186,-9.664545454543671e-05,-3.559300000000043e-05,-3.559300000000043e-05,1.0005217959899464,3.367585966793527e-09,0,0,1,0,0,1,0
785,0.6115444617737009,1,784,1.02902,34.43692433892628,3.8257,-0.05865,0.015507062,-5.9072727272708615e-05,3.309700000000103e-05,-0.0001014109999999,0.971309637866181,3.2259392301191754e-09,0,0,1,0,0,1,0
326,0.3748558246784907,1,325,0.922416,34.03493465930351,3.8542,-0.013,0.097412,-0.0004437272727272,-5.000000000005e-06,0.0506,0.8502101984741831,3.144446448073661e-09,1,0,0,1,0,0,0
1863,0.950484941291728,2,1862,1.239245,34.03493465930351,3.8296,-0.0599,0.087358,-0.0034850303030302,0.001691,0.051202,1.0002445635066048,3.144446448073661e-09,1,0,0,0,1,0,0
439,0.5302663438192462,1,438,1.049455,34.61354443829053,3.8257,-0.05865,0.015072113,-7.692121212124023e-05,-8.591999999999975e-06,-0.00041323,0.9866442409752731,3.2623399557592046e-09,0,0,1,0,0,1,0
14,0.0267489711928652,0,13,1.071406,30.443145565505763,3.8257,-0.05865,0.017299982,0.0001534545454545,0.0001026359999999,-0.000449545,1.0068763045196407,2.494320453329078e-09,0,0,1,0,0,1,0
859,0.914712153508372,2,858,0.982489,34.62581882331888,3.8257,-0.05865,0.01586088,-0.0007284484848485,1.5956000000000997e-05,0.000116488,0.919385160723426,3.2648833079683953e-09,0,0,1,0,0,1,0
213,0.2479435957667691,0,211,1.073029,34.16097730769234,3.8257,-0.05865,0.01684916,-9.689090909083408e-05,2.2129999999974392e-06,0.0001498829999999,0.9979483554757798,3.169797063979687e-09,0,0,1,0,0,1,0
262,0.5348360655628107,1,261,0.997715,32.66306859470754,3.8257,-0.05865,0.017504999,-0.0001522424242423,0.000146834,-0.0003591239999999,0.9543621451924862,2.8800664095236754e-09,0,0,1,0,0,1,0
37,0.0333016175068192,0,35,1.08804,32.674859406278735,3.8257,-0.05865,0.016773993,1.858787878787066e-05,6.439000000000444e-06,-0.0002042339999999,1.0046778593022545,2.8822508590170143e-09,0,0,1,0,0,1,0
39,0.035815268614177,0,38,1.06839,34.777335854461846,3.8257,-0.05865,0.014965493,-4.627272727271791e-05,4.120999999999292e-06,-0.000202805,1.0039145894097483,3.2964257891365132e-09,0,0,1,0,0,1,0
68,0.7882352940249135,2,67,1.1386774565024178,10.357968672788797,3.338909543714826,-1.7640193087678495,0.016776592,-0.0022717939532029,1.2765000000003121e-06,3.811000000000092e-05,1.450030793202971,6.130101499687891e-10,0,1,0,0,0,0,1
58,0.0700245700237097,0,57,1.069058,34.28382094656567,3.8257,-0.05865,0.015102766,-1.6612121212104284e-05,3.841000000000955e-06,-0.000155656,1.0045611555679177,3.194680680731909e-09,0,0,1,0,0,1,0
1715,0.945394373960588,2,1714,0.858889,34.03493465930351,3.8032,-0.0719,0.106349,-0.0057829333333333,-0.0015539999999999,0.052747,0.6559083289740466,3.144446448073661e-09,1,0,0,0,1,0,0
1026,0.5588876772052406,1,1025,1.03737,33.213992337467644,3.8257,-0.05865,0.015762581,-4.736969696969831e-05,2.366700000000152e-05,0.000197404,0.9727146311800906,2.9837385283408123e-09,0,0,1,0,0,1,0
1150,0.9939446366696026,2,1149,0.885445,38.6166508104424,3.8257,-0.05865,0.016943363,-0.000724909090909,6.734699999999885e-05,0.0014746529999999,0.8351434734505971,4.192722456667944e-09,0,0,1,0,0,1,0
848,0.975778546701548,2,846,0.901874,33.10819812654321,3.8257,-0.05865,0.019010153,-0.0009938181818181,2.7485999999996708e-05,0.0026989819999999,0.8244845794358348,2.9635741167175187e-09,0,0,1,0,0,1,0
243,0.2280867106481801,0,242,1.060997,35.95593634009836,3.8257,-0.05865,0.014988612,-6.0460606060577145e-05,4.555999999999311e-06,-0.000179686,0.9969677436329192,3.55127613507239e-09,0,0,1,0,0,1,0
1521,0.6946983546586166,2,1520,1.016636,35.99837827946465,3.8257,-0.05865,0.015356475,-6.423030303030953e-05,1.1500000000001093e-06,-1.2229999999998492e-06,0.954547460435944,3.5607744260074382e-09,0,0,1,0,0,1,0
439,0.5566878980820804,1,437,1.061053,35.808680088180125,3.8257,-0.05865,0.016262582,-4.6484848484885065e-05,2.23220000000017e-05,-0.0001871449999999,0.9778253917787516,3.518496935404966e-09,0,0,1,0,0,1,0
63,0.0980707395482625,0,61,1.085896,33.541958049348295,3.8257,-0.05865,0.016731493,-6.693333333328978e-05,1.3970000000002036e-06,-1.210600000000131e-05,1.003807623937281,3.047034394956078e-09,0,0,1,0,0,1,0
510,0.5054617676215942,1,509,1.050782,33.411038409178865,3.8257,-0.05865,0.015239106,-6.427878787880763e-05,-2.274799999999952e-05,-0.000195736,0.9851946374040972,3.021624338922685e-09,0,0,1,0,0,1,0
377,0.7657841140373567,2,376,1.014685,34.3017144381511,3.8257,-0.05865,0.017908841,-0.0007522787878787,-0.0001049099999999,0.00050717,0.9442399765495229,3.198319841257611e-09,0,0,1,0,0,1,0
248,0.264171122991827,0,247,0.979959,34.03493465930351,3.8614,-0.0174,0.093387,0.0062977757575757,-0.0007199999999999,0.062164,0.9408605970298284,3.144446448073661e-09,1,0,0,1,0,0,0
458,0.6458923512656389,1,456,1.055731,36.098701328971984,3.8257,-0.05865,0.016183713,-0.0001370484848484,-6.371399999999944e-05,0.0001113839999999,0.9776518154137928,3.5833168914223383e-09,0,0,1,0,0,1,0
313,0.6081871344910684,1,312,1.041484,33.38812705295956,3.8257,-0.05865,0.017248672,-0.0002584545454545,4.15799999999994e-05,-0.0001019119999999,0.9768525075434058,3.0171971154981914e-09,0,0,1,0,0,1,0
276,0.4160363086170039,1,275,0.976475,32.56224019999997,3.8257,-0.05865,0.017306652,-0.0001477575757575,-0.000316745,0.0002071909999999,0.9555251119211292,2.8614468747820562e-09,0,0,1,0,0,1,0
145,0.1599552572689043,0,143,1.082223,32.194023501848434,3.8257,-0.05865,0.017206525,-2.500606060607097e-05,-8.731000000001404e-06,4.686400000000063e-05,1.0022541440966706,2.794364906291349e-09,0,0,1,0,0,1,0
806,0.9167616875608124,2,804,0.940114,31.16678158842109,3.8257,-0.05865,0.017984182,-0.0006882424242423,-4.71039999999992e-05,0.000862996,0.8778187169340576,2.614625350492934e-09,0,0,1,0,0,1,0
70,0.110929853179267,0,68,1.086197,32.606131220435216,3.8257,-0.05865,0.017502893,-4.942424242419908e-05,2.550699999999753e-05,6.649499999999975e-05,1.0013173323696865,2.869538703688149e-09,0,0,1,0,0,1,0
133,0.1737400530480936,0,131,1.092227,33.89994974392522,3.8257,-0.05865,0.016585225,-5.6212121212116695e-05,3.122999999997239e-06,-6.603000000000858e-06,0.99975835041204,3.117499294141819e-09,0,0,1,0,0,1,0
497,0.4723282442703022,1,495,1.061629,33.51463613570741,3.8257,-0.05865,0.017273009,-0.0001213454545454,1.4876999999999946e-05,0.0004161359999999,0.9839363980718486,3.0417157247958787e-09,0,0,1,0,0,1,0
32,0.0375302663433713,0,31,1.053879,35.473265737799714,3.8257,-0.05865,0.015135552,3.248484848488037e-05,-1.9530999999999715e-05,-0.0002332979999999,1.0036388466160917,3.444845012368748e-09,0,0,1,0,0,1,0
484,0.9958762886392604,2,483,0.83062,35.40582377660278,3.8257,-0.05865,0.021394534,-0.0023959878787879,9.649800000000042e-05,0.003834778,0.7798414066475514,3.4302039393222613e-09,0,0,1,0,0,1,0
84,0.0656126482208252,0,83,1.061291,37.215243246422254,3.8257,-0.05865,0.01456009,1.042424242458159e-06,2.684099999999967e-05,-0.000354029,1.0012179245283015,3.84298559120274e-09,0,0,1,0,0,1,0
112,0.1203501094078736,0,110,1.081387,32.724537785780264,3.8257,-0.05865,0.01666501,-4.216969696966683e-05,2.003000000000421e-06,3.867400000000243e-05,1.0017907201233218,2.8914709835419356e-09,0,0,1,0,0,1,0
213,0.2147922998965066,0,212,1.060656,36.701007042829175,3.8257,-0.05865,0.015648052,-3.023636363629977e-05,1.6316999999998333e-05,-0.000149848,1.0005433552184742,3.7213667201923028e-09,0,0,1,0,0,1,0
785,0.9974522292866568,2,783,0.8828,34.50882026618715,3.8257,-0.05865,0.019105129,-0.0010187757575756,7.34669999999972e-05,0.0025300509999999,0.8377468140853063,3.2407124700930803e-09,0,0,1,0,0,1,0
574,0.4677023712144914,1,572,1.066661,30.69988125164321,3.8257,-0.05865,0.01642048,4.687878787879579e-05,8.713999999999944e-06,5.0776000000002375e-05,0.9879024527587168,2.536420933455166e-09,0,0,1,0,0,1,0
69,0.0853503184702503,0,67,1.088307,33.1001175604606,3.8257,-0.05865,0.016334403,-3.085454545451026e-05,6.681000000001436e-06,-0.0001153239999999,1.0029416236988704,2.962039001167167e-09,0,0,1,0,0,1,0
849,0.8653061224401499,2,848,0.926781,32.91843677127657,3.8257,-0.05865,0.017120235,-0.000275806060606,-0.0003115959999999,-0.0001152119999999,0.9045807785332372,2.927711973355946e-09,0,0,1,0,0,1,0
987,0.5799999999965882,1,986,1.026032,34.03493465930351,3.8216,-0.0455,0.100991,8.435757575757918e-05,-0.0002609999999999,0.046201,0.8059427390044483,3.144446448073661e-09,1,0,0,0,1,0,0
1168,0.5219141323769145,1,1167,1.035913,37.19492515941184,3.8257,-0.05865,0.01540708,-3.2145454545448364e-05,-5.053499999999912e-05,-0.000190924,0.966733547351525,3.838113466632368e-09,0,0,1,0,0,1,0
14,0.2666666666074074,0,12,1.2352499196655526,9.119927887302934,3.348504626898048,-1.0009715586058807,0.016776592,-0.0017572158113581,1.2765000000003121e-06,3.811000000000092e-05,0.9506867834963436,5.585490780547128e-10,0,1,0,0,0,0,1
574,0.8101983002718102,2,572,1.021484,35.057174620452294,3.8257,-0.05865,0.016858893,-0.0005059818181817,-6.107400000000124e-05,0.000786564,0.9459376365912746,3.355401948944377e-09,0,0,1,0,0,1,0
298,0.4234620886920821,1,296,1.072089,34.259982771321496,3.8257,-0.05865,0.017177902,-0.0001100666666666,2.792499999999809e-05,0.0004100019999999,0.9927917449551938,3.1898382715485584e-09,0,0,1,0,0,1,0
468,0.6600566572144467,2,466,1.054148,35.63403466604824,3.8257,-0.05865,0.01627556,-0.0001593272727272,4.247000000000278e-05,0.000203231,0.9761858900750466,3.479972997807298e-09,0,0,1,0,0,1,0
13,0.012307692307566,0,12,1.036576,34.03493465930351,3.8556,-0.0133,0.087363,0.0043943696969696,-0.000661,0.0569179999999999,0.990588900866188,3.144446448073661e-09,1,0,0,1,0,0,0
307,0.363528009530828,1,305,1.071509,34.56042172635451,3.8257,-0.05865,0.01643686,-6.182424242421565e-05,-1.4353999999997674e-05,0.000262259,0.9930151263245496,3.2513529913857557e-09,0,0,1,0,0,1,0
817,0.8463136033141608,2,815,0.98777,34.42009355209353,3.8257,-0.05865,0.017962892,-0.0005700484848484,2.3812000000001526e-05,0.001206424,0.9118132230779386,3.22248957005199e-09,0,0,1,0,0,1,0
238,0.4683794466310597,1,237,1.054574,32.62936977624087,3.8257,-0.05865,0.016957866,-0.0001753939393939,2.6082999999999665e-05,-0.000270963,0.9909547077616988,2.873831324076658e-09,0,0,1,0,0,1,0
182,0.3467432950125145,1,181,1.043402,33.32897155756203,3.8257,-0.05865,0.017437501,-0.0001885939393939,9.447900000000148e-05,-0.0002511629999999,0.9833980039905108,3.0057932639923557e-09,0,0,1,0,0,1,0
279,0.5494071146136481,1,278,1.046943,32.80025515481832,3.8257,-0.05865,0.016919058,-0.0001879575757575,-4.219999999999918e-05,-0.000309771,0.9837840631460252,2.9055748189992317e-09,0,0,1,0,0,1,0
361,0.645683453225797,1,359,1.022227,33.82368736612571,3.8257,-0.05865,0.015796144,-0.0002971393939393,-1.6179999999983707e-06,0.00044737,0.944373770715948,3.102366806512954e-09,0,0,1,0,0,1,0
63,0.0727056019061656,0,61,1.082269,33.92157012820508,3.8257,-0.05865,0.016112542,-8.227878787880591e-05,-3.94899999999962e-06,-6.205899999999973e-05,1.002986897685548,3.1218013951631393e-09,0,0,1,0,0,1,0
66,0.0730593607297595,0,64,1.095189,32.0892842912443,3.8257,-0.05865,0.016748434,-3.1696969696345025e-06,2.057100000000048e-05,-5.878700000000112e-05,1.0047835959540357,2.775543337377962e-09,0,0,1,0,0,1,0
928,0.7565359477062376,2,926,1.049584,33.95090344003867,3.8257,-0.05865,0.016594071,2.969696969696946e-05,-8.749400000000046e-05,-0.000193357,0.973263589131106,3.1276467640966613e-09,0,0,1,0,0,1,0
268,0.2315698178644269,0,267,1.063968,36.342544076537656,3.8257,-0.05865,0.015458897,-5.3218181818141446e-05,3.773999999999792e-06,-0.000145829,0.993781208377155,3.638642769892852e-09,0,0,1,0,0,1,0
423,0.8226120857539452,2,422,0.981176,34.133272585604495,3.8257,-0.05865,0.018288855,-0.0009732727272726,-5.587900000000173e-05,0.000938271,0.9202870480404968,3.164209208442738e-09,0,0,1,0,0,1,0
92,0.1936170212724762,0,91,1.066674,33.108504623188324,3.8257,-0.05865,0.016123511,-0.0001477393939393,1.830400000000024e-05,-0.0009067469999999,0.9976234901306096,2.9636323578604632e-09,0,0,1,0,0,1,0
278,0.5129629629534637,1,277,1.059209,33.99989588273089,3.8257,-0.05865,0.016890129,-0.0001959818181817,0.0,-0.000418926,0.9915681847117064,3.137431605032272e-09,0,0,1,0,0,1,0
208,0.2139148494266468,0,206,1.081525,33.58972023076922,3.8257,-0.05865,0.016966505,-0.0001403878787878,1.5755999999998715e-05,0.0002100369999999,0.9983587232750212,3.0563521711990794e-09,0,0,1,0,0,1,0
32,0.0357554786616406,0,31,1.057769,34.03493465930351,3.8422,-0.0162,0.094928,0.020211309090909,0.0146079999999999,0.048116,0.9749679010661548,3.144446448073661e-09,1,0,0,1,0,0,0
898,0.9593582887597928,2,897,1.057968,34.03493465930351,3.8639,-0.0118,0.088043,0.0014266909090909,-0.001573,0.0568199999999999,1.015757194044295,3.144446448073661e-09,1,0,0,1,0,0,0
1771,0.903522205202126,2,1770,1.36025,34.03493465930351,3.83,-0.0543,0.036856,0.0571301939393939,-0.061507,0.0006999999999999,1.0979125737928006,3.144446448073661e-09,1,0,0,0,1,0,0
805,0.6560457516286271,1,803,1.054253,32.453918802516945,3.8257,-0.05865,0.016876617,-0.000194206060606,1.0349999999999249e-05,8.918899999999993e-05,0.9775930831950908,2.841564193481636e-09,0,0,1,0,0,1,0
103,0.8015873015236836,2,101,1.369751365782437,37.905840036253096,3.362230190450641,-1.8064428802106407,0.016776592,-0.0063842411674776,1.2765000000003121e-06,3.811000000000092e-05,1.986385084703638,4.011919596069818e-09,0,1,0,0,0,0,1
255,0.5019762845750597,1,254,1.050904,32.68845471695057,3.8257,-0.05865,0.016954999,-0.0002719636363636,5.214399999999703e-05,-0.00027383,0.9875061078744596,2.884771470176177e-09,0,0,1,0,0,1,0
1675,0.9233314947549734,2,1674,0.87087,34.03493465930351,3.8045,-0.0586,0.106059,-0.003428709090909,0.0012059999999999,0.052457,0.6650578671442153,3.144446448073661e-09,1,0,0,0,1,0,0
473,0.5515222482371016,1,471,1.060425,35.003403881740766,3.8257,-0.05865,0.016588613,-0.0001602303030302,-2.835000000003113e-06,-0.000190026,0.9891544440008506,3.343996780997542e-09,0,0,1,0,0,1,0
479,0.4442379182114848,1,478,1.049011,33.812776304981746,3.8257,-0.05865,0.015338823,-1.266666666663712e-05,-7.916000000000173e-06,-0.000199453,0.9888167786025686,3.100207163107485e-09,0,0,1,0,0,1,0
178,0.1644981412624117,0,177,1.060368,33.21434061965285,3.8257,-0.05865,0.015340088,-5.9218181818253807e-05,3.0800000000007904e-06,-0.000198188,0.9995220926122304,2.983805114032966e-09,0,0,1,0,0,1,0
274,0.2312925170048359,0,272,1.075793,31.11703450448831,3.8257,-0.05865,0.01713342,-6.208484848485278e-05,4.43500000000055e-06,9.458899999999908e-05,1.000457546305639,2.606190937810975e-09,0,0,1,0,0,1,0
241,0.2481827621988766,0,239,1.080061,33.84206354595088,3.8257,-0.05865,0.016990958,-5.836969696965976e-05,1.1607999999999756e-05,0.00023449,0.9970073008198076,3.106007086061009e-09,0,0,1,0,0,1,0
311,0.2233429394796589,0,310,1.039736,36.15104431850804,3.8257,-0.05865,0.014729188,-4.540606060606165e-05,1.563400000000048e-05,-0.0002425199999999,0.9912263725535994,3.595129050397964e-09,0,0,1,0,0,1,0
420,0.8765690376385655,2,419,0.953247,34.70386062985441,3.8257,-0.05865,0.019244835,-0.0016680909090909,7.41499999999673e-06,0.0014464909999999,0.8938279962905905,3.281095880615292e-09,0,0,1,0,0,1,0
386,0.7684630738369568,2,385,1.025099,32.85995080437953,3.8257,-0.05865,0.019310417,-0.0007474969696969,-6.013300000000041e-05,0.0009729919999999,0.9569301657803082,2.9167378284473634e-09,0,0,1,0,0,1,0
331,0.1799345692465652,0,330,1.064635,33.70214853731049,3.8257,-0.05865,0.015454605,-3.8090909090900767e-05,1.399799999999944e-05,-0.0001105719999999,0.9982803063192648,3.078386543074802e-09,0,0,1,0,0,1,0
367,0.2861610633284898,0,366,1.146784,34.03493465930351,3.8263,-0.0695,0.088396,0.0027432424242424,0.0014969999999999,0.050098,0.9183426039075752,3.144446448073661e-09,1,0,0,0,1,0,0
593,0.6880093131468218,2,591,1.054132,33.3383484039363,3.8257,-0.05865,0.017148152,-0.0001408545454545,-7.893900000000009e-05,0.0003173019999999,0.9749955141023672,3.0075983238640363e-09,0,0,1,0,0,1,0
7,0.0049309664693793,0,5,1.0772,33.30611999024807,3.8257,-0.05865,0.016575195,0.0005152571428571,-1.907899999999824e-05,-0.0001126359999999,1.0024792096309476,3.0013983699459797e-09,0,0,1,0,0,1,0
390,0.5250338294922188,1,388,1.0643,35.30415938786771,3.8257,-0.05865,0.016691096,-7.855151515145107e-05,-2.210799999999985e-05,-0.000291404,0.9885595341704618,3.408238990441482e-09,0,0,1,0,0,1,0
414,0.5894134477741142,1,412,1.059862,36.24453347716678,3.8257,-0.05865,0.016973061,-0.0001636666666666,-2.0243999999999124e-05,0.000205161,0.981469117201745,3.616313545561323e-09,0,0,1,0,0,1,0
475,0.9239766081691232,2,474,0.900655,34.35928726255089,3.8257,-0.05865,0.019788302,-0.0018372303030302,0.00015632,0.002437718,0.8447629490049833,3.210054210125014e-09,0,0,1,0,0,1,0
213,0.172526573996954,0,211,1.081705,30.597402493408666,3.8257,-0.05865,0.016286235,-1.1557575757555047e-05,-4.566900000000165e-05,-8.346899999999921e-05,1.0018356559969548,2.519540083795365e-09,0,0,1,0,0,1,0
252,0.3434065934018763,1,250,1.071724,33.795490974431885,3.8257,-0.05865,0.016360203,-5.11636363636379e-05,-3.723199999999816e-05,0.000120741,0.9943284559724708,3.096788613696155e-09,0,0,1,0,0,1,0
466,0.5856423173729768,1,465,1.036862,36.16532582669854,3.8257,-0.05865,0.015147413,-8.950909090905355e-05,-5.177000000000306e-06,-0.0004063909999999,0.9798753871117424,3.5983579955897527e-09,0,0,1,0,0,1,0
459,0.9271255060541068,2,458,0.8956,33.454808885501386,3.8257,-0.05865,0.019988038,-0.0017610909090909,-4.432099999999994e-05,0.0023368209999999,0.8430160319886744,3.030098448641337e-09,0,0,1,0,0,1,0
688,0.7046153846081578,2,687,0.192264,34.03493465930351,3.8866,-0.0929,0.124268,-0.0057297757575757,0.000116,0.093823,0.1837343180202288,3.144446448073661e-09,1,0,0,1,0,0,0
394,0.216767788195164,0,393,1.233344,34.03493465930351,3.8272,-0.0346,0.092985,0.0001311939393939,-0.0009259999999999,0.039383,0.9418686257364648,3.144446448073661e-09,1,0,0,0,1,0,0
247,0.2920143027378782,0,245,1.074704,34.50457961745582,3.8257,-0.05865,0.01638582,-7.721212121186338e-06,-2.0317000000002333e-05,0.0002112189999999,0.9959760751626902,3.239839415255518e-09,0,0,1,0,0,1,0
138,0.2795918367289879,0,137,1.050005,34.20563016614413,3.8257,-0.05865,0.016339794,-0.0002689272727272,2.943000000001777e-06,-0.0009721109999999,0.983499762556188,3.178821892865494e-09,0,0,1,0,0,1,0
327,0.2657399836445974,0,325,1.077106,29.88867937500001,3.8257,-0.05865,0.016458508,-7.515151515170935e-06,1.0559999999992795e-06,8.880400000000135e-05,0.9975762301997826,2.40553320421146e-09,0,0,1,0,0,1,0
276,0.2607040913390989,0,274,1.081061,32.89982772879775,3.8257,-0.05865,0.017132061,-5.558787878784858e-05,-4.297500000000065e-05,0.000153834,0.9982335679342256,2.9242162080579755e-09,0,0,1,0,0,1,0
911,0.988056460358436,2,910,0.897783,38.28142232304268,3.8257,-0.05865,0.017259713,-0.0015652545454545,0.0001190229999999,0.0019765749999999,0.849066935508277,4.106562810105689e-09,0,0,1,0,0,1,0
1579,0.9621951219453524,2,1578,0.911454,34.84890855900446,3.8257,-0.05865,0.016726699,-0.0004964242424241,6.181000000000936e-06,0.000297223,0.8552527744336421,3.311420537560587e-09,0,0,1,0,0,1,0
453,0.2295581513446949,0,452,1.087698,34.03493465930351,3.8272,-0.0696,0.080938,-0.0014259878787878,0.0002019999999999,0.0433599999999999,0.8879210836951039,3.144446448073661e-09,1,0,0,0,1,0,0
751,0.863898500566737,2,749,0.986219,34.66413797118161,3.8257,-0.05865,0.017222779,-0.0007913757575757,4.959900000000087e-05,0.000846392,0.906742144309158,3.2728348022224073e-09,0,0,1,0,0,1,0
1365,0.7581989994399211,2,1364,1.010871,34.414285257876884,3.8257,-0.05865,0.015535222,-9.163636363631812e-05,-3.321000000000573e-06,-0.0002428869999999,0.9457981927429028,3.221299863308749e-09,0,0,1,0,0,1,0
976,0.9321223709279912,2,975,0.9362,32.616677772483804,3.8257,-0.05865,0.015907831,-0.0007938363636363,1.0201000000001348e-05,0.000610325,0.8735319447515771,2.8714861458568082e-09,0,0,1,0,0,1,0
852,0.6131123919264185,1,851,1.014091,36.42783833097698,3.8257,-0.05865,0.014860187,-8.20181818181653e-05,-7.728000000000249e-06,-0.0001115209999999,0.9667778583883334,3.658175466403362e-09,0,0,1,0,0,1,0
1673,0.9222283507946928,2,1672,0.892494,34.03493465930351,3.8089,-0.053,0.103081,-0.004691909090909,-0.0002969999999999,0.049479,0.6815714814828956,3.144446448073661e-09,1,0,0,0,1,0,0
474,0.888888888872149,2,472,0.935884,34.53236417729731,3.8257,-0.05865,0.016912647,-0.0007228787878787,1.1544999999998223e-05,0.0011719099999999,0.8725133550245658,3.2455634777897597e-09,0,0,1,0,0,1,0
383,0.6205211726283303,1,381,1.052716,36.79070428598854,3.8257,-0.05865,0.016276293,-0.0001296303030303,7.381300000000243e-05,1.5938999999999537e-05,0.981140797669232,3.7423286043733504e-09,0,0,1,0,0,1,0
564,0.7181122448887995,2,563,1.020165,34.785802725358494,3.8257,-0.05865,0.018373886,-0.0002198787878787,-3.259599999999932e-05,-0.000178408,0.972333948409824,3.2981964460027483e-09,0,0,1,0,0,1,0
446,0.8508604206338267,2,445,0.961776,30.46512568338335,3.8257,-0.05865,0.018495541,-0.0013252848484848,-0.0002705209999999,0.0010587259999999,0.9039426530034896,2.4979000848876508e-09,0,0,1,0,0,1,0
451,0.2743902439007659,0,450,1.058757,34.67857931603625,3.8257,-0.05865,0.015992858,-5.1818181818023815e-06,4.228999999997957e-06,-0.0004366179999999,0.9934729143775108,3.2758359905898652e-09,0,0,1,0,0,1,0
1976,0.9026508226649788,2,1975,0.98427,33.69267964410396,3.8257,-0.05865,0.015514147,-0.0001256242424242,6.288000000000127e-05,0.000156449,0.9241581341633452,3.076525287144737e-09,0,0,1,0,0,1,0
341,0.3520249221147246,1,339,1.076628,35.409600062100395,3.8257,-0.05865,0.016652271,-7.384242424247697e-05,7.491899999999968e-05,-0.000104197,0.9938382890105538,3.4310222603926797e-09,0,0,1,0,0,1,0
1252,0.9781078967867232,2,1251,1.303401,34.03493465930351,3.8202,-0.0666,0.089255,-0.0034075939393938,-0.0006349999999999,0.050957,1.0437612211852776,3.144446448073661e-09,1,0,0,0,1,0,0
119,0.1805555555527692,0,117,1.067907,33.44433276772384,3.8257,-0.05865,0.016272115,-5.017575757579523e-05,2.089599999999941e-05,0.000160663,0.999689208126646,3.028068296982901e-09,0,0,1,0,0,1,0
416,0.7685185185042867,2,415,1.006678,33.889564239130365,3.8257,-0.05865,0.017944293,-0.0007285515151515,0.000141412,0.0006352379999999,0.9423918009091792,3.115434642740221e-09,0,0,1,0,0,1,0
154,0.1852300242108325,0,153,1.065219,33.48227552007633,3.8257,-0.05865,0.015212061,-5.013939393938804e-05,3.382000000001425e-06,-0.0002732819999999,1.0014647523976157,3.035426972632322e-09,0,0,1,0,0,1,0
408,0.4376344085974448,1,407,1.065471,34.51730916147987,3.8257,-0.05865,0.016006015,-5.06545454545512e-05,-4.048000000003021e-06,-0.000175938,0.9928277771979784,3.242460778550392e-09,0,0,1,0,0,1,0
53,0.0700549450539827,0,51,1.081477,33.99479667590027,3.8257,-0.05865,0.016006351,2.413333333336774e-05,-7.012600000000022e-05,-0.000233111,1.003377134019337,3.136411904233505e-09,0,0,1,0,0,1,0
136,0.1898016997140254,0,134,1.079695,33.766602684354886,3.8257,-0.05865,0.016180156,-4.902424242421045e-05,-2.258999999997513e-06,0.000107827,0.9998434988109616,3.0910828819757553e-09,0,0,1,0,0,1,0
468,0.9511201629134192,2,467,0.874223,35.167491360000014,3.8257,-0.05865,0.020486113,-0.001818303030303,-6.545300000000004e-05,0.0030844419999999,0.813529622512458,3.378910290004532e-09,0,0,1,0,0,1,0
551,0.5303760848550592,1,550,1.05644,34.33794757228585,3.8257,-0.05865,0.015986748,-4.196969696968167e-05,-6.456000000001905e-06,4.933599999999705e-05,0.9888353076842435,3.205700300229935e-09,0,0,1,0,0,1,0
929,0.7335968379388649,2,928,1.01483,38.58021868748703,3.8257,-0.05865,0.014968466,-0.0001281636363636,5.1226999999999176e-05,5.434699999999973e-05,0.95738679245283,4.183280922575334e-09,0,0,1,0,0,1,0
319,0.3849878934578088,1,318,1.039381,37.65152556124774,3.8257,-0.05865,0.015106529,-7.633333333328939e-05,-8.319999999992223e-07,-0.0002623209999999,0.9898319902329208,3.9489499839077365e-09,0,0,1,0,0,1,0
442,0.5017103762770615,1,440,1.058162,35.068897319335946,3.8257,-0.05865,0.016828131,-0.0001437939393938,3.0122999999999955e-05,-0.000293055,0.9880444383855322,3.3578930497551872e-09,0,0,1,0,0,1,0
338,0.5067669172856125,1,337,0.994387,35.10051571947914,3.8257,-0.05865,0.014306628,-0.0002031939393939,-1.0879999999997836e-06,0.000789632,0.9363122337044796,3.364620311641135e-09,0,0,1,0,0,1,0
815,0.9509345794281432,2,814,0.926563,32.0347005265587,3.8257,-0.05865,0.015654022,-0.0009675696969696,1.1106999999999784e-05,0.000661577,0.8698488546751785,2.7657798869873926e-09,0,0,1,0,0,1,0
412,0.3901046622227393,1,410,1.075401,34.60550361838442,3.8257,-0.05865,0.016846363,-0.0001248909090909,-8.345999999999354e-06,-0.0001318639999999,0.9930072190098748,3.260674796902139e-09,0,0,1,0,0,1,0
378,0.7180952380815601,2,377,1.034072,33.967882699004946,3.8257,-0.05865,0.017907301,-0.0004795090909091,4.897599999999919e-05,0.00012728,0.9710052115122776,3.1310347791660054e-09,0,0,1,0,0,1,0
356,0.5049928673251785,1,354,1.06498,34.08324419766399,3.8257,-0.05865,0.016569575,-0.0001109575757575,-1.3031000000000154e-05,8.889100000000066e-05,0.9880760638021512,3.154141219899504e-09,0,0,1,0,0,1,0
1037,0.5261554088343009,1,1036,0.924632,34.03493465930351,3.8369,-0.1188,0.041306,0.0068837515151515,-0.0429069999999999,0.003728,0.7548053296587576,3.144446448073661e-09,1,0,0,0,1,0,0
97,0.5680473372444942,1,96,0.973096,33.171416952906554,3.8257,-0.05865,0.016674237,-0.0014356363636363,-0.000383055,-0.0011779949999999,0.9101329991208216,2.9756088770114674e-09,0,0,1,0,0,1,0
1220,0.6190959878079274,1,1219,0.86896,34.03493465930351,3.8242,-0.0796,0.083981,0.0021840303030302,0.0006079999999999,0.046403,0.7093585764501704,3.144446448073661e-09,1,0,0,0,1,0,0
30,0.0322952710492238,0,28,1.097905,31.94025188090735,3.8257,-0.05865,0.016188329,0.0001014242424242,9.773000000001114e-06,-0.0001228419999999,1.0036942435257032,2.748958639025272e-09,0,0,1,0,0,1,0
1328,0.72355507087937,2,1327,1.019296,34.188692339872645,3.8257,-0.05865,0.015587438,-8.680606060604882e-05,-4.676999999999806e-06,2.226100000000085e-05,0.9557671155936084,3.1753958617565434e-09,0,0,1,0,0,1,0
1401,0.8536585365801607,2,1400,0.978283,36.388407928212,3.8257,-0.05865,0.01577346,-0.0003133333333332,-3.9058000000001536e-05,-0.0006560159999999,0.9179610270307298,3.649134099815583e-09,0,0,1,0,0,1,0
66,0.0612629594716186,0,65,1.067549,34.932899339396506,3.8257,-0.05865,0.014972788,-2.3527272727269293e-05,1.064000000000273e-06,-0.0001955099999999,1.003124342243738,3.329094975214401e-09,0,0,1,0,0,1,0
240,0.1457317073161845,0,239,1.065492,34.136050586531326,3.8257,-0.05865,0.015969126,-4.6593939393911135e-05,-1.1061999999999184e-05,-0.0004603499999999,0.9997926270956627,3.164769113276233e-09,0,0,1,0,0,1,0
1109,0.9051512673679056,2,1107,1.015708,29.97321372095241,3.8257,-0.05865,0.016967269,-0.0001889696969696,-5.22999999999843e-06,0.000597565,0.9407116454868518,2.418883461156812e-09,0,0,1,0,0,1,0
407,0.8440748440572957,2,406,0.911154,31.736383790358843,3.8257,-0.05865,0.017485393,-0.0004147393939393,-8.948000000001677e-06,0.0002072879999999,0.9043810900168636,2.712962821099536e-09,0,0,1,0,0,1,0
390,0.4424173318079542,1,388,1.063918,36.14742603838764,3.8257,-0.05865,0.016524769,6.434545454545943e-05,-3.125899999999876e-05,-0.0005964169999999,0.9934190254405834,3.594311396387678e-09,0,0,1,0,0,1,0
284,0.6112311014986775,1,283,1.039869,33.51715830983836,3.8257,-0.05865,0.018044619,-0.0003050484848484,8.209000000002076e-06,0.000240421,0.9710606158233716,3.0422063588991143e-09,0,0,1,0,0,1,0
245,0.2783505154607291,0,243,1.087926,30.36984208724204,3.8257,-0.05865,0.017114248,-7.015757575759915e-05,-2.531000000000061e-06,0.0001619939999999,0.9938673845898054,2.482415729840678e-09,0,0,1,0,0,1,0
1636,0.9088382434635418,2,1635,0.948767,33.93443566954629,3.8257,-0.05865,0.015623491,-0.0003581757575757,1.2830000000000131e-05,-0.0001546179999999,0.8876920140493749,3.1243639554468063e-09,0,0,1,0,0,1,0
744,0.855824682804431,2,742,0.992088,32.96046760796021,3.8257,-0.05865,0.017257659,-0.0006656242424242,-3.80300000000014e-06,0.000946488,0.9069573548448436,2.9356214112957202e-09,0,0,1,0,0,1,0
246,0.3782945736375458,1,244,1.068195,33.8920306141947,3.8257,-0.05865,0.016774055,-3.623636363631319e-05,-4.297099999999929e-05,0.0001661199999999,0.9938371018748272,3.115924850006777e-09,0,0,1,0,0,1,0
530,0.7002652519801026,2,528,1.048595,34.4948034932951,3.8257,-0.05865,0.017118499,-0.0004024727272727,-7.652999999999827e-06,0.0005266709999999,0.9598202639655612,3.237827534065761e-09,0,0,1,0,0,1,0
1795,0.9280910501762644,2,1794,0.940286,36.75655235398582,3.8257,-0.05865,0.015997229,-0.0003261939393939,-0.0001428299999999,-1.257499999999731e-05,0.8794623816828163,3.7343349831403136e-09,0,0,1,0,0,1,0
129,0.2723404255261204,0,128,1.059162,33.11010052871753,3.8257,-0.05865,0.016217424,-0.0002334969696969,-1.6616000000000547e-05,-0.0008128339999999,0.9905977750031564,2.963935631828219e-09,0,0,1,0,0,1,0
465,0.4323062558316312,1,463,1.064419,33.996518691800105,3.8257,-0.05865,0.015978198,-7.192121212114742e-05,-4.7690000000016886e-06,-0.000459381,0.9891202432426656,3.1367562266622623e-09,0,0,1,0,0,1,0
551,0.3235294117628028,0,550,1.172294,34.03493465930351,3.8254,-0.0387,0.099124,0.0113064727272727,0.001154,0.044334,0.9208307706567442,3.144446448073661e-09,1,0,0,0,1,0,0
45,0.0542540073976047,0,44,1.067773,33.04795723029087,3.8257,-0.05865,0.015254563,-2.4975757575715248e-05,-1.403099999999942e-05,-0.0001869059999999,1.003756426393878,2.9521469503781872e-09,0,0,1,0,0,1,0
696,0.6479925303394213,1,694,1.043026,31.631679844206467,3.8257,-0.05865,0.016394664,-0.0001193939393939,-6.636000000000836e-06,-4.291500000000101e-05,0.9692406193692752,2.6946409698532847e-09,0,0,1,0,0,1,0
799,0.7441643323926783,2,797,1.030176,32.747440961462445,3.8257,-0.05865,0.016273845,-0.0002058424242423,7.405999999997997e-06,-0.000163734,0.9572996495766762,2.895730644743081e-09,0,0,1,0,0,1,0
1489,0.9095354523171788,2,1488,0.941531,37.71192745694896,3.8257,-0.05865,0.015211977,-0.0003702545454544,4.331999999999253e-06,-0.000255609,0.8877744797049084,3.9638250254030595e-09,0,0,1,0,0,1,0
806,0.9054054053952094,2,804,1.008418,34.43220770746273,3.8257,-0.05865,0.017318331,-0.000430709090909,9.51100000000024e-06,0.0005853369999999,0.9343224893079244,3.224972168991062e-09,0,0,1,0,0,1,0
745,0.7957219251251795,2,744,1.105603,34.03493465930351,3.8596,-0.0103,0.085844,-0.0032328484848485,-0.0012979999999999,0.054621,1.0614916528732012,3.144446448073661e-09,1,0,0,1,0,0,0
182,0.2893890675194632,0,180,1.08097,33.87409757344632,3.8257,-0.05865,0.017002136,-3.409090909090514e-05,5.874299999999999e-05,0.0002585369999999,0.9992540052154928,3.112362125851386e-09,0,0,1,0,0,1,0
107,0.1302211302195304,0,106,1.067083,34.34185869922817,3.8257,-0.05865,0.015082275,-4.072121212122807e-05,-1.8932000000001017e-05,-0.000176147,1.002705308380724,3.206497885483509e-09,0,0,1,0,0,1,0
280,0.6186252771481457,1,279,1.046794,34.05019416908849,3.8257,-0.05865,0.017840231,-0.0002347454545454,1.956900000000053e-05,-9.08969999999995e-05,0.9830546994002844,3.147505836068829e-09,0,0,1,0,0,1,0
1044,0.6011527377486966,1,1043,0.834743,34.03493465930351,3.8276,-0.0907,0.085801,8.192727272727054e-05,6.100000000000549e-05,0.049611,0.6599374487106306,3.144446448073661e-09,1,0,0,0,1,0,0
269,0.4777183600627858,1,268,1.049322,32.804752463302805,3.8257,-0.05865,0.017445281,-0.0001388848484848,-4.101999999998884e-06,-0.0003974199999999,0.9793978878004844,2.906414471229221e-09,0,0,1,0,0,1,0
1742,0.967759866587172,2,1741,0.906166,32.77089639377324,3.8257,-0.05865,0.016014606,-0.0004699939393939,-0.000370735,0.000236497,0.8478333685752834,2.900098859307544e-09,0,0,1,0,0,1,0
64,0.0690954773860666,0,55,0.373838,34.03493465930351,3.9365,-0.056,0.0,-0.0855438909090908,0.0,-0.121369,1.0049354573362508,3.144446448073661e-09,1,0,0,1,0,0,0
1547,0.859366314614456,2,1546,0.97636,34.64238614881902,3.8257,-0.05865,0.015464536,-0.0002946363636363,-2.883000000000399e-06,-0.0003135729999999,0.9135087696317932,3.268319014759437e-09,0,0,1,0,0,1,0
195,0.2443324936996935,0,194,1.057427,34.677016842390294,3.8257,-0.05865,0.015275064,-7.573333333330886e-05,7.553000000000419e-06,-0.0002787399999999,0.9993101212768992,3.275511159469251e-09,0,0,1,0,0,1,0
629,0.324883600619116,0,628,1.053543,36.52146569852295,3.8257,-0.05865,0.0158634,-3.736363636360621e-05,-8.468000000001058e-06,-0.0001464039999999,0.9853932058812525,3.6797247233680327e-09,0,0,1,0,0,1,0
452,0.429389312973002,1,450,1.066064,35.97411029709468,3.8257,-0.05865,0.016577953,7.430303030335088e-06,-1.378600000000174e-05,-0.00027892,0.9880468339448784,3.555340588070137e-09,0,0,1,0,0,1,0
182,0.1530612244884943,0,180,1.079,31.681869872842952,3.8257,-0.05865,0.016919205,-2.1393939393299807e-06,-1.2349999999987371e-06,-0.000119626,1.0034399670417864,2.7034096610336867e-09,0,0,1,0,0,1,0
1359,0.6896901980665836,2,1358,0.864766,34.03493465930351,3.8182,-0.0839,0.08665,0.0009217333333333,0.002228,0.049072,0.7059348862116877,3.144446448073661e-09,1,0,0,0,1,0,0
743,0.6864014801046587,2,742,0.380163,34.03493465930351,3.837,-0.0988,0.123078,-0.0045593393939393,0.000692,0.091163,0.3763952832150176,3.144446448073661e-09,1,0,0,1,0,0,0
424,0.8703703703524615,2,423,0.944954,29.591494595414147,3.8257,-0.05865,0.019384781,-0.0013127818181817,-7.224999999999593e-06,0.0016352539999999,0.8880403800809894,2.3591239639799753e-09,0,0,1,0,0,1,0
42,0.0387157695935909,0,41,1.035606,32.34967005653377,3.8257,-0.05865,0.017507412,2.6230303030342533e-05,0.0007709979999999,0.00046685,1.0058812045250791,2.8225463507258613e-09,0,0,1,0,0,1,0
384,0.4447031431845785,1,382,1.074781,35.223949842401495,3.8257,-0.05865,0.016451208,-6.323030303027671e-05,-2.347899999999986e-05,-0.000379642,0.99409433888968,3.3909986032137157e-09,0,0,1,0,0,1,0
647,0.7965474722466517,2,646,1.02205,35.00985694572972,3.8257,-0.05865,0.015294747,-0.0002322848484848,4.5769999999986655e-06,-0.000146722,0.960774673639306,3.345363683441401e-09,0,0,1,0,0,1,0
455,0.4378013500439942,1,454,1.061738,34.49515424782591,3.8257,-0.05865,0.015878709,-3.060606060602513e-05,-6.499999999701189e-08,-5.870300000000023e-05,0.9937942731343508,3.237899698325816e-09,0,0,1,0,0,1,0
532,0.5120540019237025,1,531,1.057374,33.905529681725376,3.8257,-0.05865,0.016055206,-6.879393939391552e-05,6.762000000000434e-06,0.0001177939999999,0.9897095382864332,3.1186091000784212e-09,0,0,1,0,0,1,0
912,0.7894280762496584,2,911,1.002916,35.082953743393006,3.8257,-0.05865,0.015763318,-0.0001217212121212,1.582999999999793e-05,2.2943999999996967e-05,0.9584231233449568,3.3608822609331886e-09,0,0,1,0,0,1,0
1090,0.5937840785136653,1,1089,1.03395,33.15635791389945,3.8257,-0.05865,0.015762182,-5.945454545457151e-05,1.2365999999999766e-05,0.000197005,0.969507786911762,2.9727381616216846e-09,0,0,1,0,0,1,0
332,0.6910229644949681,2,331,1.051088,32.93188495725065,3.8257,-0.05865,0.018441575,-0.0004062909090909,3.271600000000208e-05,0.000262717,0.978322340926564,2.9302405920589046e-09,0,0,1,0,0,1,0
105,0.1563909774412572,0,104,1.042723,34.005254469758775,3.8257,-0.05865,0.01386171,-0.0001992242424242,2.139999999999434e-06,0.0003447139999999,0.9818252865987148,3.1385034954659862e-09,0,0,1,0,0,1,0
207,0.2527607361932176,0,206,1.063363,35.24575901182413,3.8257,-0.05865,0.015429271,-3.2309090909054954e-05,6.30299999999917e-06,-0.0001961199999999,0.9962879160518118,3.3956785418089523e-09,0,0,1,0,0,1,0
692,0.878980891708548,2,690,0.962354,33.86845210079834,3.8257,-0.05865,0.018317966,-0.0008087999999999,-1.223199999999744e-05,0.001868239,0.8868682121249821,3.1112413074259433e-09,0,0,1,0,0,1,0
965,0.818877551013445,2,963,1.048859,30.93489260129516,3.8257,-0.05865,0.01752439,-4.571515151517765e-05,-0.000391677,0.000485559,0.9754096759883976,2.5755178118016715e-09,0,0,1,0,0,1,0
316,0.6081081080963685,1,315,1.051872,32.26400135964194,3.8257,-0.05865,0.017502839,-0.0002478424242423,-5.661100000000155e-05,-0.000256821,0.9835064964207976,2.8070037016250342e-09,0,0,1,0,0,1,0
371,0.4398092967766411,1,369,1.068979,36.95963608207553,3.8257,-0.05865,0.016007716,-1.7030303029988884e-06,-2.7009999999997453e-05,-0.0001668849999999,0.9906704626123446,3.782095043806744e-09,0,0,1,0,0,1,0
77,0.0716305372283541,0,76,1.067122,34.85415022710937,3.8257,-0.05865,0.015008355,-3.4672727272726094e-05,5.451000000000067e-06,-0.000159943,1.0027231109240158,3.3125210887655766e-09,0,0,1,0,0,1,0
385,0.3327556325794389,1,384,1.037645,34.96228810418474,3.8257,-0.05865,0.015604764,-5.780000000001765e-05,1.5489999999999948e-06,-0.00013561,0.9916114229140603,3.335299310617581e-09,0,0,1,0,0,1,0
196,0.2214611872120837,0,194,1.090448,32.21326428479854,3.8257,-0.05865,0.016913226,-4.06666666660696e-06,4.959699999999845e-05,0.0001060049999999,1.0004339549072228,2.7978349036176446e-09,0,0,1,0,0,1,0
447,0.5472392637969664,1,446,1.045186,35.710115627086665,3.8257,-0.05865,0.015401289,-0.0001241272727272,-2.4128e-05,-0.0002241019999999,0.979257489518188,3.496708446924801e-09,0,0,1,0,0,1,0
502,0.4930966469379379,1,500,1.0563,34.05342999019599,3.8257,-0.05865,0.017129933,-0.0001664242424242,2.9978999999999423e-05,0.0004421019999999,0.983028953892657,3.148154931067645e-09,0,0,1,0,0,1,0
110,0.1319612590783055,0,109,1.051483,35.22533609102459,3.8257,-0.05865,0.015225752,-3.1084848484873415e-05,-9.0460000000004e-06,-0.0001430979999999,1.0013570678952972,3.3912959001547183e-09,0,0,1,0,0,1,0
262,0.1987814166016848,0,261,1.060485,36.28256713905043,3.8257,-0.05865,0.015387593,-3.759393939390176e-05,4.478000000000468e-06,-0.00018108,0.99547267081445,3.624963911002944e-09,0,0,1,0,0,1,0
526,0.6355932203312882,1,525,1.041026,34.5460392431339,3.8257,-0.05865,0.01509719,-0.000105515151515,-2.527100000000032e-05,-0.000388153,0.9787197236713576,3.248384091776317e-09,0,0,1,0,0,1,0
491,0.7977161500685528,2,489,1.00512,36.39487413310583,3.8257,-0.05865,0.017516073,-0.0006178242424241,-2.6743999999998685e-05,7.967500000000127e-05,0.9265760051918936,3.650615421026271e-09,0,0,1,0,0,1,0
1913,0.948412698407994,2,1912,0.87462,34.03493465930351,3.7719,-0.0622,0.082641,0.0023621151515151,-0.0011649999999999,0.029429,0.8092556147416983,3.144446448073661e-09,1,0,0,0,1,0,0
482,0.4088586030629569,1,480,1.074701,32.92152579445937,3.8257,-0.05865,0.016671611,-0.0001615696969696,5.237999999997689e-06,-0.000196369,0.9951653915745764,2.9282926188891197e-09,0,0,1,0,0,1,0
621,0.5377276669511039,1,620,1.044182,37.08530316737796,3.8257,-0.05865,0.015555087,-5.681212121209784e-05,8.600000000000968e-06,-4.963899999999889e-05,0.975300431710046,3.8119223758139335e-09,0,0,1,0,0,1,0
133,0.1246431969540947,0,131,1.086612,32.684212375113454,3.8257,-0.05865,0.016994489,-5.319999999995771e-05,1.5900000000027004e-06,1.6262000000002996e-05,1.0033592680895385,2.883984714884598e-09,0,0,1,0,0,1,0
573,0.8145506419284657,2,571,1.008618,32.49739109011948,3.8257,-0.05865,0.017589085,-0.0006836242424242,-3.388000000000002e-06,0.001108401,0.9357840554000996,2.8495286887901916e-09,0,0,1,0,0,1,0
202,0.9710144927067142,2,201,0.882504,29.522636958473587,3.8257,-0.05865,0.018546328,-0.0005011393939393,-5.608000000000002e-05,0.001834802,0.9078661487309476,2.3484865325094675e-09,0,0,1,0,0,1,0
454,0.441520467831954,1,453,1.058639,37.46791136206347,3.8257,-0.05865,0.015671309,-4.442424242418584e-05,-5.896999999997765e-06,-4.51389999999996e-05,0.9884870617170058,3.904038558060913e-09,0,0,1,0,0,1,0
13,0.0113100848255295,0,12,1.068364,34.64151736304766,3.8257,-0.05865,0.014975531,0.0001659757575757,1.6935000000000908e-05,-0.0001927669999999,1.00389015846288,3.268138766686912e-09,0,0,1,0,0,1,0
164,0.1274433150889175,0,163,1.165712,34.03493465930351,3.8207,-0.0731,0.087665,-0.0007901636363635,-0.0012059999999999,0.049367,0.9335001129125512,3.144446448073661e-09,1,0,0,0,1,0,0
273,0.3838526912126933,1,271,1.071666,33.90926691876752,3.8257,-0.05865,0.016351122,-0.0001202121212121,1.7553000000000013e-05,0.0002787929999999,0.9924083032678188,3.119352605609922e-09,0,0,1,0,0,1,0
892,0.7497893849978957,2,890,1.044326,31.77851090301921,3.8257,-0.05865,0.01704222,3.1818181818151795e-05,3.747899999999999e-05,0.0002998659999999,0.9753775372680584,2.720366052854032e-09,0,0,1,0,0,1,0
19,0.0166512488435092,0,18,1.010328,34.03493465930351,3.8659,-0.0169,0.092106,-0.0004710181818182,-0.000525,0.0601909999999999,1.0003148483678377,3.144446448073661e-09,1,0,0,1,0,0,0
784,0.6121970289240641,1,783,0.966871,34.03493465930351,3.8227,-0.0839,0.086525,-0.0006568484848485,0.000557,0.048227,0.7742685909314405,3.144446448073661e-09,1,0,0,0,1,0,0
667,0.8181818181717668,2,666,0.996944,36.100238154398745,3.8257,-0.05865,0.01522458,-0.000404309090909,-4.7150000000006215e-06,-3.384200000000094e-05,0.9367978319946176,3.583663207613787e-09,0,0,1,0,0,1,0
280,0.561368209244238,1,279,1.042223,32.42731042157756,3.8257,-0.05865,0.017850742,-0.0002698666666666,0.0001585259999999,-0.000218287,0.9709684782254268,2.836699182316446e-09,0,0,1,0,0,1,0
569,0.6551326412842545,1,568,0.377634,34.03493465930351,3.7941,-0.066,0.125004,-0.0053818484848484,-0.000751,0.078192,0.3480731883343304,3.144446448073661e-09,1,0,0,1,0,0,0
102,0.1357526881702183,0,101,1.046911,32.615358348011405,3.8257,-0.05865,0.017158275,-7.864848484846575e-05,5.4280999999999774e-05,-0.0007754509999999,1.008256463694866,2.8712424465018222e-09,0,0,1,0,0,1,0
492,0.9388145315308066,2,491,0.884284,30.26343875417833,3.8257,-0.05865,0.020037539,-0.0016632909090909,-7.986299999999946e-05,0.0026007239999999,0.831110388456915,2.465226364224417e-09,0,0,1,0,0,1,0
381,0.6093247588326475,1,379,1.062994,36.02933563999999,3.8257,-0.05865,0.016829614,-0.000128206060606,9.856199999999996e-05,8.601499999999832e-05,0.9826369020602213,3.5677168953274437e-09,0,0,1,0,0,1,0
528,0.5754923413503775,1,526,1.054559,33.2361217174976,3.8257,-0.05865,0.017164242,-0.0001039393939394,-8.680000000010901e-07,0.000537906,0.976937414655928,2.987971945802937e-09,0,0,1,0,0,1,0
331,0.4156171284582416,1,330,1.049105,35.47910784439496,3.8257,-0.05865,0.01518658,-7.419393939392303e-05,4.249999999999046e-06,-0.0003672239999999,0.991445503833552,3.4461159191652206e-09,0,0,1,0,0,1,0
376,0.47229219142982,1,375,1.045522,35.804197829441684,3.8257,-0.05865,0.01516831,-8.066060606061127e-05,1.6105000000000633e-05,-0.0003854939999999,0.9880594278542788,3.51750345738817e-09,0,0,1,0,0,1,0
255,0.2007905138324048,0,254,1.054628,38.5199274832946,3.8257,-0.05865,0.014468486,-8.084848484825944e-06,9.521299999999852e-05,-0.000445633,0.994932075471698,4.167698067578666e-09,0,0,1,0,0,1,0
25,0.023883696780645,0,23,1.087515,33.46789445859311,3.8257,-0.05865,0.016622819,1.2393939393965203e-05,-6.044000000000188e-06,-0.0001336489999999,1.0038881088670484,3.0326359997484043e-09,0,0,1,0,0,1,0
447,0.3478939157539166,1,446,1.046748,34.3999672826042,3.8257,-0.05865,0.015314972,-5.075151515149307e-05,-1.7836999999999714e-05,-0.0002935009999999,0.9880434013111008,3.2183688114572923e-09,0,0,1,0,0,1,0
868,0.9322580645061048,2,867,0.953171,34.081824177529434,3.8257,-0.05865,0.016898725,-0.0010261939393939,1.7191999999999208e-05,0.000716772,0.8881843290146557,3.15385586747401e-09,0,0,1,0,0,1,0
429,0.3977695167249278,1,428,1.051434,33.908363698774096,3.8257,-0.05865,0.015302729,-6.815151515151259e-05,1.1245000000000003e-05,-0.000235547,0.9911007423117708,3.11917289970581e-09,0,0,1,0,0,1,0
327,0.2824956672419195,0,326,1.040349,34.909496473331465,3.8257,-0.05865,0.015581125,-5.995151515151073e-05,5.283000000000024e-06,-0.000159249,0.994195463975849,3.324161748851745e-09,0,0,1,0,0,1,0
152,0.2801484230003683,0,151,1.077604,31.97061110583333,3.8257,-0.05865,0.016979789,-0.0001240484848485,-7.491000000000095e-05,-0.000452141,1.0017448664949378,2.7543555463388442e-09,0,0,1,0,0,1,0
190,0.2052117263821366,0,189,1.053605,36.78228268302904,3.8257,-0.05865,0.015133488,-4.956969696968424e-05,6.909000000001123e-06,-0.0001496499999999,0.9964336243682472,3.740356014717162e-09,0,0,1,0,0,1,0
559,0.4744463373043063,1,557,1.070927,31.47570877191416,3.8257,-0.05865,0.017031193,-6.04727272727218e-05,-5.760200000000035e-05,0.0001632129999999,0.9916706947353604,2.667554178854414e-09,0,0,1,0,0,1,0
475,0.9916317991424344,2,474,0.836501,34.71752529558651,3.8257,-0.05865,0.021646366,-0.0024877333333332,-9.145400000000124e-05,0.0038480219999999,0.7843591563624909,3.283942030236094e-09,0,0,1,0,0,1,0
664,0.6874350986429134,2,662,1.040622,34.267218564126466,3.8257,-0.05865,0.017530136,-0.0002127212121212,-2.4079999999988837e-06,0.000773668,0.9606010506755728,3.191307429902232e-09,0,0,1,0,0,1,0
499,0.6029055689999648,1,498,1.044126,34.42702964313891,3.8257,-0.05865,0.015107531,-0.0001056787878787,-4.422999999999927e-06,-0.0003778119999999,0.9816341860799636,3.223910798978939e-09,0,0,1,0,0,1,0
77,0.0600790513829242,0,76,1.061299,36.57554031124761,3.8257,-0.05865,0.014730517,-4.8654545454548206e-05,8.206399999999975e-05,-0.0001836019999999,1.001225471698113,3.6922223339710275e-09,0,0,1,0,0,1,0
26,0.0307125307121534,0,25,1.069455,33.94988457617042,3.8257,-0.05865,0.015154741,-1.0121212121356755e-06,2.881299999999906e-05,-0.000103681,1.00493420434428,3.1274435663029763e-09,0,0,1,0,0,1,0
310,0.3294243070327353,0,309,1.066945,34.30336515957146,3.8257,-0.05865,0.015586073,-4.686666666667021e-05,-1.1052999999998717e-05,-0.0001583189999999,0.998416674698705,3.1986557507669913e-09,0,0,1,0,0,1,0
28,0.0453781512597415,0,27,1.073713,33.08372245777029,3.8257,-0.05865,0.017760966,-2.9945454545440155e-05,-1.9980999999998778e-05,-0.0006259379999999,1.0080837252359631,2.958926515616793e-09,0,0,1,0,0,1,0
880,0.7616984402013718,2,879,1.006386,35.40138869933532,3.8257,-0.05865,0.015712025,-0.0001073454545454,-2.2984999999999672e-05,-2.834900000000043e-05,0.961739181956054,3.42924308172337e-09,0,0,1,0,0,1,0
23,0.0278514588855722,0,21,1.096423,33.482025524289696,3.8257,-0.05865,0.016453736,-6.630303030251507e-06,1.4601999999998975e-05,-0.0001380919999999,1.0035991143176464,3.035378435556039e-09,0,0,1,0,0,1,0
735,0.6349480968803206,1,734,1.027287,37.73452025897724,3.8257,-0.05865,0.015537022,-7.084242424241902e-05,-3.0124000000001164e-05,6.831199999999919e-05,0.9689275261711836,3.969401802064067e-09,0,0,1,0,0,1,0
12,0.0095403295749389,0,11,1.0739,34.8632425827249,3.8257,-0.05865,0.015458163,0.0001215636363636,1.1315000000001324e-05,-0.0001465629999999,1.0030580239971756,3.314430916772561e-09,0,0,1,0,0,1,0
342,0.6739130434649424,2,341,1.029674,32.91402218977024,3.8257,-0.05865,0.017263815,-0.0003795454545454,-0.000104418,3.498599999999727e-05,0.9675568502161248,2.926882341336579e-09,0,0,1,0,0,1,0
570,0.483816013624499,1,568,1.070397,31.374552616924564,3.8257,-0.05865,0.017138671,-3.288484848487555e-05,-3.235599999999728e-05,0.000270691,0.991179918549673,2.650117914996008e-09,0,0,1,0,0,1,0
333,0.4078624078573972,1,332,1.053922,35.383746782856754,3.8257,-0.05865,0.014895866,-6.178181818176595e-05,-6.699999999942864e-08,-0.000362556,0.9903383185930518,3.425423358872339e-09,0,0,1,0,0,1,0
1130,0.5600198412670634,1,1129,0.966971,34.03493465930351,3.7967,-0.0369,0.07688,-0.0023388363636363,0.0028579999999999,0.023668,0.8947047987038883,3.144446448073661e-09,1,0,0,0,1,0,0
756,0.4614914425399665,1,755,1.037383,36.4067484735557,3.8257,-0.05865,0.015307501,-3.6745454545486816e-05,-1.986800000000101e-05,-0.000160085,0.9781538293266148,3.653337078779149e-09,0,0,1,0,0,1,0
9,0.2962962961865569,0,8,1.816980986440728,34.121102900157744,3.40775629545449,-1.0553776405080415,0.016776592,-0.000350387788052,1.2765000000003121e-06,3.811000000000092e-05,0.9965300494718,3.1617574618494347e-09,0,1,0,0,0,0,1
311,0.637860082291402,1,310,1.047851,32.894535459330115,3.8257,-0.05865,0.01793186,-0.0002629636363636,9.345600000000218e-05,2.369500000000066e-05,0.9828815468703248,2.9232227240982302e-09,0,0,1,0,0,1,0
640,0.911428571415551,2,638,0.948201,33.092356875251475,3.8257,-0.05865,0.01855259,-0.0010223030303029,2.239100000000008e-05,0.0014935509999999,0.8855517555050404,2.960565327767152e-09,0,0,1,0,0,1,0
715,0.6062925170016472,1,713,1.060767,34.52567111590035,3.8257,-0.05865,0.01650315,2.698787878789105e-05,-2.880400000000033e-05,-0.0005356809999999,0.9864837845403288,3.24418377096251e-09,0,0,1,0,0,1,0
716,0.6081771720561484,1,714,1.066665,34.19696723400363,3.8257,-0.05865,0.016412675,9.556363636366034e-05,5.950700000000031e-05,-0.0004553049999999,0.9877241134081906,3.1770692185061527e-09,0,0,1,0,0,1,0
120,0.0930414386231975,0,119,1.196298,34.03493465930351,3.822,-0.0713,0.08842,0.0040551939393939,0.0004299999999999,0.050122,0.9579933277491004,3.144446448073661e-09,1,0,0,0,1,0,0
516,0.9884836852017566,2,515,0.840037,35.525622235910966,3.8257,-0.05865,0.021113519,-0.0021792787878787,-7.015100000000093e-05,0.0039702809999999,0.7851400104680725,3.456249799490922e-09,0,0,1,0,0,1,0
339,0.4016686531537345,1,337,1.070569,36.17751486612017,3.8257,-0.05865,0.016166745,2.172121212121245e-05,-4.472600000000188e-05,-7.85600000000053e-06,0.992143986447288,3.601115906414136e-09,0,0,1,0,0,1,0
196,0.2674897119304871,0,195,1.066029,34.37230139832123,3.8257,-0.05865,0.01604118,-6.921212121214911e-05,-8.96300000000072e-06,3.1935000000000296e-05,0.9986248204912987,3.2127120729509115e-09,0,0,1,0,0,1,0
9,0.0081632653060391,0,8,1.030209,32.32756084440233,3.8257,-0.05865,0.01722895,0.0007013,0.0001338869999999,-6.497000000001141e-06,1.0055312520130946,2.8185277493695112e-09,0,0,1,0,0,1,0
153,0.2154065620511354,0,151,1.077964,32.17293004264974,3.8257,-0.05865,0.016655482,-4.752121212121472e-05,-1.3799000000001838e-05,0.000174798,1.000122468065524,2.790565229746139e-09,0,0,1,0,0,1,0
567,0.644977168942409,1,565,1.067465,32.681814617863694,3.8257,-0.05865,0.017221155,-2.4624242424168867e-05,0.0001131149999999,0.0004139339999999,0.9793481501869312,2.883540128717076e-09,0,0,1,0,0,1,0
1237,0.6870483601962921,2,1236,1.020916,33.364326943153785,3.8257,-0.05865,0.01570756,-6.984242424243342e-05,-1.3970000000002036e-05,-7.054899999999961e-05,0.9551965658746896,3.012604325394745e-09,0,0,1,0,0,1,0
339,0.6201834862271526,1,338,1.06177,33.466143853738764,3.8257,-0.05865,0.01826923,-0.0002594181818181,7.232100000000019e-05,0.000557892,0.9868768990109574,3.0322964123487644e-09,0,0,1,0,0,1,0
754,0.3843797856029383,1,753,0.94544,34.03493465930351,3.8335,-0.0797,0.082789,-0.0011337393939393,-0.000824,0.046633,0.7631027118299323,3.144446448073661e-09,1,0,0,0,1,0,0
455,0.6462196861534063,1,453,1.052917,34.6854942265194,3.8257,-0.05865,0.01658906,-0.0001792181818181,4.732600000000031e-05,0.000108376,0.9768841526323212,3.2772739160189157e-09,0,0,1,0,0,1,0
1395,0.8520782396035937,2,1394,0.97633,37.221406052171,3.8257,-0.05865,0.015183397,-0.0003579636363636,8.28599999999971e-06,-0.000284189,0.920586637901772,3.8444644815916914e-09,0,0,1,0,0,1,0
387,0.3243470935103256,0,385,1.068161,33.36409676672693,3.8257,-0.05865,0.016387407,0.0006768787878787,-7.070199999999888e-05,-0.000354947,0.9976389035471552,3.0125599381188704e-09,0,0,1,0,0,1,0
397,0.241463414632674,0,396,1.060422,34.274223892498526,3.8257,-0.05865,0.016046245,-4.108484848483239e-05,-2.847799999999845e-05,-0.0003832309999999,0.9950352487020429,3.1927303733974e-09,0,0,1,0,0,1,0
313,0.2466403162035839,0,312,1.051801,39.25509552231061,3.8257,-0.05865,0.014380021,-3.315757575756169e-05,2.0566999999999117e-05,-0.000534098,0.9922650943396226,4.361307896989223e-09,0,0,1,0,0,1,0
606,0.9837133550328384,2,604,0.893898,34.8783508593117,3.8257,-0.05865,0.019129528,-0.0012997575757575,-0.000126252,0.0028691739999999,0.8331209906137372,3.317606560507467e-09,0,0,1,0,0,1,0
573,0.6585928488966714,1,571,1.055103,34.260710840152164,3.8257,-0.05865,0.016821582,-6.826060606059358e-05,0.000108503,0.000445195,0.9700749597067442,3.189986071464458e-09,0,0,1,0,0,1,0
195,0.2158836689013883,0,193,1.080841,32.579172586996364,3.8257,-0.05865,0.017135218,-5.793939393966586e-06,-6.537499999999946e-05,-2.4442999999998997e-05,1.000974264416474,2.8645661288701864e-09,0,0,1,0,0,1,0
546,0.54499999999455,1,545,1.03873,35.99097948202925,3.8257,-0.05865,0.015868546,-7.418181818180619e-05,-1.1846999999998858e-05,-5.090999999999776e-05,0.9844587576104508,3.559116974098635e-09,0,0,1,0,0,1,0
216,0.203021718600538,0,215,1.029028,31.97731929202692,3.8257,-0.05865,0.017498434,-0.0001328727272727,0.000442133,0.000457872,0.9994920115662068,2.7555493325341747e-09,0,0,1,0,0,1,0
581,0.5406162464935518,1,579,1.05466,32.29857197920607,3.8257,-0.05865,0.01627912,-1.4666666666641828e-05,-5.064899999999983e-05,-0.0001584589999999,0.9800516110087376,2.8132664811568532e-09,0,0,1,0,0,1,0
148,0.1271626297566854,0,147,1.059605,36.14472395689162,3.8257,-0.05865,0.015389718,-4.99151515151458e-05,5.509999999996767e-07,-7.899199999999995e-05,0.9994095626330488,3.59370089251356e-09,0,0,1,0,0,1,0
615,0.5706319702549199,1,614,1.041018,34.27032042582662,3.8257,-0.05865,0.015283607,-0.0001088848484848,-1.20550000000004e-05,-0.000254669,0.9812824319547544,3.1919374191847462e-09,0,0,1,0,0,1,0
219,0.4708423326032215,1,218,1.056607,32.947786434078616,3.8257,-0.05865,0.017946273,-0.0002429212121211,0.0002829879999999,0.0001420749999999,0.9866910582999256,2.9332330259912717e-09,0,0,1,0,0,1,0
933,0.7843302443067875,2,931,1.040574,28.90167674152149,3.8257,-0.05865,0.017832097,-6.962424242422869e-05,0.000364641,0.001089743,0.9718732517098804,2.2544887483390877e-09,0,0,1,0,0,1,0
1086,0.6632029339812763,2,1085,1.019572,35.75085782396889,3.8257,-0.05865,0.015436169,-5.993333333334172e-05,4.9019999999993374e-06,-3.14170000000006e-05,0.9613597447367032,3.5057001238871518e-09,0,0,1,0,0,1,0
397,0.8267223381873335,2,396,1.002328,33.22505913652606,3.8257,-0.05865,0.019193038,-0.0011530303030303,0.0001395509999999,0.00101418,0.9329379417672364,2.985854966702652e-09,0,0,1,0,0,1,0
628,0.7324766355054617,2,627,1.034211,34.936782437573626,3.8257,-0.05865,0.015313896,-0.0002266969696969,-2.8140000000002885e-06,-0.00039592,0.9650848662827644,3.329914151380707e-09,0,0,1,0,0,1,0
129,0.2661122661067336,0,128,1.001736,31.367201379797965,3.8257,-0.05865,0.017204747,-0.0001045151515151,-0.0001105849999999,-7.335799999999906e-05,0.9942897639577204,2.6488547852851194e-09,0,0,1,0,0,1,0
1365,0.8337408312907474,2,1364,0.986456,37.22690527204162,3.8257,-0.05865,0.015187715,-0.0002637939393939,1.043899999999924e-05,-0.000279871,0.9301344959983104,3.8457845619539445e-09,0,0,1,0,0,1,0
175,0.1060975609749628,0,174,1.067424,34.26490801565871,3.8257,-0.05865,0.015841423,-3.677575757569537e-05,2.094000000001095e-06,-0.0005880529999999,1.00160549791548,3.190838229183145e-09,0,0,1,0,0,1,0
601,0.5747126436726561,1,600,1.051002,35.85069202192468,3.8257,-0.05865,0.015944378,-8.393333333333661e-05,8.366399999999719e-05,-0.000101366,0.9830101377988658,3.5278209895786503e-09,0,0,1,0,0,1,0
710,0.8319623971700122,2,708,0.986546,35.53661976004021,3.8257,-0.05865,0.01780531,-0.0006170787878788,-7.356000000000029e-06,0.001106033,0.9175166358981992,3.458649685582503e-09,0,0,1,0,0,1,0
158,0.1987261146471499,0,156,1.057735,32.718057866727946,3.8257,-0.05865,0.016374297,-3.4127272727217736e-05,1.016200000000106e-05,-0.000200781,1.0037541078347547,2.890266833776926e-09,0,0,1,0,0,1,0
273,0.3230035756814898,0,271,1.07339,34.3448081854244,3.8257,-0.05865,0.016441282,-6.62363636364018e-05,6.7890000000001005e-06,0.000266681,0.994758332823624,3.2070994838364194e-09,0,0,1,0,0,1,0
674,0.7868852458924253,2,672,1.024291,32.671232479186834,3.8257,-0.05865,0.017368581,-0.000354212121212,-9.197999999998456e-06,0.0005899419999999,0.9554489894146926,2.8815787503019953e-09,0,0,1,0,0,1,0
53,0.4047619047297808,1,51,1.364231776003204,38.44024987650422,3.357167525143495,-1.7987338844205203,0.016776592,-0.002627248218643,1.2765000000003121e-06,3.811000000000092e-05,1.978380689829472,4.147184426846504e-09,0,1,0,0,0,0,1
526,0.3025936599406191,0,525,1.048658,34.03493465930351,3.8259,-0.0812,0.082139,-0.0008666727272727,0.0004299999999999,0.045949,0.8290559909936264,3.144446448073661e-09,1,0,0,0,1,0,0
414,0.8309859154762377,2,413,0.966517,32.731301951887446,3.8257,-0.05865,0.019271515,-0.0009949878787878,-6.637000000000309e-06,0.0012024859999999,0.9004383329373896,2.892728435052673e-09,0,0,1,0,0,1,0
493,0.5674740484363613,1,492,0.689857,34.03493465930351,3.8441,-0.0336,0.111625,-0.0012720363636363,0.0009109999999999,0.064813,0.6358556842994967,3.144446448073661e-09,1,0,0,1,0,0,0
137,0.1178509532052179,0,136,1.048295,34.47918179125664,3.8257,-0.05865,0.0155625,-3.915757575759111e-05,1.254799999999938e-05,-0.000177874,1.001788951504315,3.2346149877982404e-09,0,0,1,0,0,1,0
696,0.8155111633276673,2,694,0.9936,35.387044164846145,3.8257,-0.05865,0.017782841,-0.0006790666666666,-1.174599999999998e-05,0.001083564,0.924077062223607,3.4261369981557717e-09,0,0,1,0,0,1,0
55,0.075606276746425,0,53,1.082008,32.357275666666595,3.8257,-0.05865,0.016279427,0.0001025090909091,4.9601999999999286e-05,-0.0002012569999999,1.0038744442547634,2.8239299465600422e-09,0,0,1,0,0,1,0
563,0.7709190672047885,2,562,1.02868,35.71519311403403,3.8257,-0.05865,0.016149117,-0.0002193515151514,-5.325000000000468e-06,0.000139872,0.9636373685359304,3.4978279026790062e-09,0,0,1,0,0,1,0
475,0.4111014744110052,1,474,1.053083,36.67991331898528,3.8257,-0.05865,0.015556862,-6.643636363637863e-05,1.020000000000014e-05,-4.786399999999989e-05,0.983614259321182,3.716452523405968e-09,0,0,1,0,0,1,0
147,0.1184640522866138,0,145,1.081431,31.36813915704825,3.8257,-0.05865,0.016788865,-4.218787878788698e-05,1.2672000000001763e-05,1.436999999999966e-06,1.0027948372475584,2.6490158891787603e-09,0,0,1,0,0,1,0
814,0.9269406392588248,2,812,1.004202,33.20224829961848,3.8257,-0.05865,0.017714566,-0.0004823272727272,-6.069799999999792e-05,0.000907345,0.9213073694350788,2.981494047002676e-09,0,0,1,0,0,1,0
871,0.8349328214891082,2,870,1.015299,34.03493465930351,3.8654,-0.0152,0.088591,0.0044867999999999,0.0012869999999999,0.058089,1.002963551282773,3.144446448073661e-09,1,0,0,1,0,0,0
100,0.1896551724101598,0,99,1.058809,33.21093846697036,3.8257,-0.05865,0.017100986,-0.0001415757575757,0.0001010709999999,-0.000587678,0.997918977735512,2.983154736849012e-09,0,0,1,0,0,1,0
1012,0.9749276759790269,2,1011,0.907753,33.613254680601955,3.8257,-0.05865,0.017292006,-0.0010225818181818,1.9466999999998708e-05,0.0013545939999999,0.8496632246566727,3.0609528375419142e-09,0,0,1,0,0,1,0
555,0.9875222816223258,2,554,0.837127,33.09966498491797,3.8257,-0.05865,0.021244766,-0.0015519393939393,-0.0001265559999999,0.003402065,0.7813430154144829,2.9619530436921835e-09,0,0,1,0,0,1,0
84,0.8383838382991532,2,83,1.2635402021758837,33.806439563441614,3.4151799904188,-1.6194806393973795,0.016776592,-0.0004033173042665,1.2765000000003121e-06,3.811000000000092e-05,0.8145717319331824,3.0989535416752103e-09,0,1,0,0,0,0,1
640,0.7879161528879418,2,639,1.02368,34.83596401946392,3.8257,-0.05865,0.01530928,-0.0002266727272726,-5.9589999999998255e-06,-0.0001321889999999,0.9623069496708426,3.308704081821342e-09,0,0,1,0,0,1,0
24,0.0256709451572267,0,22,1.081125,33.75822101473294,3.8257,-0.05865,0.016608108,1.4024242424279842e-05,1.0098999999999523e-05,-0.000133969,1.0031333855409612,3.0894291844712167e-09,0,0,1,0,0,1,0
86,0.066302652105567,0,85,1.061427,33.14925101029228,3.8257,-0.05865,0.015350951,-3.475757575754153e-05,-2.9108999999999385e-05,-0.0002575219999999,1.0018991613296016,2.9713842316476182e-09,0,0,1,0,0,1,0
787,0.919203747061836,2,785,0.946115,36.15415663152409,3.8257,-0.05865,0.017107738,-0.0007828424242423,-4.682999999998383e-06,0.0003290989999999,0.8825271535335972,3.595832500148589e-09,0,0,1,0,0,1,0
47,0.97872340404708,2,46,1.047181656018543,12.53086381740867,3.080080108538352,-1.9901940926688608,0.016776592,-0.0021615726452692,1.2765000000003121e-06,3.811000000000092e-05,0.9794600371675268,7.203414335404252e-10,0,1,0,0,0,0,1
20,0.0153321976148608,0,18,1.085557,31.49621477807726,3.8257,-0.05865,0.016728617,-2.6775757575779703e-05,-7.129999999997555e-06,-0.000139363,1.0052179694459416,2.6711013371310053e-09,0,0,1,0,0,1,0
865,0.7270429654530157,2,863,1.043108,31.61878957516344,3.8257,-0.05865,0.017087834,-0.0002184303030303,2.840000000000134e-05,0.0003454799999999,0.9742399520308884,2.692393042281189e-09,0,0,1,0,0,1,0
923,0.4682579989818778,1,922,0.890328,34.03493465930351,3.8292,-0.0783,0.082151,-0.0012252727272727,-0.0001359999999999,0.044573,0.7268019271931129,3.144446448073661e-09,1,0,0,0,1,0,0
40,0.0683453237397779,0,38,1.084202,33.120985563809526,3.8257,-0.05865,0.014949556,-5.718181818182262e-05,-2.9268000000000696e-05,-0.000399218,1.0016287291939778,2.966004886119939e-09,0,0,1,0,0,1,0
433,0.4263105835763965,1,431,1.068581,34.383916419776135,3.8257,-0.05865,0.016711567,-0.0001875575757575,2.2918000000000244e-05,-0.0002262479999999,0.9900749842721114,3.2150858644265723e-09,0,0,1,0,0,1,0
272,0.3114186851175153,0,270,1.081599,33.46496361630036,3.8257,-0.05865,0.016629728,-8.755151515147198e-05,1.4837999999999655e-05,0.000253341,0.9944357151328872,3.03206748574488e-09,0,0,1,0,0,1,0
741,0.8644859812983121,2,740,0.982563,32.399561786778534,3.8257,-0.05865,0.014961019,-0.0004492242424242,1.6000000000078454e-07,-3.142599999999933e-05,0.9224211415696584,2.831633661914277e-09,0,0,1,0,0,1,0
297,0.5441176470488214,1,296,0.988372,32.49394678183195,3.8257,-0.05865,0.0167934,-0.0003121030303029,-8.661999999999906e-05,-0.000243349,0.9278919994742671,2.8488969313066957e-09,0,0,1,0,0,1,0
525,0.8517915309307525,2,523,0.993141,35.07402968969422,3.8257,-0.05865,0.01717319,-0.0009430484848484,-4.9707999999999e-05,0.000912836,0.9256163608589768,3.358984212749243e-09,0,0,1,0,0,1,0
338,0.1507155635055871,0,337,1.065999,37.26062585751094,3.8257,-0.05865,0.015133211,-4.007272727272559e-05,-1.5499999999994685e-06,-0.0004647929999999,0.9948103699279554,3.853888035435665e-09,0,0,1,0,0,1,0
285,0.3147942157918265,0,283,1.075358,33.68998378743067,3.8257,-0.05865,0.016712137,-3.2945454545446445e-05,-1.5200000000326066e-07,0.0001602589999999,0.9979509375759814,3.0759955600799542e-09,0,0,1,0,0,1,0
341,0.3278688524558547,0,340,1.066448,33.892822793776745,3.8257,-0.05865,0.015943954,-5.1975757575756375e-05,1.1923000000000489e-05,6.541999999998271e-06,0.9982028664280472,3.1160823152822542e-09,0,0,1,0,0,1,0
353,0.4971671388031562,1,351,1.065877,36.12365846654093,3.8257,-0.05865,0.015954329,-0.0001077515151515,9.570100000000012e-05,-0.000118,0.9870474430113422,3.588944578874422e-09,0,0,1,0,0,1,0
500,0.961464354509413,2,499,0.859274,31.72000856485356,3.8257,-0.05865,0.021046741,-0.0017580121212121,-0.0001123989999999,0.0030655319999999,0.8016415817623588,2.71009000160114e-09,0,0,1,0,0,1,0
1380,0.6840277777743848,2,1379,0.990549,34.03493465930351,3.7904,-0.0501,0.076235,0.0026664848484848,-0.000556,0.0230229999999999,0.9165207060515131,3.144446448073661e-09,1,0,0,0,1,0,0
421,0.8641975308464157,2,420,0.951778,34.50353901838944,3.8257,-0.05865,0.019615348,-0.0016594181818181,9.605099999999978e-05,0.0013361529999999,0.8901910241829284,3.2396252114194877e-09,0,0,1,0,0,1,0
335,0.2836456558749264,0,333,1.079657,32.71454393682318,3.8257,-0.05865,0.016646558,0.0001189939393939,1.622899999999955e-05,-0.000221422,0.9997546119071564,2.8896140359407407e-09,0,0,1,0,0,1,0
103,0.0994152046773936,0,102,1.074367,35.81008674074934,3.8257,-0.05865,0.015655715,-3.0169696969626407e-05,5.714999999999887e-06,-6.073300000000032e-05,1.0031728275981844,3.518808767253975e-09,0,0,1,0,0,1,0
400,0.1979166666656849,0,399,1.241301,34.03493465930351,3.8248,-0.0212,0.07298,0.0368539696969696,-0.0007139999999999,0.019768,1.1485328529355434,3.144446448073661e-09,1,0,0,0,1,0,0
748,0.8726635513916745,2,747,0.989853,34.86379627563221,3.8257,-0.05865,0.015694859,-0.0005741878787878,1.0907999999996976e-05,-1.495700000000294e-05,0.9236917322911796,3.314547250589924e-09,0,0,1,0,0,1,0
413,0.5450928381890571,1,411,1.072084,36.110795311520704,3.8257,-0.05865,0.016374573,-0.0001733818181817,1.3886000000001147e-05,-0.0002172549999999,0.981320669918562,3.586043023767052e-09,0,0,1,0,0,1,0
178,0.1383893666916467,0,177,1.180481,34.03493465930351,3.824,-0.0704,0.088259,0.0032468424242424,-0.000473,0.049961,0.9453271020553288,3.144446448073661e-09,1,0,0,0,1,0,0
913,0.6570605187272547,1,912,1.009986,36.18764326814443,3.8257,-0.05865,0.014954262,-7.31454545454055e-05,5.60199999999865e-06,-1.7446000000000822e-05,0.9628643801021796,3.603409016625806e-09,0,0,1,0,0,1,0
86,0.0911039657010599,0,85,1.071437,32.47439551929052,3.8257,-0.05865,0.015557156,-4.387878787863041e-06,-2.7854999999998503e-05,-0.000203836,1.0037106220655077,2.8453132084834173e-09,0,0,1,0,0,1,0
89,0.0973154362405222,0,87,1.083932,32.11743225303454,3.8257,-0.05865,0.017113952,-1.9860606060558675e-05,-2.9759999999982856e-06,-4.5708999999997946e-05,1.0038368607200108,2.780590282741515e-09,0,0,1,0,0,1,0
350,0.4074941451942916,1,348,1.069747,36.71160806741568,3.8257,-0.05865,0.016071102,8.675151515154452e-05,-4.226900000000103e-05,-0.000707537,0.9978499177278716,3.723838636787147e-09,0,0,1,0,0,1,0
192,0.2113459399309082,0,190,1.078971,33.6567169787627,3.8257,-0.05865,0.016658887,-5.336969696965639e-05,-7.9999999992586e-09,0.000107009,1.001303864450066,3.0694654782964413e-09,0,0,1,0,0,1,0
568,0.6539792387467822,1,567,0.385291,34.03493465930351,3.7984,-0.0666,0.125755,-0.0053536363636363,0.000798,0.078943,0.3551308060357978,3.144446448073661e-09,1,0,0,1,0,0,0
483,0.4918367346888588,1,482,1.001811,31.79806761631757,3.8257,-0.05865,0.017720483,-0.0002117939393939,0.000371672,0.0004850359999999,0.9778135010570576,2.723809028608932e-09,0,0,1,0,0,1,0
1,0.0,0,0,1.070626,34.95467369080198,3.8257,-0.05865,0.015604726,-9.664545454543671e-05,1.2765000000003121e-06,0.0,1.0,3.333690817525958e-09,0,0,1,0,0,1,0
508,0.4941520467788095,1,507,1.055176,37.36448712474511,3.8257,-0.05865,0.015688607,-5.676363636358684e-05,-6.716999999999834e-06,-2.784100000000067e-05,0.9852535414190324,3.878943484295215e-09,0,0,1,0,0,1,0
741,0.6974552309076584,2,740,1.031421,36.56391663936818,3.8257,-0.05865,0.0152616,-9.087878787875857e-05,6.353000000000608e-06,9.330199999999995e-05,0.9691766019183928,3.689532687499967e-09,0,0,1,0,0,1,0
255,0.2906178489669265,0,254,1.063006,34.64518761502771,3.8257,-0.05865,0.015195054,-5.458181818177844e-05,1.3749999999996404e-06,-0.000248413,0.9955458238821008,3.2689002992465942e-09,0,0,1,0,0,1,0
323,0.7139689578555661,2,322,1.029703,34.04763211207966,3.8257,-0.05865,0.018032379,-0.0004937636363636,-2.689999999971882e-07,0.000101251,0.967004370617878,3.1469919811546104e-09,0,0,1,0,0,1,0
833,0.4894117647030035,1,832,1.040781,34.03493465930351,3.8239,-0.0457,0.101937,-0.0004636363636363,0.001086,0.047147,0.8175280009237418,3.144446448073661e-09,1,0,0,0,1,0,0
715,0.8675577156638207,2,714,0.983976,36.87651358940666,3.8257,-0.05865,0.015639715,-0.0004041151515151,6.189999999968443e-07,-0.000131771,0.9414659863197062,3.762480947299683e-09,0,0,1,0,0,1,0
236,0.1296194153329861,0,235,0.62317,34.03493465930351,3.7688,-0.0929,0.122039,-0.0011641454545454,0.0002869999999999,0.068437,0.4758966448129579,3.144446448073661e-09,1,0,0,0,1,0,0
832,0.8523076922989506,2,831,1.044686,34.03493465930351,3.86,-0.0096,0.086219,-0.0008773333333333,0.002026,0.055774,0.9983391053722008,3.144446448073661e-09,1,0,0,1,0,0,0
512,0.5882352941108623,1,510,1.069789,34.111806152737806,3.8257,-0.05865,0.016140744,-5.160606060604644e-05,8.323199999999906e-05,-0.000170427,0.9779908654092284,3.159885656500746e-09,0,0,1,0,0,1,0
123,0.1028911564617101,0,121,1.080315,31.199907678441985,3.8257,-0.05865,0.017002789,8.200000000045644e-06,-1.1515000000000136e-05,-3.604200000000002e-05,1.0046628804399882,2.6202553416192554e-09,0,0,1,0,0,1,0
254,0.7027777777582561,2,253,0.958119,34.68681429789945,3.8257,-0.05865,0.018345911,-0.0008326848484848,-0.0001300369999999,0.0012920519999999,0.9006113620853989,3.277548483489665e-09,0,0,1,0,0,1,0
818,0.7557816836192806,2,817,0.336337,34.03493465930351,3.8394,-0.1002,0.121948,7.0121212121289485e-06,-0.0006519999999999,0.090033,0.3330036336273898,3.144446448073661e-09,1,0,0,1,0,0,0
33,0.0177876598109072,0,32,1.072026,32.73788741260483,3.8257,-0.05865,0.015578231,6.77030303030443e-05,-1.3983000000000398e-05,-0.0001998779999999,1.0030164614212922,2.893953137315325e-09,0,0,1,0,0,1,0
173,0.1958762886575501,0,171,1.090591,30.371549935014585,3.8257,-0.05865,0.017073441,-9.19575757575605e-05,5.109000000000016e-05,0.000121187,0.9963019771815184,2.4826925076370077e-09,0,0,1,0,0,1,0
499,0.68269230768293,2,497,1.044881,36.14520200993049,3.8257,-0.05865,0.016206652,-0.0001975333333333,0.0001037249999999,-3.281000000000117e-05,0.9694239481480038,3.5938088962613873e-09,0,0,1,0,0,1,0
84,0.0851505711309953,0,82,1.086379,33.45783080017608,3.8257,-0.05865,0.016724903,-3.076363636359088e-05,-3.325399999999992e-05,-3.156500000000076e-05,1.0028394641203802,3.0306842882027533e-09,0,0,1,0,0,1,0
110,0.0919931856891653,0,108,1.084782,31.391216607305893,3.8257,-0.05865,0.016796455,-1.704848484848332e-05,-3.659300000000143e-05,-7.152500000000284e-05,1.004500325023474,2.6529832174364543e-09,0,0,1,0,0,1,0
117,0.0906958561368984,0,116,1.20186,34.03493465930351,3.8198,-0.0644,0.089415,-0.0017870969696968,0.0012469999999999,0.0511169999999999,0.9624473675359598,3.144446448073661e-09,1,0,0,0,1,0,0
271,0.1945244956758319,0,270,1.041625,36.2543705975512,3.8257,-0.05865,0.014693587,-4.192121212122244e-05,-4.32700000000015e-06,-0.000278121,0.993027239906229,3.618549120190108e-09,0,0,1,0,0,1,0
730,0.8955773955663934,2,729,0.964404,36.51951664531164,3.8257,-0.05865,0.015501702,-0.0006223696969697,-2.311700000000132e-05,0.0002432799999999,0.9062209877053649,3.679274971658277e-09,0,0,1,0,0,1,0
114,0.1423173803508524,0,113,1.061375,34.68248359442887,3.8257,-0.05865,0.015255214,-2.0054545454561985e-05,-4.402000000000572e-06,-0.0002985899999999,1.003041136617723,3.276647798604262e-09,0,0,1,0,0,1,0
502,0.5561735261339692,1,500,1.060813,31.008586940018745,3.8257,-0.05865,0.017431717,-0.0004069696969696,0.000665901,0.000879839,0.9844529244612394,2.587888808322881e-09,0,0,1,0,0,1,0
69,0.0697435897428744,0,68,1.022847,34.03493465930351,3.8609,-0.0162,0.089985,-0.0027673696969696,0.0585679999999999,0.0595399999999999,0.9774689800692644,3.144446448073661e-09,1,0,0,1,0,0,0
166,0.321637426894315,0,165,1.067124,32.91174291473514,3.8257,-0.05865,0.01698429,-9.963636363635244e-05,-1.7629000000001643e-05,-0.0003662939999999,1.0009013631123946,2.926454079989201e-09,0,0,1,0,0,1,0
697,0.5014409221865891,1,696,1.023022,36.77635619713311,3.8257,-0.05865,0.014803033,-6.877575757571492e-05,7.700000000006313e-07,-0.000168675,0.9752921761894638,3.738968414735382e-09,0,0,1,0,0,1,0
390,0.8020618556535657,2,389,0.996226,34.90927414101598,3.8257,-0.05865,0.018003531,-0.0008060303030303,1.1549999999992122e-06,0.000443775,0.9353233550587072,3.324114913609123e-09,0,0,1,0,0,1,0
1428,0.8394117647009447,2,1427,0.922608,34.03493465930351,3.8012,-0.0646,0.105174,-0.0022132,-0.0009979999999999,0.050384,0.7247037310214652,3.144446448073661e-09,1,0,0,0,1,0,0
244,0.3457142857093469,1,242,1.068161,32.56503041719463,3.8257,-0.05865,0.017322492,-6.465454545447016e-05,-3.934000000000576e-06,0.0002634529999999,0.9975857953240076,2.8619606735414156e-09,0,0,1,0,0,1,0
35,0.015205724507982,0,34,1.074956,35.42513616055141,3.8257,-0.05865,0.015326856,1.3272727272814397e-06,-5.225799999999947e-05,-0.000271148,1.0031692112434207,3.434390776252243e-09,0,0,1,0,0,1,0
425,0.3996229971687123,1,424,1.052676,36.31879875342782,3.8257,-0.05865,0.015048842,-5.941818181818501e-05,-1.0170999999999791e-05,-0.000119456,0.9891489009832516,3.633221678783809e-09,0,0,1,0,0,1,0
83,0.1711899791195993,0,82,1.086626,32.20709273428334,3.8257,-0.05865,0.018169846,-1.680606060607242e-05,-4.450500000000024e-05,-9.011999999999217e-06,1.0114000845140163,2.796721467964908e-09,0,0,1,0,0,1,0
489,0.4979591836683881,1,488,1.001523,32.12313258137345,3.8257,-0.05865,0.017310806,-9.82727272727414e-05,-0.0004328209999999,7.535900000000054e-05,0.9775323998430516,2.7816133582389502e-09,0,0,1,0,0,1,0
166,0.2034525277410178,0,165,1.06415,33.30737977998324,3.8257,-0.05865,0.015349742,-4.873333333333301e-05,1.1788999999999897e-05,-9.172699999999978e-05,1.0003506373986275,3.001640506761704e-09,0,0,1,0,0,1,0
759,0.5773038842301805,1,758,1.035612,36.952366154974975,3.8257,-0.05865,0.015608504,-6.178787878782813e-05,1.8487000000001055e-05,3.983100000000059e-05,0.9721244935736896,3.7803759347960776e-09,0,0,1,0,0,1,0
1898,0.9409722222175548,2,1897,0.810413,34.03493465930351,3.7743,-0.0531,0.084368,-0.0220502848484847,0.0003599999999999,0.0311559999999999,0.7498470998944273,3.144446448073661e-09,1,0,0,0,1,0,0
38,0.0373831775697052,0,36,1.087587,33.42678938211381,3.8257,-0.05865,0.016637588,8.20000000003583e-06,2.947299999999861e-05,-0.00011888,1.003954572266485,3.024671325121548e-09,0,0,1,0,0,1,0
338,0.6028622540142601,1,337,1.060075,34.401081000778284,3.8257,-0.05865,0.02063835,-0.0002403393939393,-5.0731000000001775e-05,0.000264916,0.9857815718383992,3.218596716290461e-09,0,0,1,0,0,1,0
408,0.8123752494847829,2,407,1.003222,32.96395112561749,3.8257,-0.05865,0.019543981,-0.0011439696969696,-3.440500000000124e-05,0.0012065559999999,0.9365079809603292,2.936277806337869e-09,0,0,1,0,0,1,0
568,0.2894333843783082,0,567,1.04869,34.03493465930351,3.8302,-0.0723,0.079609,-0.001896309090909,0.00114,0.043453,0.8464399463413137,3.144446448073661e-09,1,0,0,0,1,0,0
946,0.9337289811974904,2,944,0.939597,34.52278789722506,3.8257,-0.05865,0.017959159,-0.0006746424242424,-0.000136834,0.001021344,0.8705671212543766,3.243589586903521e-09,0,0,1,0,0,1,0
863,0.8039215686199448,2,861,1.018512,32.35097837917086,3.8257,-0.05865,0.016429219,-0.0002101818181818,-7.47700000000226e-06,-8.360000000002393e-06,0.9464607801867252,2.8227843145163383e-09,0,0,1,0,0,1,0
1024,0.5292291774416491,1,1023,1.03638,35.51208148383889,3.8257,-0.05865,0.016193606,-4.369090909087587e-05,-4.024799999999967e-05,0.000183802,0.9693404167757864,3.453296981371821e-09,0,0,1,0,0,1,0
969,0.933461909344904,2,968,0.950943,33.55658984406051,3.8257,-0.05865,0.016619472,-0.0009039696969696,5.980999999998654e-06,0.0006820599999999,0.8900893699549219,3.0498861524803504e-09,0,0,1,0,0,1,0
196,0.3611111111044238,1,195,1.06975,33.61293303122369,3.8257,-0.05865,0.017026067,-7.410909090909177e-05,-0.000166109,-0.000282988,1.00143603915313,3.060889917550246e-09,0,0,1,0,0,1,0
222,0.4501018329847229,1,221,1.070844,33.79812455308099,3.8257,-0.05865,0.017409664,-0.0001356787878787,-7.559700000000016e-05,7.992999999997807e-06,0.9965001093425024,3.0973092423900634e-09,0,0,1,0,0,1,0
145,0.1245674740473653,0,144,1.059861,36.18975455509764,3.8257,-0.05865,0.015381502,-5.309090909089174e-05,3.665100000000039e-05,-8.720800000000008e-05,0.9996510194476488,3.6038871852916492e-09,0,0,1,0,0,1,0
221,0.2789808917161913,0,219,1.07777,33.32155718276518,3.8257,-0.05865,0.016475618,-0.0001943515151514,1.0379000000001332e-05,2.589100000000011e-05,0.9932311321841464,3.0043666723061956e-09,0,0,1,0,0,1,0
347,0.6189624329048486,1,346,1.057841,34.504827665898645,3.8257,-0.05865,0.020608628,-0.0002387999999999,-7.919799999999907e-05,0.000235194,0.983704137664886,3.2398904770740204e-09,0,0,1,0,0,1,0
239,0.4722222222128527,1,238,1.04455,34.03037725155766,3.8257,-0.05865,0.01729607,-0.0002560545454545,3.177600000000072e-05,-0.000451308,0.9780036946078012,3.1435332486678844e-09,0,0,1,0,0,1,0
529,0.5349544072894128,1,528,1.044369,37.13567573767367,3.8257,-0.05865,0.015782937,-7.409696969694143e-05,-1.4232999999998911e-05,-1.4962999999999782e-05,0.9851794204211004,3.823937513416103e-09,0,0,1,0,0,1,0
1157,0.5871000507842199,1,1156,0.864119,34.03493465930351,3.8201,-0.0869,0.084261,-0.0017006,0.0004979999999999,0.046683,0.7054067203594467,3.144446448073661e-09,1,0,0,0,1,0,0
168,0.2561728395022195,0,166,1.065139,33.666849074534184,3.8257,-0.05865,0.016337108,-3.2757575757552256e-05,3.4197999999999174e-05,0.000225656,0.9970980276885604,3.0714530304105403e-09,0,0,1,0,0,1,0
255,0.1494117647050034,0,254,1.248529,34.03493465930351,3.8262,-0.0357,0.097185,0.0007367030303029,-0.000664,0.0423949999999999,0.980712962155649,3.144446448073661e-09,1,0,0,0,1,0,0
1110,0.8446306169014118,2,1109,0.984349,36.26041725536796,3.8257,-0.05865,0.016015962,-0.0004289939393939,4.577000000002135e-06,0.000447289,0.9240041377704852,3.6199238930805925e-09,0,0,1,0,0,1,0
34,0.0354838709673603,0,33,1.076942,33.23129617574745,3.8257,-0.05865,0.016011907,1.546060606064222e-05,9.739999999997667e-06,-0.000170046,1.0035166907697586,2.987048345411038e-09,0,0,1,0,0,1,0
33,0.0305719921101521,0,31,1.078516,33.28338376481143,3.8257,-0.05865,0.016545407,8.918787878785923e-05,1.7209000000000668e-05,-0.0001424239999999,1.003703924298488,2.997031387155111e-09,0,0,1,0,0,1,0
517,0.7294617563636053,2,515,1.043799,34.84648121214946,3.8257,-0.05865,0.01663631,-0.0001776484848484,-3.904299999999902e-05,0.000563981,0.9666022758421432,3.3109109981109693e-09,0,0,1,0,0,1,0
415,0.5891583452127082,1,413,1.058821,34.4727143751127,3.8257,-0.05865,0.016575512,-4.929696969697279e-05,5.3688999999999126e-05,9.482800000000166e-05,0.9823618151994004,3.233285824901008e-09,0,0,1,0,0,1,0
767,0.6249999999948939,1,765,1.056917,34.302148950980445,3.8257,-0.05865,0.016420195,3.536969696974135e-05,-2.118900000000132e-05,-0.000367233,0.98006337066274,3.198408258309728e-09,0,0,1,0,0,1,0
168,0.1602687140099782,0,167,0.962693,34.03493465930351,3.8669,-0.0262,0.093692,-0.0025806666666666,0.0011619999999999,0.06319,0.950996691688918,3.144446448073661e-09,1,0,0,1,0,0,0
396,0.8404255318970122,2,395,0.946346,34.40630995786172,3.8257,-0.05865,0.018506894,-0.0008767030303029,9.619799999999872e-05,0.001476636,0.8850848519708384,3.2196669334737223e-09,0,0,1,0,0,1,0
119,0.1700581395324119,0,117,1.062275,32.41524010046953,3.8257,-0.05865,0.015903013,-0.0001082303030302,1.2254999999999213e-05,-0.003983119,0.9963467364491592,2.83449474255687e-09,0,0,1,0,0,1,0
784,0.8501628664402805,2,783,0.998682,38.366712477203336,3.8257,-0.05865,0.015437645,-0.0002639636363636,-1.7031000000000684e-05,0.0001545069999999,0.9444908906576278,4.128331994184894e-09,0,0,1,0,0,1,0
47,0.0443587270969685,0,46,1.073233,33.14576075327839,3.8257,-0.05865,0.015766336,5.2484848484746365e-06,-1.71140000000021e-05,-0.000171076,1.004553674389349,2.9707195086507104e-09,0,0,1,0,0,1,0
842,0.913137893584005,2,841,0.975841,38.36974903254531,3.8257,-0.05865,0.01577338,-0.0005330424242424,2.374499999999863e-05,0.000490242,0.9228893033320218,4.129108938204899e-09,0,0,1,0,0,1,0
432,0.4280039721903872,1,431,1.055843,33.43677204239213,3.8257,-0.05865,0.015210366,-3.946060606054917e-05,-6.187000000001247e-06,-0.000224476,0.989939741583558,3.0266038739913077e-09,0,0,1,0,0,1,0
459,0.2639769452434353,0,458,1.080977,34.03493465930351,3.8265,-0.0788,0.080705,-0.001141206060606,-0.0002599999999999,0.044515,0.8546069910078569,3.144446448073661e-09,1,0,0,0,1,0,0
252,0.4735849056514418,1,251,1.065543,33.29265703906899,3.8257,-0.05865,0.017141724,-0.0022759757575757,6.805400000000142e-05,-0.0005322489999999,0.9878230574833268,2.9988118300627627e-09,0,0,1,0,0,1,0
634,0.7374562426985127,2,632,1.031059,34.75218286220103,3.8257,-0.05865,0.017590942,-0.0002753333333332,-9.997000000001172e-06,0.0008488649999999,0.9566791123713522,3.291170634181766e-09,0,0,1,0,0,1,0
496,0.4871794871746826,1,494,1.056482,32.617627421103634,3.8257,-0.05865,0.017378166,-0.0003192666666666,0.00010192,0.000690335,0.983198329325402,2.8716615586473603e-09,0,0,1,0,0,1,0
119,0.2427983539044691,0,118,1.073667,32.26723676074133,3.8257,-0.05865,0.017788341,-5.755151515151095e-05,-5.167900000000239e-05,-0.000119824,1.007096888568719,2.8075892919712795e-09,0,0,1,0,0,1,0
170,0.1807486630996711,0,169,0.989187,34.03493465930351,3.8633,-0.0185,0.092443,0.0002230606060606,-0.001173,0.06122,0.94972041829724,3.144446448073661e-09,1,0,0,1,0,0,0
212,0.2999999999957143,0,210,1.069875,32.399082120527325,3.8257,-0.05865,0.017293524,-0.0001437999999999,-5.971999999999922e-06,0.0002344849999999,0.9991865484437952,2.8315461702141876e-09,0,0,1,0,0,1,0
869,0.7521663778097734,2,868,1.007612,35.408924628025744,3.8257,-0.05865,0.015721641,-9.238787878791632e-05,-3.2290999999996794e-05,-1.8732999999999944e-05,0.9629107922895423,3.430875880964392e-09,0,0,1,0,0,1,0
564,0.4287890327461631,1,563,1.046314,36.50317056432379,3.8257,-0.05865,0.015589227,-3.6769696969705365e-05,8.321999999999843e-06,2.0554000000000752e-05,0.9821704145655528,3.6755049895116082e-09,0,0,1,0,0,1,0
785,0.9491525423613904,2,784,0.928974,32.0627839654159,3.8257,-0.05865,0.015830392,-0.0010809636363636,1.0128999999997612e-05,0.0004615419999999,0.8846882743619876,2.770799337731487e-09,0,0,1,0,0,1,0
224,0.4280230326213431,1,223,1.071135,33.89485705396284,3.8257,-0.05865,0.017385641,-9.584848484842398e-05,5.4763999999998814e-05,0.0002424029999999,1.001135598923284,3.1164867075159943e-09,0,0,1,0,0,1,0
784,0.8806306306207136,2,782,1.015629,34.5458842644136,3.8257,-0.05865,0.017283952,-0.0003276181818181,1.3689000000000756e-05,0.000550958,0.9410036467946008,3.2483521135995517e-09,0,0,1,0,0,1,0
433,0.4620320855565558,1,432,0.872357,34.03493465930351,3.8669,-0.0174,0.093991,-0.0002813818181818,-0.0002879999999999,0.062768,0.8375517014927667,3.144446448073661e-09,1,0,0,1,0,0,0
327,0.3015726179435563,0,326,0.923335,34.03493465930351,3.8622,-0.0252,0.097265,-0.0019139636363636,0.000593,0.06535,0.91418401798002,3.144446448073661e-09,1,0,0,1,0,0,0
433,0.5249088699814713,1,432,1.032683,36.35216543798652,3.8257,-0.05865,0.015551731,-8.232121212119015e-05,3.0399999999992933e-06,-0.000219755,0.9880687325205018,3.6408414053570703e-09,0,0,1,0,0,1,0
304,0.5580110497134805,1,303,1.062813,34.16624068459652,3.8257,-0.05865,0.017798211,-0.0001262787878787,8.951600000000129e-05,0.000133508,0.9921593484763052,3.1708596524769355e-09,0,0,1,0,0,1,0
1700,0.979250720455451,2,1699,1.293371,34.03493465930351,3.8239,-0.0614,0.084805,-0.0035855272727272,-0.0010939999999999,0.048615,1.0225230495809094,3.144446448073661e-09,1,0,0,0,1,0,0
1870,0.8358676207476035,2,1869,1.00826,36.19388325630418,3.8257,-0.05865,0.015878916,-2.6763636363676145e-05,8.980199999999994e-05,0.0002809119999999,0.9409272462577922,3.6048224266453622e-09,0,0,1,0,0,1,0
530,0.5222551928731726,1,528,1.060914,32.592153156626566,3.8257,-0.05865,0.017287929,-7.373939393938852e-05,4.414499999999891e-05,0.000350114,0.9829712598895756,2.866959454264992e-09,0,0,1,0,0,1,0
537,0.8727569331015863,2,535,0.961902,33.376425421550074,3.8257,-0.05865,0.018765617,-0.0009559333333332,4.2413999999997565e-05,0.0013292189999999,0.8867352281778225,3.014938225725031e-09,0,0,1,0,0,1,0
522,0.6088992974167576,1,520,1.054615,33.62558237040528,3.8257,-0.05865,0.016986992,-1.14303030302394e-05,-1.9601000000001038e-05,0.0002083529999999,0.9837349307682836,3.063365215071489e-09,0,0,1,0,0,1,0
634,0.7663438256565818,2,633,1.003716,38.37141448763148,3.8257,-0.05865,0.015101342,-0.0002420181818181,-3.829999999999806e-06,-0.0002675079999999,0.9558671997165872,4.1295351232162155e-09,0,0,1,0,0,1,0
694,0.6584205518491112,1,692,1.0512,33.33888937881669,3.8257,-0.05865,0.01745717,-9.849696969698978e-05,2.1118000000000525e-05,0.000478943,0.9706604221338644,3.007702492201872e-09,0,0,1,0,0,1,0
756,0.7704081632574448,2,755,0.950954,33.003021206000014,3.8257,-0.05865,0.017186165,-0.000257606060606,-0.000128558,-4.928200000000119e-05,0.9281747356379728,2.943648770442316e-09,0,0,1,0,0,1,0
120,0.1167161226496862,0,118,1.081128,32.00769973776549,3.8257,-0.05865,0.016942518,-2.483030303027519e-05,4.839999999985134e-07,4.7030000000017336e-06,1.001700187066904,2.7609616473674924e-09,0,0,1,0,0,1,0
226,0.2760736196285144,0,225,1.062333,35.23267537794509,3.8257,-0.05865,0.015435049,-6.999393939390635e-05,-1.444000000000098e-05,-0.0001903419999999,0.995322886655892,3.3928702843345444e-09,0,0,1,0,0,1,0
751,0.961538461526134,2,750,1.10926,34.03493465930351,3.8357,-0.0214,0.13445,0.0029543757575758,-7.20000000000165e-05,0.0704369999999999,1.0176118422621832,3.144446448073661e-09,1,0,0,1,0,0,0
354,0.3171608265919393,0,353,1.053342,37.50243403640231,3.8257,-0.05865,0.015032885,-3.0460606060637148e-05,1.161699999999849e-05,8.431299999999906e-05,0.9915916232535108,3.912447562032173e-09,0,0,1,0,0,1,0
393,0.3856015779054674,1,391,1.065212,35.65840385659668,3.8257,-0.05865,0.016583528,9.771515151512068e-05,-6.0851000000000655e-05,-0.000104303,0.9913227662916833,3.485325622572781e-09,0,0,1,0,0,1,0
101,0.0942507068794133,0,100,1.066431,34.90773893001916,3.8257,-0.05865,0.015054245,-5.632727272728936e-05,-4.96599999999861e-06,-0.0001140529999999,1.0020738115283998,3.323791531083505e-09,0,0,1,0,0,1,0
413,0.4713958810014714,1,412,1.05248,35.128515670549056,3.8257,-0.05865,0.015141576,-7.938787878786965e-05,1.1553000000000951e-05,-0.000301891,0.9856878218179708,3.370587793333347e-09,0,0,1,0,0,1,0
224,0.2112274024718247,0,222,1.083444,32.9109306786042,3.8257,-0.05865,0.017049743,5.945454545458174e-05,6.106699999999798e-05,7.151600000000063e-05,1.0004339901050257,2.9263014795662167e-09,0,0,1,0,0,1,0
61,0.0297619047617571,0,60,1.059171,34.03493465930351,3.8203,-0.0266,0.085128,-0.0034806909090908,-0.00045,0.0319159999999999,0.9800142675923024,3.144446448073661e-09,1,0,0,0,1,0,0
341,0.3708971553569923,1,339,1.070604,35.270289486097816,3.8257,-0.05865,0.016475786,5.429696969699131e-05,-7.475100000000137e-05,-0.0001505499999999,0.9918014107131938,3.400949359596148e-09,0,0,1,0,0,1,0
216,0.1172300981454894,0,215,1.067854,33.707866563689656,3.8257,-0.05865,0.015392227,-0.0001007454545454,8.5009999999993e-06,-0.0001729499999999,1.001298678161297,3.079510998300419e-09,0,0,1,0,0,1,0
209,0.1644268774690559,0,208,1.056364,37.65820542964051,3.8257,-0.05865,0.014686476,-7.059999999997286e-05,0.000241688,-0.0002276429999999,0.9965698113207548,3.950592555141432e-09,0,0,1,0,0,1,0
838,0.8311817278964133,2,837,1.011192,33.1025358275523,3.8257,-0.05865,0.015240324,-0.0003101515151514,1.8568000000000057e-05,-0.000194518,0.9480757529020518,2.962498339550046e-09,0,0,1,0,0,1,0
1079,0.7766570605131365,2,1078,0.994305,36.143758389545845,3.8257,-0.05865,0.014913244,-6.801212121211253e-05,1.506100000000024e-05,-5.846399999999939e-05,0.9479149883835,3.593482756369005e-09,0,0,1,0,0,1,0
433,0.4853603603548946,1,431,1.068239,35.22119308404164,3.8257,-0.05865,0.016520649,-0.000182103030303,7.708999999998106e-06,-0.000212345,0.9897480227998784,3.390407454222341e-09,0,0,1,0,0,1,0
469,0.7618270799223192,2,467,1.020003,34.86171059514926,3.8257,-0.05865,0.017856643,-0.0007225636363636,-1.4733000000002884e-05,0.0004202449999999,0.9402959895572142,3.314109057152997e-09,0,0,1,0,0,1,0
1101,0.7925072046052414,2,1100,0.992398,36.21073505692847,3.8257,-0.05865,0.014965891,-9.624242424238076e-05,7.984800000000042e-05,-5.816999999999975e-06,0.9460969608337568,3.6086419874658102e-09,0,0,1,0,0,1,0
551,0.8270676691604952,2,550,0.927302,35.80278569869606,3.8257,-0.05865,0.0181477,-0.0007909696969696,0.0031128979999999,0.0046307039999999,0.873145170782232,3.5171905153617722e-09,0,0,1,0,0,1,0
1248,0.7622249388706466,2,1247,1.006312,35.859139117772656,3.8257,-0.05865,0.015369697,-0.0001034848484847,-2.123700000000034e-05,-9.788900000000032e-05,0.9488568217305706,3.5296983977510583e-09,0,0,1,0,0,1,0
96,0.1938775510164515,0,95,1.061026,33.98128881663973,3.8257,-0.05865,0.016218299,-0.0002182727272726,-1.9498000000003207e-05,-0.001093606,0.9938227142403532,3.1337121427503676e-09,0,0,1,0,0,1,0
230,0.2441364605517682,0,229,1.069925,34.354481250568895,3.8257,-0.05865,0.015543462,-2.913333333332624e-05,-1.544000000000892e-06,-0.00020093,1.00120527363361,3.209073182711705e-09,0,0,1,0,0,1,0
425,0.4603691639472272,1,424,1.040857,37.76079144336286,3.8257,-0.05865,0.015103376,-5.8339393939426576e-05,6.338999999999304e-06,-0.0001797619999999,0.9843773643434311,3.975895391055834e-09,0,0,1,0,0,1,0
731,0.3980370774242201,1,730,1.050774,34.08833902157945,3.8257,-0.05865,0.015524716,-4.470303030293526e-05,-1.487000000001404e-06,-4.046100000000032e-05,0.985283210294908,3.1551652133267326e-09,0,0,1,0,0,1,0
810,0.6882453151559775,2,808,1.061333,31.32541788405799,3.8257,-0.05865,0.017273556,-4.861818181816944e-05,1.83349999999978e-05,0.0004055759999999,0.982786719781614,2.6416855891449527e-09,0,0,1,0,0,1,0
459,0.4745586708154251,1,457,1.068976,35.219429776160254,3.8257,-0.05865,0.016930845,-8.88484848484999e-05,3.7863999999998565e-05,0.0001743769999999,0.986774706614862,3.390029385549468e-09,0,0,1,0,0,1,0
700,0.5702614379038378,1,698,1.059128,31.77879413225508,3.8257,-0.05865,0.016988849,-5.6757575757557176e-05,6.190999999999142e-06,0.000201421,0.9821135979866789,2.720415887677056e-09,0,0,1,0,0,1,0
238,0.456647398835132,1,237,1.042097,34.0990829468599,3.8257,-0.05865,0.017292298,-0.0002312363636363,2.2256000000001747e-05,2.7669000000001e-05,0.968404335296911,3.1573255811726233e-09,0,0,1,0,0,1,0
1076,0.6323529411727509,1,1075,0.988436,34.03493465930351,3.8169,-0.0461,0.101732,0.0006305090909091,-0.00025,0.046942,0.7764112787618718,3.144446448073661e-09,1,0,0,0,1,0,0
640,0.9036827195339422,2,638,0.964128,34.743682191908704,3.8257,-0.05865,0.017306235,-0.0010399212121211,3.091099999999805e-05,0.001233906,0.8928235407421675,3.289396310226039e-09,0,0,1,0,0,1,0
374,0.7690721649325964,2,373,1.008192,34.72676830250779,3.8257,-0.05865,0.017746704,-0.0006513999999999,-5.059800000000239e-05,0.0001869479999999,0.9465578332460188,3.2858684693931927e-09,0,0,1,0,0,1,0
330,0.4767441860395822,1,328,1.036358,32.613881345158184,3.8257,-0.05865,0.016255358,-7.843636363635183e-05,-1.0879999999997836e-05,-0.003630774,0.9720382303009836,2.8709696642626224e-09,0,0,1,0,0,1,0
100,0.0889487870611954,0,99,1.063595,36.16883588147478,3.8257,-0.05865,0.015062672,-7.74303030303299e-05,4.109999999999878e-06,0.0001140999999999,1.001243558629883,3.599151991656418e-09,0,0,1,0,0,1,0
114,0.1311475409820708,0,112,1.07666,32.0668110650558,3.8257,-0.05865,0.016803622,-1.863030303028444e-05,8.732000000000878e-06,2.4982999999999256e-05,1.00429829896311,2.771519785862576e-09,0,0,1,0,0,1,0
73,0.7058823528719723,2,72,1.472248013656454,32.848065199040995,3.481431873453954,-1.8659419458758728,0.016776592,-0.0012552931728482,1.2765000000003121e-06,3.811000000000092e-05,0.8693154750459802,2.91451216904417e-09,0,1,0,0,0,0,1
388,0.2365525672357179,0,387,1.052718,36.21291684979007,3.8257,-0.05865,0.015242802,7.842424242438897e-06,6.785999999999945e-06,-0.000224784,0.9926132806312186,3.60913676916211e-09,0,0,1,0,0,1,0
240,0.3103896103855793,0,239,1.032337,36.49601107977068,3.8257,-0.05865,0.01426046,-0.000120503030303,-7.933999999999372e-06,0.000322491,0.9667172029789892,3.6738548516515045e-09,0,0,1,0,0,1,0
150,0.1718569780833695,0,149,1.027879,34.03493465930351,3.8492,-0.0157,0.095097,-0.0010171151515151,-0.0027019999999999,0.048285,0.9474176603587154,3.144446448073661e-09,1,0,0,1,0,0,0
208,0.211224489793763,0,207,1.025935,32.05652412805474,3.8257,-0.05865,0.017438298,1.401818181824469e-05,-0.000197552,0.000202851,1.001359631913577,2.769679786886394e-09,0,0,1,0,0,1,0
1002,0.576945244953447,1,1001,0.845986,34.03493465930351,3.8219,-0.0964,0.086565,-0.0019441515151515,-0.0001329999999999,0.050375,0.66882602487821,3.144446448073661e-09,1,0,0,0,1,0,0
1435,0.7282884713015324,2,1434,0.735127,34.03493465930351,3.8091,-0.0991,0.091393,-0.0110926666666666,0.001922,0.053815,0.600106612767083,3.144446448073661e-09,1,0,0,0,1,0,0
221,0.2144249512649666,0,220,1.069886,37.0384454793877,3.8257,-0.05865,0.015569228,-4.683030303031231e-05,-1.113700000000134e-05,-0.00014722,0.998988766248136,3.800776034791351e-09,0,0,1,0,0,1,0
477,0.8749999999839154,2,476,0.907714,33.891554761050564,3.8257,-0.05865,0.018597927,-0.0006965818181817,-7.76419999999993e-05,0.0015611779999999,0.8521695863609906,3.115830265865683e-09,0,0,1,0,0,1,0
988,0.8560277536786122,2,987,0.982368,36.38291165459633,3.8257,-0.05865,0.01594973,-0.0005590666666666,-8.80300000000167e-06,0.0003450039999999,0.9175641166943452,3.647875400885454e-09,0,0,1,0,0,1,0
244,0.2227314390447046,0,243,1.057838,36.71846011447791,3.8257,-0.05865,0.015344035,-5.827272727272699e-05,7.167000000000631e-06,-0.0001591719999999,0.995504486573218,3.72543716103477e-09,0,0,1,0,0,1,0
1938,0.988769780495208,2,1937,1.286616,34.03493465930351,3.8264,-0.055,0.085181,-0.0022758787878787,0.001904,0.049025,1.038479605986398,3.144446448073661e-09,1,0,0,0,1,0,0
1650,0.8374809547951373,2,1649,0.635559,34.03493465930351,3.8049,-0.1273,0.097235,-0.0131263696969696,-0.0002589999999999,0.059657,0.5188262146590106,3.144446448073661e-09,1,0,0,0,1,0,0
1351,0.7941176470541523,2,1350,0.959781,34.03493465930351,3.8098,-0.058,0.102463,0.0080410787878788,-0.000294,0.047673,0.7539029269890495,3.144446448073661e-09,1,0,0,0,1,0,0
749,0.6470588235238144,1,748,1.026212,37.68905297481547,3.8257,-0.05865,0.015523488,-6.04787878787935e-05,-1.3459000000000387e-05,5.477800000000012e-05,0.9679135961880004,3.958185877193763e-09,0,0,1,0,0,1,0
671,0.5688775510155708,1,669,1.061786,31.483960380995526,3.8257,-0.05865,0.017211951,-3.744242424234695e-05,1.6606999999998345e-05,0.0001731199999999,0.9874314261774144,2.668981044673362e-09,0,0,1,0,0,1,0
836,0.4240731335681865,1,835,0.943998,34.03493465930351,3.8284,-0.0788,0.079933,-0.0018332606060606,-0.0008399999999999,0.042355,0.7706143866827103,3.144446448073661e-09,1,0,0,0,1,0,0
205,0.2569269521378221,0,204,1.057167,35.092154729856304,3.8257,-0.05865,0.015216684,-2.032727272723082e-05,6.17499999999889e-06,-0.0003371199999999,0.999064411046754,3.3628402174729166e-09,0,0,1,0,0,1,0
739,0.8702830188576618,2,738,0.981449,37.64952765396709,3.8257,-0.05865,0.015139489,-0.0005558848484848,-8.899999999999186e-08,2.503600000000085e-05,0.9265429890140184,3.948458820001041e-09,0,0,1,0,0,1,0
197,0.4100418409956058,1,196,1.070326,33.64698515215851,3.8257,-0.05865,0.018051596,-9.233333333333748e-05,0.0001150959999999,0.0002532519999999,1.0036090792394023,3.0675575320389196e-09,0,0,1,0,0,1,0
806,0.6293979671569242,1,805,0.967864,34.03493465930351,3.8261,-0.0847,0.084843,-0.0009684969696969,-0.0015389999999999,0.046545,0.775063783579472,3.144446448073661e-09,1,0,0,0,1,0,0
776,0.871621621611806,2,774,1.018395,34.45962663601522,3.8257,-0.05865,0.017241728,-0.0004237878787878,1.7200000000001936e-05,0.000508734,0.9435664094638766,3.2305975741028242e-09,0,0,1,0,0,1,0
199,0.243243243240255,0,198,1.062453,34.807600033607635,3.8257,-0.05865,0.014982914,-4.920606060596709e-05,-6.330000000000571e-06,-0.000275508,0.9983546387722656,3.302758794550361e-09,0,0,1,0,0,1,0
538,0.4515585509650248,1,536,1.058147,31.678643360834087,3.8257,-0.05865,0.016889447,-0.000291109090909,3.7399999999743205e-07,0.0001470929999999,0.9882860475824444,2.7028451874224956e-09,0,0,1,0,0,1,0
204,0.2589285714252687,0,203,1.050975,33.855030562460286,3.8257,-0.05865,0.018396787,-6.710909090908547e-05,7.863999999999788e-06,-0.0001555069999999,1.001699402969142,3.1085781302151718e-09,0,0,1,0,0,1,0
129,0.1081771720604073,0,127,1.084464,31.4286334349776,3.8257,-0.05865,0.016840944,-2.492121212121032e-05,2.5735999999998427e-05,-2.7036000000001115e-05,1.0042058593120615,2.659427029013864e-09,0,0,1,0,0,1,0
683,0.6520076481773232,1,682,1.040327,33.35070214631435,3.8257,-0.05865,0.015126248,-0.0001152545454545,1.6198999999999728e-05,-0.000171258,0.97068881380856,3.009977927730035e-09,0,0,1,0,0,1,0
698,0.6676245210664021,2,697,1.043109,36.02454434548378,3.8257,-0.05865,0.015811741,-9.970303030299268e-05,0.00012532,-0.000234003,0.975627755065392,3.566641610314871e-09,0,0,1,0,0,1,0
458,0.5935064934987856,1,457,1.001523,37.2251785593106,3.8257,-0.05865,0.014645366,-0.0001665757575757,1.7899999999999514e-05,0.000707397,0.9378618738639865,3.845370023103645e-09,0,0,1,0,0,1,0
63,0.0338058887675365,0,62,1.070393,32.81375277400448,3.8257,-0.05865,0.015417707,-2.727272727190004e-07,1.4931999999998752e-05,-0.00014747,1.0036794318447138,2.908095493297808e-09,0,0,1,0,0,1,0
412,0.3802035152601277,1,411,0.895019,34.03493465930351,3.8685,-0.0211,0.095402,0.0014056545454545,-0.0009529999999999,0.063487,0.8861486519935445,3.144446448073661e-09,1,0,0,1,0,0,0
75,0.0857814336065125,0,73,1.078759,33.80422585326085,3.8257,-0.05865,0.016648576,-3.4975757575773696e-05,1.2661000000000616e-05,-5.070099999999675e-05,1.0032774230749557,3.098515702350964e-09,0,0,1,0,0,1,0
510,0.431972789111973,1,508,1.06792,31.054769151841857,3.8257,-0.05865,0.017228957,-0.0001237575757575,4.09800000000099e-06,0.0001901259999999,0.993135875443248,2.5956685683519332e-09,0,0,1,0,0,1,0
299,0.5467889908156552,1,298,1.069596,33.49856495546228,3.8257,-0.05865,0.018214466,-0.0001820969696969,0.000103584,0.0005031279999999,0.9941508835948688,3.038591094902211e-09,0,0,1,0,0,1,0
874,0.8508771929741631,2,873,0.990326,37.63349142221335,3.8257,-0.05865,0.016084623,-0.0004957151515151,5.9589999999998255e-06,0.0003681749999999,0.924700901706772,3.9445184696507205e-09,0,0,1,0,0,1,0
735,0.8396334478712527,2,733,1.007819,30.476382762645844,3.8257,-0.05865,0.017881744,-0.0006787818181818,3.321000000000573e-06,0.00092949,0.9206861805581568,2.4997351747694755e-09,0,0,1,0,0,1,0
1312,0.7993902438975647,2,1311,0.998988,37.07663884986564,3.8257,-0.05865,0.015465241,-0.0001366848484848,3.9387999999999576e-05,-0.0009642349999999,0.9373893346520124,3.809859132114966e-09,0,0,1,0,0,1,0
179,0.2254777070034971,0,177,1.057125,33.15303879518072,3.8257,-0.05865,0.016258808,-1.637575757577971e-05,-3.174499999999969e-05,-0.00031627,1.0031752388309123,2.972105770281274e-09,0,0,1,0,0,1,0
798,0.7634099616785115,2,797,1.031682,35.88445001603125,3.8257,-0.05865,0.015878951,-0.0001529333333333,-5.733100000000074e-05,-0.000166793,0.9649399953421682,3.53532923661933e-09,0,0,1,0,0,1,0
854,0.9759450171709514,2,852,0.903838,31.18731802097902,3.8257,-0.05865,0.019033594,-0.0010535878787879,0.0001525469999999,0.00208134,0.8256950464947805,2.618114366396405e-09,0,0,1,0,0,1,0
619,0.7592137592044322,2,618,1.013206,36.28704642522229,3.8257,-0.05865,0.014984851,-0.0002690969696969,-2.318800000000037e-05,-0.000273571,0.9520787367835492,3.6259838994362867e-09,0,0,1,0,0,1,0
619,0.7067583046883533,2,617,1.054222,30.578020888354263,3.8257,-0.05865,0.017621601,-0.0002315757575757,-8.75800000000107e-06,0.000669347,0.9630773250359252,2.516358823240594e-09,0,0,1,0,0,1,0
29,0.0536398467422674,0,28,1.066991,33.11917919934909,3.8257,-0.05865,0.017060544,-6.164848484846188e-05,-2.5230000000001085e-05,-0.0006281199999999,1.0056304470145152,2.9656614049547183e-09,0,0,1,0,0,1,0
813,0.776290630967722,2,812,1.017424,33.24996587482342,3.8257,-0.05865,0.015153395,-0.0002639151515151,-1.6479999999999273e-05,-0.000144111,0.949318911938612,2.990623117308222e-09,0,0,1,0,0,1,0
651,0.5840071877755256,1,650,1.038092,38.2596412616503,3.8257,-0.05865,0.01505186,-6.973939393936154e-05,1.0051000000000504e-05,0.0001032879999999,0.9772356284725034,4.101020003172062e-09,0,0,1,0,0,1,0
334,0.1699846860634508,0,333,1.119821,34.03493465930351,3.8304,-0.0663,0.082515,-0.0050757454545454,0.002529,0.046359,0.9038526420122976,3.144446448073661e-09,1,0,0,0,1,0,0
566,0.2802579365065463,0,565,1.220277,34.03493465930351,3.8254,-0.0208,0.073338,-0.0020381151515151,0.028069,0.0201259999999999,1.1290800733920507,3.144446448073661e-09,1,0,0,0,1,0,0
1619,0.82593159774974,2,1618,0.405095,34.03493465930351,3.8137,-0.1161,0.099258,0.0069382363636363,0.0485849999999999,0.0631019999999999,0.3269684940860831,3.144446448073661e-09,1,0,0,0,1,0,0
685,0.5335413416495044,1,684,1.034836,34.84836516938073,3.8257,-0.05865,0.01537887,-5.461212121209213e-05,1.6094999999998957e-05,-0.000229603,0.9767994600793836,3.311306465156606e-09,0,0,1,0,0,1,0
384,0.411827956984819,1,383,1.066812,34.515043953783575,3.8257,-0.05865,0.016023545,-5.233333333328949e-05,2.60100000000138e-06,-0.0001584079999999,0.9940773485605238,3.2419941707608127e-09,0,0,1,0,0,1,0
294,0.3407234539050091,1,292,1.070899,34.26303812767941,3.8257,-0.05865,0.017033983,-0.0001317818181818,1.0862999999999843e-05,0.0002919059999999,0.9936450821527854,3.1904585582814727e-09,0,0,1,0,0,1,0
164,0.9421965317374452,2,163,1.5938139125387372,30.57201259441588,3.4444897117952333,-1.974395376907044,0.016776592,-0.0031086842432393,1.2765000000003121e-06,3.811000000000092e-05,1.5906602882602636,2.515373366549095e-09,0,1,0,0,0,0,1
548,0.9750445632624768,2,547,0.84792,32.936573631578845,3.8257,-0.05865,0.021244261,-0.0015198303030302,0.0001267469999999,0.00340156,0.7914167977263287,2.9311226493263252e-09,0,0,1,0,0,1,0
132,0.1724137931011616,0,130,1.092311,33.81065701207058,3.8257,-0.05865,0.016582102,-5.1127272727249015e-05,-1.925999999999317e-06,-9.725999999998096e-06,0.9998352389173,3.0997878447429932e-09,0,0,1,0,0,1,0
179,0.339047619041161,1,178,1.070352,33.6052181648353,3.8257,-0.05865,0.017762192,-5.44060606060371e-05,0.0001305529999999,-1.7829000000000456e-05,1.0050725386168364,3.0593811087701367e-09,0,0,1,0,0,1,0
308,0.285714285711618,0,306,1.071072,31.13559310823748,3.8257,-0.05865,0.016374379,-6.415757575754063e-05,5.309100000000164e-05,-6.319999999999937e-05,0.995302599042678,2.6093346083114595e-09,0,0,1,0,0,1,0
206,0.2527743526479312,0,205,1.062839,33.89514024534857,3.8257,-0.05865,0.015284314,-1.3345454545433702e-05,9.319000000000688e-06,-0.0001571549999999,0.9991182362468828,3.116543007097822e-09,0,0,1,0,0,1,0
507,0.2312614259587236,0,506,1.053411,35.8157511011508,3.8257,-0.05865,0.015203994,1.1957575757585255e-05,-2.067999999999168e-06,-0.0001537039999999,0.9890765178936102,3.5200647142231702e-09,0,0,1,0,0,1,0
1931,0.863148479423689,2,1930,1.005009,35.81903826187618,3.8257,-0.05865,0.015936663,-3.516969696970737e-05,7.904499999999981e-05,0.0003386589999999,0.937893351748852,3.5207937540250916e-09,0,0,1,0,0,1,0
199,0.3167202572296347,0,197,1.079974,34.10427897066921,3.8257,-0.05865,0.016990962,-1.3090909090936922e-05,4.6199999999999714e-05,0.0002473629999999,0.9983332978978108,3.158370864034671e-09,0,0,1,0,0,1,0
257,0.4839319470607952,1,256,1.05588,33.678685474405185,3.8257,-0.05865,0.01726282,0.0001990121212121,8.569500000000022e-05,-0.0002419319999999,0.9835350927198954,3.073776369134361e-09,0,0,1,0,0,1,0
76,0.1434034416798584,0,75,1.07213,30.38911508862868,3.8257,-0.05865,0.016921919,-4.207878787872963e-05,-0.000118211,-0.000514896,1.0076608654870067,2.48554076794269e-09,0,0,1,0,0,1,0
496,0.9782608695458842,2,495,0.849451,33.95809778018999,3.8257,-0.05865,0.021141019,-0.0020141515151514,-5.027999999999977e-05,0.0032636249999999,0.7987555807979176,3.1290819095133623e-09,0,0,1,0,0,1,0
743,0.9464285714164996,2,742,0.926162,35.635740061738495,3.8257,-0.05865,0.019324355,-0.0010002303030302,4.085399999999989e-05,0.000772061,0.8827383357860145,3.480347343037255e-09,0,0,1,0,0,1,0
241,0.2274024738322797,0,239,1.082578,32.78128218709674,3.8257,-0.05865,0.017116498,-9.639999999999549e-05,1.4448000000000238e-05,0.000138271,0.9996343402519358,2.9020349440307604e-09,0,0,1,0,0,1,0
481,0.6451612903139091,1,480,0.998766,32.88256080853907,3.8257,-0.05865,0.017268743,-0.0002047636363636,4.043000000000102e-05,-0.000664983,0.96188909584355,2.9209759183433822e-09,0,0,1,0,0,1,0
605,0.5536205316172904,1,604,1.037444,37.71768502244106,3.8257,-0.05865,0.015348795,-6.464848484846908e-05,1.4299999999932422e-07,-0.0001544119999999,0.9763122109136424,3.965245547649143e-09,0,0,1,0,0,1,0
682,0.672601384760904,2,680,1.044615,32.87795476515882,3.8257,-0.05865,0.017372493,-9.127272727273424e-05,-2.610999999999586e-06,0.000434678,0.96786970729913,2.920112098803876e-09,0,0,1,0,0,1,0
1712,0.7819926873821664,2,1711,1.007749,34.02069881241125,3.8257,-0.05865,0.015566821,3.338787878783913e-05,-5.719700000000015e-05,0.000209123,0.9462032120708516,3.141594702418776e-09,0,0,1,0,0,1,0
78,0.0667823070245725,0,77,1.07179,35.25362420733708,3.8257,-0.05865,0.015475083,-4.313333333336748e-05,-1.4437999999998565e-05,-0.0001296429999999,1.0010872143960636,3.3973677228743e-09,0,0,1,0,0,1,0
466,0.3909014321786782,1,464,1.063256,33.18301243859648,3.8257,-0.05865,0.01652322,-0.0001038727272727,-1.6739999999966504e-06,-0.0002191339999999,0.9930577413235776,2.9778210291587207e-09,0,0,1,0,0,1,0
116,0.2050359712193339,0,114,1.074241,33.115750013422776,3.8257,-0.05865,0.015105683,-0.0001489151515151,-5.598000000000755e-06,-0.000243091,0.9924263630560244,2.965009441707577e-09,0,0,1,0,0,1,0
603,0.5517873510490212,1,602,1.037597,37.743739843326345,3.8257,-0.05865,0.015361264,-5.810909090907972e-05,1.0128999999999349e-05,-0.000141943,0.9764561953294468,3.971679572175136e-09,0,0,1,0,0,1,0
436,0.8223062381697106,2,435,0.970451,35.099177591156874,3.8257,-0.05865,0.018380124,-0.0010111575757575,-0.0002981159999999,0.000875372,0.9039593649516188,3.3643353609727115e-09,0,0,1,0,0,1,0
333,0.3296921549123168,0,332,1.060003,33.06524841783334,3.8257,-0.05865,0.015232982,-6.62666666667071e-05,9.172e-06,-0.0002018599999999,0.9938400840823836,2.955422879727174e-09,0,0,1,0,0,1,0
262,0.4031007751875488,1,260,1.066564,33.262618373493964,3.8257,-0.05865,0.016902486,-0.000115812121212,9.629999999996586e-07,0.000294551,0.9923196370737772,2.993047932346569e-09,0,0,1,0,0,1,0
251,0.2860411899280773,0,250,1.06321,34.69972067754476,3.8257,-0.05865,0.015179139,-5.02787878787515e-05,-1.217900000000105e-05,-0.000264328,0.9957368776937182,3.280234026358416e-09,0,0,1,0,0,1,0
1813,0.8988095238050655,2,1812,1.132346,34.03493465930351,3.8257,-0.0241,0.0828,0.000690806060606,-0.000114,0.0295879999999999,1.047720562450325,3.144446448073661e-09,1,0,0,0,1,0,0
461,0.9465020575936932,2,460,0.879363,29.573541567909515,3.8257,-0.05865,0.020595577,-0.0018847757575757,7.554599999999925e-05,0.0028460499999999,0.8263998594102561,2.356346333291053e-09,0,0,1,0,0,1,0
520,0.6375921375843048,1,519,1.033488,35.621835335496506,3.8257,-0.05865,0.014925349,-0.0001281515151514,-6.380000000007213e-07,-0.000333073,0.9711371128091982,3.477296220397458e-09,0,0,1,0,0,1,0
384,0.7880658436051838,2,383,1.0119,33.12633848493981,3.8257,-0.05865,0.018374648,-0.0007132545454544,7.922200000000032e-05,0.000466483,0.949159601201012,2.967022956758969e-09,0,0,1,0,0,1,0
470,0.9791231732572208,2,469,0.851385,33.6000774525205,3.8257,-0.05865,0.022459935,-0.0024314303030302,0.0001406,0.004281077,0.7924445586190334,3.058376102242717e-09,0,0,1,0,0,1,0
1571,0.9048991354414704,2,1570,1.313928,34.03493465930351,3.8239,-0.0575,0.088013,0.0100117333333333,-0.000136,0.0518229999999999,1.0387751584732805,3.144446448073661e-09,1,0,0,0,1,0,0
1006,0.9608030592642371,2,1005,0.911854,32.70487717698976,3.8257,-0.05865,0.016236704,-0.000816812121212,3.819000000002126e-06,0.000939198,0.8508156354940233,2.887818883769157e-09,0,0,1,0,0,1,0
484,0.4617590822135587,1,483,1.056397,33.5550911862472,3.8257,-0.05865,0.01507691,-9.406666666661092e-05,-8.117000000000194e-06,-0.000220596,0.985683108139,3.049593951817336e-09,0,0,1,0,0,1,0
214,0.3286821705375398,0,212,1.070141,33.36115410462959,3.8257,-0.05865,0.016864061,-5.905454545452599e-05,9.439999999999449e-06,0.0002561259999999,0.9956476392769388,3.011992526222157e-09,0,0,1,0,0,1,0
262,0.3714285714232653,1,260,1.067489,32.73961514495414,3.8257,-0.05865,0.017229671,6.349090909092815e-05,3.866299999999781e-05,0.0001706319999999,0.9969581955010804,2.8942745219015683e-09,0,0,1,0,0,1,0
225,0.260210035002798,0,223,1.074648,34.20538846132337,3.8257,-0.05865,0.016982954,-3.541212121204647e-05,2.0385000000001235e-05,0.000240877,0.9971236318694168,3.1787729796575892e-09,0,0,1,0,0,1,0
561,0.6190476190407636,1,559,1.056699,33.537162530245794,3.8257,-0.05865,0.017163949,-9.509090909087376e-05,-3.972999999997395e-06,0.000571052,0.982723505406984,3.046100262631046e-09,0,0,1,0,0,1,0
216,0.1185879757301787,0,215,0.65956,34.03493465930351,3.7824,-0.0802,0.119109,-0.0095299818181818,0.000322,0.065507,0.5036866201082121,3.144446448073661e-09,1,0,0,0,1,0,0
775,0.9404617253834696,2,774,0.94333,37.67025335089528,3.8257,-0.05865,0.015837591,-0.0009562909090908,4.507000000000816e-06,6.610500000000033e-05,0.902575986482362,3.953556672765271e-09,0,0,1,0,0,1,0
108,0.2114624505887062,0,107,1.07058,32.30785553382845,3.8257,-0.05865,0.017502619,-7.142424242420758e-05,1.795400000000058e-05,-0.000374775,1.0066875543034677,2.8149504176192848e-09,0,0,1,0,0,1,0
851,0.4999999999970588,1,850,1.083433,34.03493465930351,3.8236,-0.0442,0.10141,-0.0023848484848484,0.000989,0.04662,0.8510309225714271,3.144446448073661e-09,1,0,0,0,1,0,0
271,0.43247588423742,1,269,1.074842,34.06215323562665,3.8257,-0.05865,0.017161408,-0.0001328181818181,3.029699999999857e-05,0.0004178089999999,0.9935892517589116,3.1499053839764893e-09,0,0,1,0,0,1,0
993,0.7841897233139591,2,992,1.004527,39.096185448932864,3.8257,-0.05865,0.014895921,-0.0002568787878787,-4.0705000000000255e-05,-1.819800000000052e-05,0.9476669811320754,4.3187884859575454e-09,0,0,1,0,0,1,0
384,0.4705159705101902,1,383,1.049465,35.578783289774506,3.8257,-0.05865,0.014895572,-2.9309090909082183e-05,1.1170000000001318e-06,-0.00036285,0.9861502118014968,3.467864497908156e-09,0,0,1,0,0,1,0
462,0.8217468805557621,2,461,0.966917,33.14687799304598,3.8257,-0.05865,0.018952191,-0.0010319636363636,0.000157364,0.00110949,0.9024841445031944,2.970932273565463e-09,0,0,1,0,0,1,0
116,0.1356132075455706,0,115,1.062282,35.70493343449293,3.8257,-0.05865,0.014913218,-1.505454545449758e-05,-7.337999999999095e-06,-0.0002012349999999,1.0028538818173836,3.4955662377555943e-09,0,0,1,0,0,1,0
51,0.0506585612963459,0,50,1.06513,35.7176348647775,3.8257,-0.05865,0.015608577,-2.29575757575761e-05,-2.7940000000004077e-06,-0.0001893229999999,1.004763791411969,3.4983663606428253e-09,0,0,1,0,0,1,0
234,0.4794238683028925,1,233,1.044808,29.624828578023987,3.8257,-0.05865,0.01718168,-0.0002186848484848,-5.435499999999899e-05,-0.0005678469999999,0.9818802750521808,2.364289093641376e-09,0,0,1,0,0,1,0
59,0.073979591835791,0,58,1.054878,33.83078402718352,3.8257,-0.05865,0.018280275,9.39999999997414e-06,1.1299999999950241e-07,-0.000272019,1.005419408459081,3.103772184673473e-09,0,0,1,0,0,1,0
843,0.6876533115234044,2,841,1.051384,30.091688338108963,3.8257,-0.05865,0.016809836,-3.613333333327381e-05,4.742000000002022e-06,0.000440132,0.9737534534320378,2.437705922396798e-09,0,0,1,0,0,1,0
153,0.1314878892722189,0,152,1.059711,36.448967994987406,3.8257,-0.05865,0.015319556,-1.4945454545433162e-05,4.65000000000014e-06,-0.000149154,0.9995095408453444,3.6630287499992836e-09,0,0,1,0,0,1,0
542,0.5520408163208975,1,541,0.992042,32.16576280067195,3.8257,-0.05865,0.017215798,-0.0001514363636363,-0.0004132669999999,-1.9649000000000052e-05,0.9682785088361432,2.789275213498253e-09,0,0,1,0,0,1,0
956,0.5267512410340499,1,955,1.089158,34.03493465930351,3.8206,-0.0442,0.097358,-0.0005876606060606,-7.999999999994123e-06,0.043756,0.8317580080414521,3.144446448073661e-09,1,0,0,0,1,0,0
662,0.6564051638465104,1,661,1.039161,33.632286349196605,3.8257,-0.05865,0.015263802,-0.0001041636363636,1.9221999999999292e-05,-0.00017104,0.9742989931303344,3.0646778179458037e-09,0,0,1,0,0,1,0
581,0.971476510050814,2,579,0.900802,34.73544886395942,3.8257,-0.05865,0.019174265,-0.0011794727272727,-8.114799999999964e-05,0.002488561,0.8310318869031584,3.287678606568318e-09,0,0,1,0,0,1,0
1883,0.8416815742359496,2,1882,1.007182,35.790958256367496,3.8257,-0.05865,0.015870541,-8.763030303027234e-05,-9.016400000000022e-05,0.0002725369999999,0.9399212363283436,3.514570418783592e-09,0,0,1,0,0,1,0
807,0.6138613861339387,1,806,1.032451,36.7203574578512,3.8257,-0.05865,0.015700502,-6.944242424243795e-05,8.15100000000138e-06,0.000131829,0.9691572765810452,3.725879903887886e-09,0,0,1,0,0,1,0
142,0.3126385809243317,0,141,1.071325,33.94623564348416,3.8257,-0.05865,0.017766815,-9.278787878785228e-05,-0.000161627,-0.000164313,1.0060920064836154,3.126715936221534e-09,0,0,1,0,0,1,0
63,0.0686936936929201,0,61,1.08311,32.839688874656915,3.8257,-0.05865,0.016610568,-3.261212121206229e-05,-5.4519999999995405e-06,-0.000122426,1.003526346608555,2.912944562561717e-09,0,0,1,0,0,1,0
40,0.0419354838705168,0,39,1.076785,33.158047961598434,3.8257,-0.05865,0.016032306,-1.8254545454561423e-05,-1.7091999999999802e-05,-0.0001496469999999,1.0033703949428237,2.973060212663938e-09,0,0,1,0,0,1,0
701,0.4268292682900803,1,700,1.047753,34.431872450449255,3.8257,-0.05865,0.016108975,-5.185454545450152e-05,-3.849999999999687e-06,-0.0003205009999999,0.9831474327515944,3.224903440429709e-09,0,0,1,0,0,1,0
649,0.7474048442820368,2,648,0.088279,34.03493465930351,3.8817,-0.0675,0.1364,-0.0018557272727272,0.0005089999999999,0.089588,0.0813686082105063,3.144446448073661e-09,1,0,0,1,0,0,0
253,0.2686567164150463,0,252,1.069163,34.39604526887106,3.8257,-0.05865,0.015547539,-3.257575757572154e-05,3.360000000000863e-07,-0.0001968529999999,1.0004922157851543,3.217566348628506e-09,0,0,1,0,0,1,0
990,0.7532368621420166,2,989,1.016202,36.1227098482723,3.8257,-0.05865,0.0159145,-0.0001320969696969,3.7890000000005697e-06,0.000345827,0.9539044107431842,3.588730526161082e-09,0,0,1,0,0,1,0
941,0.4798366513502816,1,940,0.87812,34.03493465930351,3.8284,-0.0865,0.085565,-0.0007604909090908,0.001514,0.049409,0.7087660277882257,3.144446448073661e-09,1,0,0,0,1,0,0
578,0.4709730171670403,1,576,1.065821,29.795054676851823,3.8257,-0.05865,0.016669754,-0.0001043757575757,2.914099999999989e-05,0.0003000499999999,0.9871244754441648,2.3908246932792436e-09,0,0,1,0,0,1,0
197,0.278969957077554,0,195,1.078767,34.11738954643817,3.8257,-0.05865,0.017023802,-3.089696969697325e-05,4.2260000000002296e-05,0.000255902,0.998975805488238,3.161009696553281e-09,0,0,1,0,0,1,0
418,0.5415584415514083,1,417,1.007779,37.17000316114588,3.8257,-0.05865,0.014561033,-0.0001493575757575,1.933299999999985e-05,0.0006230639999999,0.9437202154925792,3.832144923487454e-09,0,0,1,0,0,1,0
164,0.13246116107823,0,162,1.082866,29.66739921666669,3.8257,-0.05865,0.016460588,-1.6484848484804003e-05,-1.919499999999963e-05,9.088400000000288e-05,1.002910931785282,2.370900237815204e-09,0,0,1,0,0,1,0
911,0.5019305019277335,1,910,1.066418,34.03493465930351,3.8206,-0.0458,0.097774,-0.0008223393939393,-7.200000000000262e-05,0.044172,0.8143921372468909,3.144446448073661e-09,1,0,0,0,1,0,0
208,0.1217647058816366,0,207,1.239533,34.03493465930351,3.8225,-0.0387,0.099275,-0.0009004242424242,-0.0006459999999999,0.044485,0.9736466514751984,3.144446448073661e-09,1,0,0,0,1,0,0
425,0.8814968814785551,2,424,0.903598,32.05637367612296,3.8257,-0.05865,0.017748537,-0.0004533515151514,2.906000000000089e-05,0.000470432,0.8968812562717806,2.7696528840671886e-09,0,0,1,0,0,1,0
41,0.0566860465108039,0,39,1.069482,31.580949232810603,3.8257,-0.05865,0.019886132,-4.325454545452911e-05,0.0,0.0,1.0031064464391233,2.685803815300236e-09,0,0,1,0,0,1,0
316,0.5913370998005398,1,314,1.001653,32.61086616954305,3.8257,-0.05865,0.015915439,-0.0002920787878787,-4.0190000000009385e-06,0.0001747019999999,0.9338289997482822,2.870412874808627e-09,0,0,1,0,0,1,0
426,0.4013220018847845,1,425,1.016159,32.084712794625666,3.8257,-0.05865,0.016807826,-3.539393939369239e-06,-0.0006660169999999,-0.0002327359999999,0.9869923879438706,2.7747244428365393e-09,0,0,1,0,0,1,0
173,0.3075539568290008,0,171,1.064276,33.0290433202301,3.8257,-0.05865,0.015197781,-0.0001857696969696,3.6259999999996295e-06,-0.000150993,0.9832203015597184,2.948567320787834e-09,0,0,1,0,0,1,0
1752,0.9547437295476842,2,1751,0.917646,32.158143140997474,3.8257,-0.05865,0.016287269,-0.0004435878787878,-1.5522999999999926e-05,0.000722092,0.86045257761829,2.787904355193498e-09,0,0,1,0,0,1,0
331,0.6066176470476725,1,330,0.977552,32.34658432943606,3.8257,-0.05865,0.017182553,-0.0003295999999999,0.000110017,0.0001458039999999,0.9177340918905724,2.821985175745494e-09,0,0,1,0,0,1,0
27,0.3209876542813595,0,26,1.0793315779206871,11.32244979928203,3.415794800601349,-1.6100189784192442,0.016776592,0.0031983463944433,1.2765000000003121e-06,3.811000000000092e-05,1.3508533891709575,6.587217762351787e-10,0,1,0,0,0,0,1
748,0.6354344122603456,1,746,1.064075,31.75214807906552,3.8257,-0.05865,0.017088871,-0.0001905939393938,3.134399999999912e-05,0.0002208909999999,0.9853257920479442,2.7157310447145152e-09,0,0,1,0,0,1,0
433,0.2489913544654237,0,432,1.088902,34.03493465930351,3.8268,-0.0778,0.083867,-9.153333333329449e-05,0.0010329999999999,0.047677,0.8608723975833319,3.144446448073661e-09,1,0,0,0,1,0,0
95,0.0573170731703822,0,94,1.069136,33.62226571986746,3.8257,-0.05865,0.015895242,-3.371515151516237e-05,-1.7460000000000392e-05,-0.0005342339999999,1.003211934169894,3.0627160194691515e-09,0,0,1,0,0,1,0
1432,0.7267648552527843,2,1431,0.753093,34.03493465930351,3.8071,-0.1066,0.090139,-0.0001556606060606,-0.000716,0.052561,0.6147728070504835,3.144446448073661e-09,1,0,0,0,1,0,0
287,0.2645698427357579,0,286,0.953401,34.03493465930351,3.8641,-0.0176,0.0948,-0.000225703030303,0.0004809999999999,0.062885,0.9439520400788112,3.144446448073661e-09,1,0,0,1,0,0,0
158,0.1459107806677889,0,157,1.061925,32.71488958695087,3.8257,-0.05865,0.015407607,-6.230303030301711e-05,-8.371000000000073e-06,-0.0001306689999999,1.0009897490279251,2.8896782429743516e-09,0,0,1,0,0,1,0
347,0.5788590603929722,1,345,1.066266,37.12390031273773,3.8257,-0.05865,0.016526997,-6.043030303030265e-05,-6.204499999999669e-05,-0.0001587069999999,0.9836801493787573,3.821125737749761e-09,0,0,1,0,0,1,0
673,0.6480231436774541,1,672,1.046979,34.25031434978414,3.8257,-0.05865,0.01604943,-9.347272727272452e-05,8.239999999999637e-07,0.0001120179999999,0.9799797448070328,3.1878761389821916e-09,0,0,1,0,0,1,0
263,0.402777777771562,1,261,1.059109,33.77377997267757,3.8257,-0.05865,0.01642373,-6.167878787875477e-05,9.402000000002105e-06,0.000312278,0.99145322348276,3.092499587575705e-09,0,0,1,0,0,1,0
90,0.185803757824931,0,89,1.086633,32.35813953350086,3.8257,-0.05865,0.018153148,2.418181818163813e-06,-4.456699999999883e-05,-2.5709999999998238e-05,1.0114065999117627,2.824087137839185e-09,0,0,1,0,0,1,0
287,0.6383928571286073,1,286,1.057486,33.04787302435431,3.8257,-0.05865,0.018395524,-0.0002981515151514,4.784700000000017e-05,0.0004692519999999,0.9898588437921222,2.952131004992262e-09,0,0,1,0,0,1,0
664,0.3367191467733026,1,663,0.994866,34.03493465930351,3.8317,-0.0728,0.082232,-0.0003202969696969,0.00193,0.044654,0.8121394880301456,3.144446448073661e-09,1,0,0,0,1,0,0
615,0.6580921757700098,1,614,1.044844,33.73351658799698,3.8257,-0.05865,0.015578712,-9.92000000000346e-05,-4.800000000000984e-06,-0.00018228,0.978798586572438,3.084559638905296e-09,0,0,1,0,0,1,0
593,0.8118131868020355,2,591,1.008488,33.73165939309683,3.8257,-0.05865,0.017363163,-0.0006581878787878,-4.972999999998395e-06,0.001123701,0.935659102443134,3.084193841694626e-09,0,0,1,0,0,1,0
597,0.8175582990285657,2,596,1.017837,35.927717587066226,3.8257,-0.05865,0.016202223,-0.0003428,2.362000000002279e-06,0.000192978,0.953479962941348,3.5449735090796012e-09,0,0,1,0,0,1,0
206,0.3101361573326757,0,205,0.989148,31.446048659137585,3.8257,-0.05865,0.01784865,-0.0002077757575757,0.000424584,0.000749189,0.9679262176774226,2.662431019816064e-09,0,0,1,0,0,1,0
179,0.3296296296235254,0,178,1.068927,33.59577396820083,3.8257,-0.05865,0.017022718,-0.000223103030303,-0.000169363,-0.000286337,1.0006655957222137,3.057535001327313e-09,0,0,1,0,0,1,0
1126,0.5742725880521987,1,1125,0.832238,34.03493465930351,3.8225,-0.0987,0.086174,-0.001966206060606,0.002513,0.050018,0.6717328171940252,3.144446448073661e-09,1,0,0,0,1,0,0
459,0.8219424460283823,2,457,0.986753,35.7707988467996,3.8257,-0.05865,0.016165642,-0.0005417818181818,-2.553999999998363e-06,0.000816868,0.911601485164522,3.510108603521158e-09,0,0,1,0,0,1,0
197,0.1699913269716393,0,196,1.067235,35.757685980992555,3.8257,-0.05865,0.015506405,-4.946060606064612e-05,1.056099999999921e-05,-9.832100000000016e-05,0.9968326941434262,3.507209105232104e-09,0,0,1,0,0,1,0
142,0.2513368983912417,0,141,1.066372,32.2190324040561,3.8257,-0.05865,0.017238695,-0.0001178121212121,0.0001998499999999,-0.000604006,0.9953117197672192,2.798875914571912e-09,0,0,1,0,0,1,0
39,0.0698529411751865,0,38,1.068659,32.48193092812699,3.8257,-0.05865,0.015723167,-0.0001726484848485,-4.856500000000041e-05,-0.001313582,1.0032661146472897,2.846693959894419e-09,0,0,1,0,0,1,0
795,0.9052511415421776,2,793,1.013709,32.764906609874174,3.8257,-0.05865,0.017729778,-0.0005817151515151,4.9453000000001385e-05,0.000922557,0.9300295878345834,2.898982791508619e-09,0,0,1,0,0,1,0
658,0.7818831942695842,2,656,1.023819,34.91666593141159,3.8257,-0.05865,0.016992398,-0.0004061454545454,1.634699999999989e-05,0.0008177969999999,0.9488186787217598,3.325672343046241e-09,0,0,1,0,0,1,0
223,0.3731092436912082,1,222,1.045516,34.591170615445144,3.8257,-0.05865,0.017670296,-0.0002246787878787,1.995299999999964e-05,-0.000716608,0.9816102292454344,3.2577084932067638e-09,0,0,1,0,0,1,0
79,0.1041948579146928,0,77,1.079964,32.617535857933504,3.8257,-0.05865,0.016913623,-1.526666666666364e-05,-2.7970000000022976e-06,-6.887700000000191e-05,1.0031088121402505,2.8716446452869503e-09,0,0,1,0,0,1,0
