model,source,rmse,mae,r2,mape
XGBoost_v2,nasa,2.1633522503722933,0.7000320125530903,0.9897740272427348,2.902307815832538
XGBoost_v2,stanford,0.10552494715512611,0.0678675318349685,0.9994497731777995,0.07216150904987385
XGBoost_v2,calce,0.5656447198629447,0.33046191125590907,0.9991141906770129,0.6270321509841097
