model,source,rmse,mae,r2
XGBoost,nasa,0.3219980404129883,0.13943356949782254,0.9997734538899683
XGBoost,stanford,0.031279727173053086,0.01718392390491705,0.9999516543522403
XGBoost,calce,0.24172428575422875,0.14021054872030972,0.9998382317291827
