model,split,rmse,mae,r2,mape
XGBoost_v2_no_lags,train,0.20775705239245681,0.10426593868266197,0.9996591049059954,0.1504466809350578
XGBoost_v2_no_lags,val,0.45939051610837234,0.13121371722811506,0.9983906280397558,0.24073189073526638
XGBoost_v2_no_lags,test,0.6113617336333654,0.13153848618765157,0.9969983743385881,0.30370313134218757
