model,split,rmse,mae,r2
XGBoost,train,0.06927703406605022,0.03166371415569484,0.9999620957617362
XGBoost,val,0.1565024994453558,0.04625712768673798,0.9998132180367508
XGBoost,test,0.1459248814171951,0.043549303022111074,0.9998289910958579
